algorithm,kHops,p2pRqsRadius,taxiCount,clientCount,taxiSeatCount,p2pStrategy,p2pOverlayMinNeighbors,p2pOverlayMaxNeighbors,p2pOverlayShortcuts,spawnScenario,metric,runs,avgOfAvg,stdDevOfAvg,minAvg,maxAvg,avgSpread,minSpread,maxSpread
TaxiAlgorithmP2PCollector,0,1000,5,25,1,nearest,1,4,1,BASELINE,Taxi Travel Distance [km],10,38.424,14.904506164244426,25.1,75.4,69.394,33.45,103.32
TaxiAlgorithmP2PCollector,0,1000,5,25,1,nearest,1,4,1,BASELINE,Client Waiting Time [min],10,46.075,79.37047602855864,6.88,278.23,45.062,0.0,263.77
TaxiAlgorithmP2PCollector,0,1000,5,25,1,nearest,1,4,1,BASELINE,Client Travel Time [min],10,8011.9839999999995,902.0001880620647,6328.44,9188.24,15707.3,11944.0,18701.0
TaxiAlgorithmP2PCollector,0,1000,5,25,1,nearest,1,4,1,BASELINE,Calculation Time [millis],10,0.043,0.012688577540449518,0.03,0.08,27.1,10.0,39.0
TaxiAlgorithmP2PCollector,0,1000,5,25,1,nearest,1,4,1,BASELINE,Custom Time [micros],10,0.0,0.0,0.0,0.0,0.0,0.0,0.0
TaxiAlgorithmP2PCollector,0,1000,10,25,1,nearest,1,4,1,BASELINE,Taxi Travel Distance [km],10,41.658,14.60719808861371,16.58,63.86,126.981,45.22,193.7
TaxiAlgorithmP2PCollector,0,1000,10,25,1,nearest,1,4,1,BASELINE,Client Waiting Time [min],10,26.678000000000004,12.369043455336389,9.53,53.32,101.792,24.17,234.07
TaxiAlgorithmP2PCollector,0,1000,10,25,1,nearest,1,4,1,BASELINE,Client Travel Time [min],10,5899.223999999999,1804.1401402950935,3304.88,8357.8,15332.0,12982.0,17756.0
TaxiAlgorithmP2PCollector,0,1000,10,25,1,nearest,1,4,1,BASELINE,Calculation Time [millis],10,0.10400000000000001,0.004898979485566354,0.1,0.11,44.2,22.0,64.0
TaxiAlgorithmP2PCollector,0,1000,10,25,1,nearest,1,4,1,BASELINE,Custom Time [micros],10,0.0,0.0,0.0,0.0,0.0,0.0,0.0
TaxiAlgorithmP2PCollector,0,1000,10,50,1,nearest,1,4,1,BASELINE,Taxi Travel Distance [km],10,114.309,28.942189775481747,76.31,186.08,355.454,211.15,626.44
TaxiAlgorithmP2PCollector,0,1000,10,50,1,nearest,1,4,1,BASELINE,Client Waiting Time [min],10,60.872,16.769569344500173,37.29,87.33,218.517,122.23,387.25
TaxiAlgorithmP2PCollector,0,1000,10,50,1,nearest,1,4,1,BASELINE,Client Travel Time [min],10,13284.467999999999,1250.7921753896608,11262.88,15064.08,35283.3,29290.0,38343.0
TaxiAlgorithmP2PCollector,0,1000,10,50,1,nearest,1,4,1,BASELINE,Calculation Time [millis],10,0.11000000000000001,1.3877787807814457E-17,0.11,0.11,98.3,78.0,122.0
TaxiAlgorithmP2PCollector,0,1000,10,50,1,nearest,1,4,1,BASELINE,Custom Time [micros],10,0.0,0.0,0.0,0.0,0.0,0.0,0.0
TaxiAlgorithmP2PCollector,0,1000,20,50,1,nearest,1,4,1,BASELINE,Taxi Travel Distance [km],10,118.31299999999999,17.096850616414706,89.33,144.18,404.801,249.82,654.16
TaxiAlgorithmP2PCollector,0,1000,20,50,1,nearest,1,4,1,BASELINE,Client Waiting Time [min],10,66.788,22.888389108890994,31.98,106.04,356.581,101.86999999999999,511.9
TaxiAlgorithmP2PCollector,0,1000,20,50,1,nearest,1,4,1,BASELINE,Client Travel Time [min],10,8995.569999999998,1442.2909289113622,7235.18,12090.62,34090.5,29491.0,38557.0
TaxiAlgorithmP2PCollector,0,1000,20,50,1,nearest,1,4,1,BASELINE,Calculation Time [millis],10,0.42800000000000005,0.007483314773547889,0.42,0.44,177.4,154.0,193.0
TaxiAlgorithmP2PCollector,0,1000,20,50,1,nearest,1,4,1,BASELINE,Custom Time [micros],10,0.0,0.0,0.0,0.0,0.0,0.0,0.0
TaxiAlgorithmP2PCollector,0,1000,20,100,1,nearest,1,4,1,BASELINE,Taxi Travel Distance [km],10,314.006,61.89006288573312,223.55,437.62,995.972,559.3199999999999,1435.86
TaxiAlgorithmP2PCollector,0,1000,20,100,1,nearest,1,4,1,BASELINE,Client Waiting Time [min],10,152.555,27.600870729018677,96.87,183.3,643.0220000000002,291.61,1136.17
TaxiAlgorithmP2PCollector,0,1000,20,100,1,nearest,1,4,1,BASELINE,Client Travel Time [min],10,22493.04,2594.707064822539,18390.97,26697.42,72540.6,61487.0,77765.0
TaxiAlgorithmP2PCollector,0,1000,20,100,1,nearest,1,4,1,BASELINE,Calculation Time [millis],10,0.45600000000000007,0.004898979485566361,0.45,0.46,185.6,174.0,202.0
TaxiAlgorithmP2PCollector,0,1000,20,100,1,nearest,1,4,1,BASELINE,Custom Time [micros],10,0.0,0.0,0.0,0.0,0.0,0.0,0.0
TaxiAlgorithmP2PCollector,0,5000,5,25,1,nearest,1,4,1,BASELINE,Taxi Travel Distance [km],10,86.76700000000001,14.778972934544537,68.81,116.91,120.042,73.53,197.5
TaxiAlgorithmP2PCollector,0,5000,5,25,1,nearest,1,4,1,BASELINE,Client Waiting Time [min],10,21.737000000000002,9.897467403331017,10.07,41.13,94.72400000000002,32.260000000000005,206.28
TaxiAlgorithmP2PCollector,0,5000,5,25,1,nearest,1,4,1,BASELINE,Client Travel Time [min],10,2270.048,951.4465550602409,1065.48,4184.04,8244.5,2426.0,17674.0
TaxiAlgorithmP2PCollector,0,5000,5,25,1,nearest,1,4,1,BASELINE,Calculation Time [millis],10,0.029000000000000005,0.005385164807134504,0.02,0.04,11.9,0.0,56.0
TaxiAlgorithmP2PCollector,0,5000,5,25,1,nearest,1,4,1,BASELINE,Custom Time [micros],10,0.0,0.0,0.0,0.0,0.0,0.0,0.0
TaxiAlgorithmP2PCollector,0,5000,10,25,1,nearest,1,4,1,BASELINE,Taxi Travel Distance [km],10,70.23499999999999,6.515239443028937,61.42,80.76,84.765,22.9,105.9
TaxiAlgorithmP2PCollector,0,5000,10,25,1,nearest,1,4,1,BASELINE,Client Waiting Time [min],10,6.151999999999999,1.4195548598064114,4.33,9.05,31.49,9.8,68.45
TaxiAlgorithmP2PCollector,0,5000,10,25,1,nearest,1,4,1,BASELINE,Client Travel Time [min],10,834.1960000000001,87.64636845871026,722.36,997.32,2352.3,1047.0,4472.0
TaxiAlgorithmP2PCollector,0,5000,10,25,1,nearest,1,4,1,BASELINE,Calculation Time [millis],10,0.06300000000000001,0.013453624047073712,0.04,0.08,6.3,0.0,33.0
TaxiAlgorithmP2PCollector,0,5000,10,25,1,nearest,1,4,1,BASELINE,Custom Time [micros],10,0.0,0.0,0.0,0.0,0.0,0.0,0.0
TaxiAlgorithmP2PCollector,0,5000,10,50,1,nearest,1,4,1,BASELINE,Taxi Travel Distance [km],10,177.39,30.309852853486444,141.31,238.81,347.616,226.79,476.56
TaxiAlgorithmP2PCollector,0,5000,10,50,1,nearest,1,4,1,BASELINE,Client Waiting Time [min],10,46.411,12.928383851046505,28.55,65.46,263.122,121.88,480.18
TaxiAlgorithmP2PCollector,0,5000,10,50,1,nearest,1,4,1,BASELINE,Client Travel Time [min],10,4695.858000000001,1172.6254962075488,3035.64,6718.94,25379.5,7489.0,34816.0
TaxiAlgorithmP2PCollector,0,5000,10,50,1,nearest,1,4,1,BASELINE,Calculation Time [millis],10,0.10400000000000001,0.004898979485566354,0.1,0.11,69.3,38.0,106.0
TaxiAlgorithmP2PCollector,0,5000,10,50,1,nearest,1,4,1,BASELINE,Custom Time [micros],10,0.0,0.0,0.0,0.0,0.0,0.0,0.0
TaxiAlgorithmP2PCollector,0,5000,20,50,1,nearest,1,4,1,BASELINE,Taxi Travel Distance [km],10,117.38699999999999,14.608216215541175,98.47,148.55,184.64000000000001,137.87,247.61
TaxiAlgorithmP2PCollector,0,5000,20,50,1,nearest,1,4,1,BASELINE,Client Waiting Time [min],10,19.586,5.531591452737629,12.32,27.49,101.24800000000002,42.89,145.2
TaxiAlgorithmP2PCollector,0,5000,20,50,1,nearest,1,4,1,BASELINE,Client Travel Time [min],10,2076.7160000000003,317.3538329120983,1555.72,2512.88,6803.1,3077.0,9392.0
TaxiAlgorithmP2PCollector,0,5000,20,50,1,nearest,1,4,1,BASELINE,Calculation Time [millis],10,0.34299999999999997,0.0268514431641951,0.3,0.38,66.1,29.0,78.0
TaxiAlgorithmP2PCollector,0,5000,20,50,1,nearest,1,4,1,BASELINE,Custom Time [micros],10,0.0,0.0,0.0,0.0,0.0,0.0,0.0
TaxiAlgorithmP2PCollector,0,5000,20,100,1,nearest,1,4,1,BASELINE,Taxi Travel Distance [km],10,428.8499999999999,37.3852294362359,376.33,509.59,1067.749,777.78,1544.98
TaxiAlgorithmP2PCollector,0,5000,20,100,1,nearest,1,4,1,BASELINE,Client Waiting Time [min],10,114.05999999999999,14.07138728057756,94.84,142.16,626.2090000000001,362.07,1132.35
TaxiAlgorithmP2PCollector,0,5000,20,100,1,nearest,1,4,1,BASELINE,Client Travel Time [min],10,9543.251999999999,1354.2730454291707,7863.33,12682.79,49961.0,35501.0,72103.0
TaxiAlgorithmP2PCollector,0,5000,20,100,1,nearest,1,4,1,BASELINE,Calculation Time [millis],10,0.434,0.006633249580710805,0.42,0.44,184.6,169.0,205.0
TaxiAlgorithmP2PCollector,0,5000,20,100,1,nearest,1,4,1,BASELINE,Custom Time [micros],10,0.0,0.0,0.0,0.0,0.0,0.0,0.0
TaxiAlgorithmP2PCollector,0,10000,5,25,1,nearest,1,4,1,BASELINE,Taxi Travel Distance [km],10,99.5,7.107463682636726,86.44,115.0,48.136,9.680000000000007,94.61999999999999
TaxiAlgorithmP2PCollector,0,10000,5,25,1,nearest,1,4,1,BASELINE,Client Waiting Time [min],10,10.568999999999999,2.218776464630901,5.56,13.28,40.97,11.99,55.730000000000004
TaxiAlgorithmP2PCollector,0,10000,5,25,1,nearest,1,4,1,BASELINE,Client Travel Time [min],10,1085.2359999999999,156.54077393446093,734.92,1277.16,2654.5,1058.0,3580.0
TaxiAlgorithmP2PCollector,0,10000,5,25,1,nearest,1,4,1,BASELINE,Calculation Time [millis],10,0.023,0.0078102496759066544,0.01,0.04,4.0,0.0,40.0
TaxiAlgorithmP2PCollector,0,10000,5,25,1,nearest,1,4,1,BASELINE,Custom Time [micros],10,0.0,0.0,0.0,0.0,0.0,0.0,0.0
TaxiAlgorithmP2PCollector,0,10000,10,25,1,nearest,1,4,1,BASELINE,Taxi Travel Distance [km],10,57.376,10.656364483256006,36.98,70.8,51.82899999999999,33.37,72.36999999999999
TaxiAlgorithmP2PCollector,0,10000,10,25,1,nearest,1,4,1,BASELINE,Client Waiting Time [min],10,4.347999999999999,0.9455241932388617,2.4,5.48,11.768,5.24,20.150000000000002
TaxiAlgorithmP2PCollector,0,10000,10,25,1,nearest,1,4,1,BASELINE,Client Travel Time [min],10,725.252,89.953926073296,531.76,869.84,1102.7,786.0,1346.0
TaxiAlgorithmP2PCollector,0,10000,10,25,1,nearest,1,4,1,BASELINE,Calculation Time [millis],10,0.025,0.009219544457292887,0.01,0.04,2.4,0.0,24.0
TaxiAlgorithmP2PCollector,0,10000,10,25,1,nearest,1,4,1,BASELINE,Custom Time [micros],10,0.0,0.0,0.0,0.0,0.0,0.0,0.0
TaxiAlgorithmP2PCollector,0,10000,10,50,1,nearest,1,4,1,BASELINE,Taxi Travel Distance [km],10,171.874,17.939400881857786,148.1,199.39,158.794,21.310000000000002,300.46
TaxiAlgorithmP2PCollector,0,10000,10,50,1,nearest,1,4,1,BASELINE,Client Waiting Time [min],10,30.310000000000002,8.935818932811921,20.66,50.87,145.794,94.89,292.04
TaxiAlgorithmP2PCollector,0,10000,10,50,1,nearest,1,4,1,BASELINE,Client Travel Time [min],10,2683.9139999999998,510.3673021697217,2196.9,3827.96,8879.1,5490.0,17462.0
TaxiAlgorithmP2PCollector,0,10000,10,50,1,nearest,1,4,1,BASELINE,Calculation Time [millis],10,0.088,0.005999999999999999,0.08,0.1,25.9,0.0,46.0
TaxiAlgorithmP2PCollector,0,10000,10,50,1,nearest,1,4,1,BASELINE,Custom Time [micros],10,0.0,0.0,0.0,0.0,0.0,0.0,0.0
TaxiAlgorithmP2PCollector,0,10000,20,50,1,nearest,1,4,1,BASELINE,Taxi Travel Distance [km],10,108.518,11.68719966459032,93.38,133.43,116.103,58.03999999999999,154.96
TaxiAlgorithmP2PCollector,0,10000,20,50,1,nearest,1,4,1,BASELINE,Client Waiting Time [min],10,9.952000000000002,2.619583172949467,4.86,15.04,54.984,16.43,91.81
TaxiAlgorithmP2PCollector,0,10000,20,50,1,nearest,1,4,1,BASELINE,Client Travel Time [min],10,1496.7160000000001,167.19877745964533,1133.58,1786.7,3674.7,2090.0,5307.0
TaxiAlgorithmP2PCollector,0,10000,20,50,1,nearest,1,4,1,BASELINE,Calculation Time [millis],10,0.266,0.049030602688525056,0.15,0.32,41.5,1.0,65.0
TaxiAlgorithmP2PCollector,0,10000,20,50,1,nearest,1,4,1,BASELINE,Custom Time [micros],10,0.0,0.0,0.0,0.0,0.0,0.0,0.0
TaxiAlgorithmP2PCollector,0,10000,20,100,1,nearest,1,4,1,BASELINE,Taxi Travel Distance [km],10,354.355,44.79806854095386,282.1,436.38,470.151,196.44,1141.93
TaxiAlgorithmP2PCollector,0,10000,20,100,1,nearest,1,4,1,BASELINE,Client Waiting Time [min],10,73.63600000000001,14.85104858250757,61.1,107.69,380.71099999999996,209.67,815.99
TaxiAlgorithmP2PCollector,0,10000,20,100,1,nearest,1,4,1,BASELINE,Client Travel Time [min],10,6209.991,1011.5943250774988,5376.65,8682.77,23442.8,12908.0,48245.0
TaxiAlgorithmP2PCollector,0,10000,20,100,1,nearest,1,4,1,BASELINE,Calculation Time [millis],10,0.377,0.03001666203960727,0.33,0.43,146.1,101.0,193.0
TaxiAlgorithmP2PCollector,0,10000,20,100,1,nearest,1,4,1,BASELINE,Custom Time [micros],10,0.0,0.0,0.0,0.0,0.0,0.0,0.0
TaxiAlgorithmP2PCollector,0,20000,5,25,1,nearest,1,4,1,BASELINE,Taxi Travel Distance [km],10,94.24,9.01465140756979,84.25,116.55,55.629,12.670000000000002,81.72999999999999
TaxiAlgorithmP2PCollector,0,20000,5,25,1,nearest,1,4,1,BASELINE,Client Waiting Time [min],10,10.032,2.221728156188331,5.6,13.59,36.138999999999996,19.77,57.67
TaxiAlgorithmP2PCollector,0,20000,5,25,1,nearest,1,4,1,BASELINE,Client Travel Time [min],10,1053.32,159.61331072313487,736.68,1276.36,2411.6,1788.0,3495.0
TaxiAlgorithmP2PCollector,0,20000,5,25,1,nearest,1,4,1,BASELINE,Calculation Time [millis],10,0.027000000000000003,0.009,0.01,0.04,5.0,0.0,50.0
TaxiAlgorithmP2PCollector,0,20000,5,25,1,nearest,1,4,1,BASELINE,Custom Time [micros],10,0.0,0.0,0.0,0.0,0.0,0.0,0.0
TaxiAlgorithmP2PCollector,0,20000,10,25,1,nearest,1,4,1,BASELINE,Taxi Travel Distance [km],10,58.975,9.48715895302698,45.49,75.61,68.69899999999998,42.99000000000001,93.04
TaxiAlgorithmP2PCollector,0,20000,10,25,1,nearest,1,4,1,BASELINE,Client Waiting Time [min],10,5.282000000000001,1.3241586007725812,3.47,8.31,18.054,7.3,29.490000000000002
TaxiAlgorithmP2PCollector,0,20000,10,25,1,nearest,1,4,1,BASELINE,Client Travel Time [min],10,778.9440000000001,102.50118157367747,598.96,941.64,1427.4,988.0,1927.0
TaxiAlgorithmP2PCollector,0,20000,10,25,1,nearest,1,4,1,BASELINE,Calculation Time [millis],10,0.043,0.01734935157289747,0.01,0.07,6.1,0.0,32.0
TaxiAlgorithmP2PCollector,0,20000,10,25,1,nearest,1,4,1,BASELINE,Custom Time [micros],10,0.0,0.0,0.0,0.0,0.0,0.0,0.0
TaxiAlgorithmP2PCollector,0,20000,10,50,1,nearest,1,4,1,BASELINE,Taxi Travel Distance [km],10,162.496,8.978001113833747,149.29,180.91,93.22399999999999,35.81,183.14
TaxiAlgorithmP2PCollector,0,20000,10,50,1,nearest,1,4,1,BASELINE,Client Waiting Time [min],10,26.412,3.6721486898000193,21.01,31.81,102.679,70.60000000000001,137.07
TaxiAlgorithmP2PCollector,0,20000,10,50,1,nearest,1,4,1,BASELINE,Client Travel Time [min],10,2443.7599999999998,242.27627089750243,2057.88,2791.12,6298.5,4164.0,8327.0
TaxiAlgorithmP2PCollector,0,20000,10,50,1,nearest,1,4,1,BASELINE,Calculation Time [millis],10,0.09,0.007745966692414835,0.08,0.11,19.3,0.0,58.0
TaxiAlgorithmP2PCollector,0,20000,10,50,1,nearest,1,4,1,BASELINE,Custom Time [micros],10,0.0,0.0,0.0,0.0,0.0,0.0,0.0
TaxiAlgorithmP2PCollector,0,20000,20,50,1,nearest,1,4,1,BASELINE,Taxi Travel Distance [km],10,102.949,10.53998429790102,93.67,130.86,108.14299999999999,57.47,148.42
TaxiAlgorithmP2PCollector,0,20000,20,50,1,nearest,1,4,1,BASELINE,Client Waiting Time [min],10,10.114999999999998,1.0771559775631383,8.24,11.56,41.20100000000001,28.13,57.220000000000006
TaxiAlgorithmP2PCollector,0,20000,20,50,1,nearest,1,4,1,BASELINE,Client Travel Time [min],10,1508.328,81.34012058019094,1329.62,1644.62,3153.6,2341.0,3865.0
TaxiAlgorithmP2PCollector,0,20000,20,50,1,nearest,1,4,1,BASELINE,Calculation Time [millis],10,0.24699999999999997,0.044283179650969055,0.19,0.32,36.5,1.0,71.0
TaxiAlgorithmP2PCollector,0,20000,20,50,1,nearest,1,4,1,BASELINE,Custom Time [micros],10,0.0,0.0,0.0,0.0,0.0,0.0,0.0
TaxiAlgorithmP2PCollector,0,20000,20,100,1,nearest,1,4,1,BASELINE,Taxi Travel Distance [km],10,302.683,24.608781379824567,281.37,355.36,176.258,89.46000000000001,391.46000000000004
TaxiAlgorithmP2PCollector,0,20000,20,100,1,nearest,1,4,1,BASELINE,Client Waiting Time [min],10,61.241,7.156979041467147,52.11,79.47,217.702,175.55,317.85
TaxiAlgorithmP2PCollector,0,20000,20,100,1,nearest,1,4,1,BASELINE,Client Travel Time [min],10,5407.835000000001,426.88813860893333,4812.89,6471.07,13869.1,11461.0,19311.0
TaxiAlgorithmP2PCollector,0,20000,20,100,1,nearest,1,4,1,BASELINE,Calculation Time [millis],10,0.333,0.015524174696260022,0.3,0.36,121.8,84.0,185.0
TaxiAlgorithmP2PCollector,0,20000,20,100,1,nearest,1,4,1,BASELINE,Custom Time [micros],10,0.0,0.0,0.0,0.0,0.0,0.0,0.0
TaxiAlgorithmP2PCollector,1,1000,5,25,1,nearest,1,4,1,BASELINE,Taxi Travel Distance [km],10,76.196,35.00422865883492,15.96,142.24,111.577,30.97,169.83999999999997
TaxiAlgorithmP2PCollector,1,1000,5,25,1,nearest,1,4,1,BASELINE,Client Waiting Time [min],10,30.773999999999994,16.990998911188242,4.31,62.97,89.995,8.25,275.8
TaxiAlgorithmP2PCollector,1,1000,5,25,1,nearest,1,4,1,BASELINE,Client Travel Time [min],10,6513.648,1675.22327288514,3929.04,8785.64,14929.7,10754.0,17404.0
TaxiAlgorithmP2PCollector,1,1000,5,25,1,nearest,1,4,1,BASELINE,Calculation Time [millis],10,0.032999999999999995,0.004582575694955841,0.03,0.04,16.3,0.0,41.0
TaxiAlgorithmP2PCollector,1,1000,5,25,1,nearest,1,4,1,BASELINE,Custom Time [micros],10,0.0,0.0,0.0,0.0,0.0,0.0,0.0
TaxiAlgorithmP2PCollector,1,1000,10,25,1,nearest,1,4,1,BASELINE,Taxi Travel Distance [km],10,72.938,12.875111494662871,43.95,90.39,173.10700000000003,110.45,229.07
TaxiAlgorithmP2PCollector,1,1000,10,25,1,nearest,1,4,1,BASELINE,Client Waiting Time [min],10,35.954,8.442076995621395,20.79,46.98,118.03200000000001,81.19,186.27
TaxiAlgorithmP2PCollector,1,1000,10,25,1,nearest,1,4,1,BASELINE,Client Travel Time [min],10,4921.972,1486.5682876800513,3046.64,8085.24,14471.5,10903.0,17512.0
TaxiAlgorithmP2PCollector,1,1000,10,25,1,nearest,1,4,1,BASELINE,Calculation Time [millis],10,0.10799999999999998,0.005999999999999996,0.1,0.12,45.1,20.0,63.0
TaxiAlgorithmP2PCollector,1,1000,10,25,1,nearest,1,4,1,BASELINE,Custom Time [micros],10,0.0,0.0,0.0,0.0,0.0,0.0,0.0
TaxiAlgorithmP2PCollector,1,1000,10,50,1,nearest,1,4,1,BASELINE,Taxi Travel Distance [km],10,152.12699999999998,48.61116662866671,86.73,245.47,364.36500000000007,209.97000000000003,534.76
TaxiAlgorithmP2PCollector,1,1000,10,50,1,nearest,1,4,1,BASELINE,Client Waiting Time [min],10,67.702,21.687711174764384,36.76,105.4,233.198,95.32,465.90000000000003
TaxiAlgorithmP2PCollector,1,1000,10,50,1,nearest,1,4,1,BASELINE,Client Travel Time [min],10,11925.138,2114.7518175038886,8395.52,16012.4,33190.9,25327.0,38000.0
TaxiAlgorithmP2PCollector,1,1000,10,50,1,nearest,1,4,1,BASELINE,Calculation Time [millis],10,0.11500000000000002,0.0049999999999999975,0.11,0.12,95.7,61.0,126.0
TaxiAlgorithmP2PCollector,1,1000,10,50,1,nearest,1,4,1,BASELINE,Custom Time [micros],10,0.0,0.0,0.0,0.0,0.0,0.0,0.0
TaxiAlgorithmP2PCollector,1,1000,20,50,1,nearest,1,4,1,BASELINE,Taxi Travel Distance [km],10,116.00999999999996,21.312548885574433,88.57,148.66,372.528,236.13,638.76
TaxiAlgorithmP2PCollector,1,1000,20,50,1,nearest,1,4,1,BASELINE,Client Waiting Time [min],10,57.888999999999996,13.075324431921377,31.85,79.87,284.595,129.03,484.55
TaxiAlgorithmP2PCollector,1,1000,20,50,1,nearest,1,4,1,BASELINE,Client Travel Time [min],10,9226.698,1075.3868733232705,7022.56,10275.72,33683.1,28501.0,38433.0
TaxiAlgorithmP2PCollector,1,1000,20,50,1,nearest,1,4,1,BASELINE,Calculation Time [millis],10,0.44200000000000006,0.006000000000000005,0.43,0.45,182.0,169.0,195.0
TaxiAlgorithmP2PCollector,1,1000,20,50,1,nearest,1,4,1,BASELINE,Custom Time [micros],10,0.0,0.0,0.0,0.0,0.0,0.0,0.0
TaxiAlgorithmP2PCollector,1,1000,20,100,1,nearest,1,4,1,BASELINE,Taxi Travel Distance [km],10,395.226,72.4026012239892,267.09,509.29,1343.233,598.84,1657.35
TaxiAlgorithmP2PCollector,1,1000,20,100,1,nearest,1,4,1,BASELINE,Client Waiting Time [min],10,183.574,30.530908338927617,128.07,225.94,797.676,437.08,1057.35
TaxiAlgorithmP2PCollector,1,1000,20,100,1,nearest,1,4,1,BASELINE,Client Travel Time [min],10,21201.393000000004,1163.5814534191409,19357.01,22930.03,71838.3,63478.0,76508.0
TaxiAlgorithmP2PCollector,1,1000,20,100,1,nearest,1,4,1,BASELINE,Calculation Time [millis],10,0.457,0.004582575694955844,0.45,0.46,190.0,181.0,208.0
TaxiAlgorithmP2PCollector,1,1000,20,100,1,nearest,1,4,1,BASELINE,Custom Time [micros],10,0.0,0.0,0.0,0.0,0.0,0.0,0.0
TaxiAlgorithmP2PCollector,1,5000,5,25,1,nearest,1,4,1,BASELINE,Taxi Travel Distance [km],10,104.87100000000002,12.022377011223696,86.22,125.25,65.86799999999998,21.810000000000002,157.58999999999997
TaxiAlgorithmP2PCollector,1,5000,5,25,1,nearest,1,4,1,BASELINE,Client Waiting Time [min],10,15.237999999999996,8.798221183853018,8.19,40.58,60.86800000000001,22.55,105.11
TaxiAlgorithmP2PCollector,1,5000,5,25,1,nearest,1,4,1,BASELINE,Client Travel Time [min],10,1678.78,702.3150366039446,837.96,2928.88,6310.4,1405.0,17674.0
TaxiAlgorithmP2PCollector,1,5000,5,25,1,nearest,1,4,1,BASELINE,Calculation Time [millis],10,0.026000000000000002,0.004898979485566356,0.02,0.03,7.6,0.0,51.0
TaxiAlgorithmP2PCollector,1,5000,5,25,1,nearest,1,4,1,BASELINE,Custom Time [micros],10,0.0,0.0,0.0,0.0,0.0,0.0,0.0
TaxiAlgorithmP2PCollector,1,5000,10,25,1,nearest,1,4,1,BASELINE,Taxi Travel Distance [km],10,74.85,8.710106773168743,57.74,91.28,80.321,51.07000000000001,120.84
TaxiAlgorithmP2PCollector,1,5000,10,25,1,nearest,1,4,1,BASELINE,Client Waiting Time [min],10,6.539,1.3953239767165189,4.64,9.3,25.982000000000006,13.09,45.4
TaxiAlgorithmP2PCollector,1,5000,10,25,1,nearest,1,4,1,BASELINE,Client Travel Time [min],10,849.124,108.84515599694824,657.84,1005.68,1867.5,1096.0,3233.0
TaxiAlgorithmP2PCollector,1,5000,10,25,1,nearest,1,4,1,BASELINE,Calculation Time [millis],10,0.053000000000000005,0.013453624047073714,0.03,0.07,5.4,0.0,29.0
TaxiAlgorithmP2PCollector,1,5000,10,25,1,nearest,1,4,1,BASELINE,Custom Time [micros],10,0.0,0.0,0.0,0.0,0.0,0.0,0.0
TaxiAlgorithmP2PCollector,1,5000,10,50,1,nearest,1,4,1,BASELINE,Taxi Travel Distance [km],10,198.119,36.789370869858594,141.2,261.66,256.842,160.83999999999997,436.7
TaxiAlgorithmP2PCollector,1,5000,10,50,1,nearest,1,4,1,BASELINE,Client Waiting Time [min],10,39.321000000000005,8.584832496909884,23.57,52.7,222.019,133.94,551.28
TaxiAlgorithmP2PCollector,1,5000,10,50,1,nearest,1,4,1,BASELINE,Client Travel Time [min],10,3795.4560000000006,603.9385172548609,2987.22,5080.44,19042.6,8073.0,34555.0
TaxiAlgorithmP2PCollector,1,5000,10,50,1,nearest,1,4,1,BASELINE,Calculation Time [millis],10,0.09899999999999999,0.007000000000000002,0.09,0.11,47.2,11.0,93.0
TaxiAlgorithmP2PCollector,1,5000,10,50,1,nearest,1,4,1,BASELINE,Custom Time [micros],10,0.0,0.0,0.0,0.0,0.0,0.0,0.0
TaxiAlgorithmP2PCollector,1,5000,20,50,1,nearest,1,4,1,BASELINE,Taxi Travel Distance [km],10,135.912,22.07869507013492,113.07,178.59,175.67000000000002,111.44,253.78
TaxiAlgorithmP2PCollector,1,5000,20,50,1,nearest,1,4,1,BASELINE,Client Waiting Time [min],10,17.131999999999998,4.015599083573957,10.62,25.48,92.646,52.64,127.96999999999998
TaxiAlgorithmP2PCollector,1,5000,20,50,1,nearest,1,4,1,BASELINE,Client Travel Time [min],10,1898.054,244.47839659978138,1459.16,2381.42,6017.9,3895.0,8202.0
TaxiAlgorithmP2PCollector,1,5000,20,50,1,nearest,1,4,1,BASELINE,Calculation Time [millis],10,0.33799999999999997,0.017204650534085247,0.31,0.36,72.1,28.0,97.0
TaxiAlgorithmP2PCollector,1,5000,20,50,1,nearest,1,4,1,BASELINE,Custom Time [micros],10,0.0,0.0,0.0,0.0,0.0,0.0,0.0
TaxiAlgorithmP2PCollector,1,5000,20,100,1,nearest,1,4,1,BASELINE,Taxi Travel Distance [km],10,443.287,45.849022465042815,344.63,500.24,858.4770000000001,432.73,1414.6599999999999
TaxiAlgorithmP2PCollector,1,5000,20,100,1,nearest,1,4,1,BASELINE,Client Waiting Time [min],10,105.003,13.577756847137891,81.45,123.8,560.9730000000001,324.71,856.42
TaxiAlgorithmP2PCollector,1,5000,20,100,1,nearest,1,4,1,BASELINE,Client Travel Time [min],10,8522.702000000001,1313.5693943054553,6783.46,11025.77,38539.7,20536.0,63767.0
TaxiAlgorithmP2PCollector,1,5000,20,100,1,nearest,1,4,1,BASELINE,Calculation Time [millis],10,0.425,0.020124611797498103,0.38,0.45,176.9,152.0,195.0
TaxiAlgorithmP2PCollector,1,5000,20,100,1,nearest,1,4,1,BASELINE,Custom Time [micros],10,0.0,0.0,0.0,0.0,0.0,0.0,0.0
TaxiAlgorithmP2PCollector,1,10000,5,25,1,nearest,1,4,1,BASELINE,Taxi Travel Distance [km],10,100.855,8.19766216673998,83.86,110.93,30.679000000000002,17.830000000000013,51.219999999999985
TaxiAlgorithmP2PCollector,1,10000,5,25,1,nearest,1,4,1,BASELINE,Client Waiting Time [min],10,10.780999999999997,1.803488009386256,8.41,15.28,46.205,20.77,170.82
TaxiAlgorithmP2PCollector,1,10000,5,25,1,nearest,1,4,1,BASELINE,Client Travel Time [min],10,1116.66,158.70504188588336,892.72,1532.76,2920.3,1525.0,10524.0
TaxiAlgorithmP2PCollector,1,10000,5,25,1,nearest,1,4,1,BASELINE,Calculation Time [millis],10,0.020999999999999998,0.005385164807134504,0.01,0.03,3.8,0.0,38.0
TaxiAlgorithmP2PCollector,1,10000,5,25,1,nearest,1,4,1,BASELINE,Custom Time [micros],10,0.0,0.0,0.0,0.0,0.0,0.0,0.0
TaxiAlgorithmP2PCollector,1,10000,10,25,1,nearest,1,4,1,BASELINE,Taxi Travel Distance [km],10,49.839999999999996,7.441653042167444,40.38,65.08,62.673000000000016,45.49000000000001,91.19
TaxiAlgorithmP2PCollector,1,10000,10,25,1,nearest,1,4,1,BASELINE,Client Waiting Time [min],10,5.984,0.7350537395320154,4.82,7.3,13.016,8.9,19.04
TaxiAlgorithmP2PCollector,1,10000,10,25,1,nearest,1,4,1,BASELINE,Client Travel Time [min],10,825.632,79.36963610852705,684.2,972.08,1219.9,879.0,1625.0
TaxiAlgorithmP2PCollector,1,10000,10,25,1,nearest,1,4,1,BASELINE,Calculation Time [millis],10,0.007000000000000001,0.009,0.0,0.03,0.0,0.0,0.0
TaxiAlgorithmP2PCollector,1,10000,10,25,1,nearest,1,4,1,BASELINE,Custom Time [micros],10,0.0,0.0,0.0,0.0,0.0,0.0,0.0
TaxiAlgorithmP2PCollector,1,10000,10,50,1,nearest,1,4,1,BASELINE,Taxi Travel Distance [km],10,166.36399999999998,7.057542348438297,157.62,178.09,108.886,12.049999999999983,269.38
TaxiAlgorithmP2PCollector,1,10000,10,50,1,nearest,1,4,1,BASELINE,Client Waiting Time [min],10,26.039000000000005,6.310891299967066,19.36,40.99,113.34099999999998,70.99,203.56
TaxiAlgorithmP2PCollector,1,10000,10,50,1,nearest,1,4,1,BASELINE,Client Travel Time [min],10,2476.276,414.4654393118924,2041.82,3435.5,8235.0,4783.0,20175.0
TaxiAlgorithmP2PCollector,1,10000,10,50,1,nearest,1,4,1,BASELINE,Calculation Time [millis],10,0.087,0.01004987562112089,0.08,0.11,21.8,0.0,75.0
TaxiAlgorithmP2PCollector,1,10000,10,50,1,nearest,1,4,1,BASELINE,Custom Time [micros],10,0.0,0.0,0.0,0.0,0.0,0.0,0.0
TaxiAlgorithmP2PCollector,1,10000,20,50,1,nearest,1,4,1,BASELINE,Taxi Travel Distance [km],10,106.829,7.436073493450691,96.31,124.6,85.51899999999999,48.76000000000002,121.17999999999999
TaxiAlgorithmP2PCollector,1,10000,20,50,1,nearest,1,4,1,BASELINE,Client Waiting Time [min],10,9.188,0.930470848549271,7.55,10.8,35.339000000000006,18.57,62.300000000000004
TaxiAlgorithmP2PCollector,1,10000,20,50,1,nearest,1,4,1,BASELINE,Client Travel Time [min],10,1457.0439999999999,85.17881370387826,1354.12,1634.3,3018.1,1939.0,4201.0
TaxiAlgorithmP2PCollector,1,10000,20,50,1,nearest,1,4,1,BASELINE,Calculation Time [millis],10,0.213,0.03769615364994153,0.11,0.24,24.9,0.0,32.0
TaxiAlgorithmP2PCollector,1,10000,20,50,1,nearest,1,4,1,BASELINE,Custom Time [micros],10,0.0,0.0,0.0,0.0,0.0,0.0,0.0
TaxiAlgorithmP2PCollector,1,10000,20,100,1,nearest,1,4,1,BASELINE,Taxi Travel Distance [km],10,352.99100000000004,43.2877249228924,294.48,429.5,397.8589999999999,95.20999999999998,729.52
TaxiAlgorithmP2PCollector,1,10000,20,100,1,nearest,1,4,1,BASELINE,Client Waiting Time [min],10,70.404,14.862263757584172,51.9,107.51,332.716,172.97,527.65
TaxiAlgorithmP2PCollector,1,10000,20,100,1,nearest,1,4,1,BASELINE,Client Travel Time [min],10,6091.806,1143.5605253347985,4828.15,9091.61,20487.8,12109.0,30800.0
TaxiAlgorithmP2PCollector,1,10000,20,100,1,nearest,1,4,1,BASELINE,Calculation Time [millis],10,0.37699999999999995,0.03163858403911275,0.31,0.42,146.8,117.0,177.0
TaxiAlgorithmP2PCollector,1,10000,20,100,1,nearest,1,4,1,BASELINE,Custom Time [micros],10,0.0,0.0,0.0,0.0,0.0,0.0,0.0
TaxiAlgorithmP2PCollector,1,20000,5,25,1,nearest,1,4,1,BASELINE,Taxi Travel Distance [km],10,102.091,8.453643534003549,89.03,117.9,41.086,16.230000000000004,60.519999999999996
TaxiAlgorithmP2PCollector,1,20000,5,25,1,nearest,1,4,1,BASELINE,Client Waiting Time [min],10,12.092000000000002,3.202573340299953,7.29,19.41,29.801,15.63,68.34
TaxiAlgorithmP2PCollector,1,20000,5,25,1,nearest,1,4,1,BASELINE,Client Travel Time [min],10,1181.9360000000001,213.27479528533132,840.32,1637.12,2060.4,1032.0,4203.0
TaxiAlgorithmP2PCollector,1,20000,5,25,1,nearest,1,4,1,BASELINE,Calculation Time [millis],10,0.019000000000000003,0.009433981132056605,0.01,0.04,3.3,0.0,32.0
TaxiAlgorithmP2PCollector,1,20000,5,25,1,nearest,1,4,1,BASELINE,Custom Time [micros],10,0.0,0.0,0.0,0.0,0.0,0.0,0.0
TaxiAlgorithmP2PCollector,1,20000,10,25,1,nearest,1,4,1,BASELINE,Taxi Travel Distance [km],10,50.56400000000001,3.2683763553177285,43.78,55.22,73.935,45.260000000000005,95.09
TaxiAlgorithmP2PCollector,1,20000,10,25,1,nearest,1,4,1,BASELINE,Client Waiting Time [min],10,7.081,0.5876810359370124,6.04,7.8,13.846,11.07,15.870000000000001
TaxiAlgorithmP2PCollector,1,20000,10,25,1,nearest,1,4,1,BASELINE,Client Travel Time [min],10,891.9639999999999,61.56023508727044,785.52,971.72,1249.0,864.0,1642.0
TaxiAlgorithmP2PCollector,1,20000,10,25,1,nearest,1,4,1,BASELINE,Calculation Time [millis],10,0.003,0.0045825756949558405,0.0,0.01,0.0,0.0,0.0
TaxiAlgorithmP2PCollector,1,20000,10,25,1,nearest,1,4,1,BASELINE,Custom Time [micros],10,0.0,0.0,0.0,0.0,0.0,0.0,0.0
TaxiAlgorithmP2PCollector,1,20000,10,50,1,nearest,1,4,1,BASELINE,Taxi Travel Distance [km],10,161.642,7.522580408343939,145.07,172.49,43.811,29.879999999999995,59.91999999999999
TaxiAlgorithmP2PCollector,1,20000,10,50,1,nearest,1,4,1,BASELINE,Client Waiting Time [min],10,25.448,2.2720114436331524,21.74,29.0,89.357,66.24,104.36000000000001
TaxiAlgorithmP2PCollector,1,20000,10,50,1,nearest,1,4,1,BASELINE,Client Travel Time [min],10,2397.1299999999997,171.21459452978885,2109.38,2664.02,5795.3,5094.0,6700.0
TaxiAlgorithmP2PCollector,1,20000,10,50,1,nearest,1,4,1,BASELINE,Calculation Time [millis],10,0.08299999999999999,0.007810249675906651,0.07,0.09,10.8,0.0,34.0
TaxiAlgorithmP2PCollector,1,20000,10,50,1,nearest,1,4,1,BASELINE,Custom Time [micros],10,0.0,0.0,0.0,0.0,0.0,0.0,0.0
TaxiAlgorithmP2PCollector,1,20000,20,50,1,nearest,1,4,1,BASELINE,Taxi Travel Distance [km],10,95.019,5.103164606398659,86.79,105.22,67.74600000000001,53.68,87.99
TaxiAlgorithmP2PCollector,1,20000,20,50,1,nearest,1,4,1,BASELINE,Client Waiting Time [min],10,10.882000000000001,1.2698724345382097,9.16,13.1,25.630000000000003,18.75,34.36
TaxiAlgorithmP2PCollector,1,20000,20,50,1,nearest,1,4,1,BASELINE,Client Travel Time [min],10,1563.852,93.93503082450127,1394.54,1686.5,2686.3,2188.0,3655.0
TaxiAlgorithmP2PCollector,1,20000,20,50,1,nearest,1,4,1,BASELINE,Calculation Time [millis],10,0.10400000000000001,0.038,0.03,0.18,13.7,0.0,37.0
TaxiAlgorithmP2PCollector,1,20000,20,50,1,nearest,1,4,1,BASELINE,Custom Time [micros],10,0.0,0.0,0.0,0.0,0.0,0.0,0.0
TaxiAlgorithmP2PCollector,1,20000,20,100,1,nearest,1,4,1,BASELINE,Taxi Travel Distance [km],10,293.30499999999995,12.861787006477755,267.7,314.39,120.37899999999999,52.71999999999997,162.45
TaxiAlgorithmP2PCollector,1,20000,20,100,1,nearest,1,4,1,BASELINE,Client Waiting Time [min],10,62.205000000000005,6.255143883237216,51.2,73.85,199.045,162.48,250.94
TaxiAlgorithmP2PCollector,1,20000,20,100,1,nearest,1,4,1,BASELINE,Client Travel Time [min],10,5453.639999999999,391.94604863424763,4758.84,6163.1,12878.8,11020.0,15457.0
TaxiAlgorithmP2PCollector,1,20000,20,100,1,nearest,1,4,1,BASELINE,Calculation Time [millis],10,0.315,0.01284523257866514,0.29,0.33,103.2,86.0,127.0
TaxiAlgorithmP2PCollector,1,20000,20,100,1,nearest,1,4,1,BASELINE,Custom Time [micros],10,0.0,0.0,0.0,0.0,0.0,0.0,0.0
TaxiAlgorithmP2PCollector,2,1000,5,25,1,nearest,1,4,1,BASELINE,Taxi Travel Distance [km],10,61.85000000000001,34.843245543433525,12.83,120.28,72.30300000000001,22.36,113.65
TaxiAlgorithmP2PCollector,2,1000,5,25,1,nearest,1,4,1,BASELINE,Client Waiting Time [min],10,35.233000000000004,29.05507014274789,0.0,92.1,91.18900000000001,0.0,228.58
TaxiAlgorithmP2PCollector,2,1000,5,25,1,nearest,1,4,1,BASELINE,Client Travel Time [min],10,7054.8240000000005,2116.4551412359297,3569.92,10160.72,14926.8,8048.0,18703.0
TaxiAlgorithmP2PCollector,2,1000,5,25,1,nearest,1,4,1,BASELINE,Calculation Time [millis],10,0.031999999999999994,0.004000000000000001,0.03,0.04,8.0,0.0,42.0
TaxiAlgorithmP2PCollector,2,1000,5,25,1,nearest,1,4,1,BASELINE,Custom Time [micros],10,0.0,0.0,0.0,0.0,0.0,0.0,0.0
TaxiAlgorithmP2PCollector,2,1000,10,25,1,nearest,1,4,1,BASELINE,Taxi Travel Distance [km],10,68.00899999999999,26.064538917847752,22.71,115.41,147.72400000000002,43.26,266.45
TaxiAlgorithmP2PCollector,2,1000,10,25,1,nearest,1,4,1,BASELINE,Client Waiting Time [min],10,20.024,10.691063745016208,0.0,32.59,76.031,0.0,138.11999999999998
TaxiAlgorithmP2PCollector,2,1000,10,25,1,nearest,1,4,1,BASELINE,Client Travel Time [min],10,5262.388000000001,2062.8895706789544,3343.56,9234.92,14967.5,8275.0,18346.0
TaxiAlgorithmP2PCollector,2,1000,10,25,1,nearest,1,4,1,BASELINE,Calculation Time [millis],10,0.10400000000000001,0.004898979485566354,0.1,0.11,33.7,2.0,50.0
TaxiAlgorithmP2PCollector,2,1000,10,25,1,nearest,1,4,1,BASELINE,Custom Time [micros],10,0.0,0.0,0.0,0.0,0.0,0.0,0.0
TaxiAlgorithmP2PCollector,2,1000,10,50,1,nearest,1,4,1,BASELINE,Taxi Travel Distance [km],10,219.76799999999997,57.947731068610445,125.08,306.47,371.457,193.26999999999998,700.9
TaxiAlgorithmP2PCollector,2,1000,10,50,1,nearest,1,4,1,BASELINE,Client Waiting Time [min],10,92.932,22.354151202852684,63.64,141.09,317.062,202.52,493.37
TaxiAlgorithmP2PCollector,2,1000,10,50,1,nearest,1,4,1,BASELINE,Client Travel Time [min],10,10302.931999999999,2112.243920198612,6725.3,12889.28,30851.3,21592.0,37013.0
TaxiAlgorithmP2PCollector,2,1000,10,50,1,nearest,1,4,1,BASELINE,Calculation Time [millis],10,0.11199999999999999,0.003999999999999998,0.11,0.12,86.9,56.0,104.0
TaxiAlgorithmP2PCollector,2,1000,10,50,1,nearest,1,4,1,BASELINE,Custom Time [micros],10,0.0,0.0,0.0,0.0,0.0,0.0,0.0
TaxiAlgorithmP2PCollector,2,1000,20,50,1,nearest,1,4,1,BASELINE,Taxi Travel Distance [km],10,175.123,26.117323771780292,117.14,207.75,413.70799999999997,263.98,755.62
TaxiAlgorithmP2PCollector,2,1000,20,50,1,nearest,1,4,1,BASELINE,Client Waiting Time [min],10,63.26800000000001,14.472056384633113,35.34,81.34,248.52799999999996,139.64999999999998,466.95
TaxiAlgorithmP2PCollector,2,1000,20,50,1,nearest,1,4,1,BASELINE,Client Travel Time [min],10,6398.089999999999,1626.3660624164536,3913.6,8785.24,24997.7,12002.0,33890.0
TaxiAlgorithmP2PCollector,2,1000,20,50,1,nearest,1,4,1,BASELINE,Calculation Time [millis],10,0.43000000000000005,0.006324555320336764,0.42,0.44,161.7,116.0,185.0
TaxiAlgorithmP2PCollector,2,1000,20,50,1,nearest,1,4,1,BASELINE,Custom Time [micros],10,0.0,0.0,0.0,0.0,0.0,0.0,0.0
TaxiAlgorithmP2PCollector,2,1000,20,100,1,nearest,1,4,1,BASELINE,Taxi Travel Distance [km],10,461.31100000000004,115.73235558390748,329.88,646.33,1319.727,975.01,1538.37
TaxiAlgorithmP2PCollector,2,1000,20,100,1,nearest,1,4,1,BASELINE,Client Waiting Time [min],10,181.908,28.914130732221572,133.26,235.06,815.413,514.46,1149.6
TaxiAlgorithmP2PCollector,2,1000,20,100,1,nearest,1,4,1,BASELINE,Client Travel Time [min],10,20048.375999999997,3527.4212587815477,15763.72,26901.02,69338.0,58271.0,77399.0
TaxiAlgorithmP2PCollector,2,1000,20,100,1,nearest,1,4,1,BASELINE,Calculation Time [millis],10,0.454,0.004898979485566361,0.45,0.46,184.4,177.0,197.0
TaxiAlgorithmP2PCollector,2,1000,20,100,1,nearest,1,4,1,BASELINE,Custom Time [micros],10,0.0,0.0,0.0,0.0,0.0,0.0,0.0
TaxiAlgorithmP2PCollector,2,5000,5,25,1,nearest,1,4,1,BASELINE,Taxi Travel Distance [km],10,106.553,9.872394896882925,82.74,124.28,71.797,14.659999999999997,140.35
TaxiAlgorithmP2PCollector,2,5000,5,25,1,nearest,1,4,1,BASELINE,Client Waiting Time [min],10,14.878,3.1467182905369846,8.78,19.24,50.343,30.35,68.88000000000001
TaxiAlgorithmP2PCollector,2,5000,5,25,1,nearest,1,4,1,BASELINE,Client Travel Time [min],10,1395.6999999999998,299.23834473542985,946.72,2101.2,3994.9,2045.0,10073.0
TaxiAlgorithmP2PCollector,2,5000,5,25,1,nearest,1,4,1,BASELINE,Calculation Time [millis],10,0.028999999999999998,0.005385164807134504,0.02,0.04,8.5,0.0,55.0
TaxiAlgorithmP2PCollector,2,5000,5,25,1,nearest,1,4,1,BASELINE,Custom Time [micros],10,0.0,0.0,0.0,0.0,0.0,0.0,0.0
TaxiAlgorithmP2PCollector,2,5000,10,25,1,nearest,1,4,1,BASELINE,Taxi Travel Distance [km],10,73.43900000000001,10.653217776803402,49.24,93.3,70.975,22.25,117.93
TaxiAlgorithmP2PCollector,2,5000,10,25,1,nearest,1,4,1,BASELINE,Client Waiting Time [min],10,10.474,7.821627963538027,4.65,30.41,47.43600000000001,14.700000000000001,181.49
TaxiAlgorithmP2PCollector,2,5000,10,25,1,nearest,1,4,1,BASELINE,Client Travel Time [min],10,1117.648,561.1330978796384,688.32,2636.2,3064.4,945.0,11009.0
TaxiAlgorithmP2PCollector,2,5000,10,25,1,nearest,1,4,1,BASELINE,Calculation Time [millis],10,0.06000000000000001,0.02683281572999747,0.01,0.11,11.5,0.0,57.0
TaxiAlgorithmP2PCollector,2,5000,10,25,1,nearest,1,4,1,BASELINE,Custom Time [micros],10,0.0,0.0,0.0,0.0,0.0,0.0,0.0
TaxiAlgorithmP2PCollector,2,5000,10,50,1,nearest,1,4,1,BASELINE,Taxi Travel Distance [km],10,213.75699999999998,28.750315146098828,173.59,266.63,249.05299999999994,53.31999999999999,541.17
TaxiAlgorithmP2PCollector,2,5000,10,50,1,nearest,1,4,1,BASELINE,Client Waiting Time [min],10,38.632999999999996,7.099909929006142,28.44,52.29,230.77000000000004,122.24,584.93
TaxiAlgorithmP2PCollector,2,5000,10,50,1,nearest,1,4,1,BASELINE,Client Travel Time [min],10,3311.6299999999997,456.6222559840902,2718.18,4207.78,15239.7,8402.0,35085.0
TaxiAlgorithmP2PCollector,2,5000,10,50,1,nearest,1,4,1,BASELINE,Calculation Time [millis],10,0.09499999999999999,0.006708203932499371,0.08,0.1,34.3,0.0,86.0
TaxiAlgorithmP2PCollector,2,5000,10,50,1,nearest,1,4,1,BASELINE,Custom Time [micros],10,0.0,0.0,0.0,0.0,0.0,0.0,0.0
TaxiAlgorithmP2PCollector,2,5000,20,50,1,nearest,1,4,1,BASELINE,Taxi Travel Distance [km],10,133.95,7.884529155250808,121.52,144.52,189.79500000000002,122.97,344.86
TaxiAlgorithmP2PCollector,2,5000,20,50,1,nearest,1,4,1,BASELINE,Client Waiting Time [min],10,16.072,1.6083643865741375,12.95,18.19,106.77799999999999,63.38,197.98000000000002
TaxiAlgorithmP2PCollector,2,5000,20,50,1,nearest,1,4,1,BASELINE,Client Travel Time [min],10,1861.664,112.34222849845912,1720.28,2037.96,7002.0,4691.0,12232.0
TaxiAlgorithmP2PCollector,2,5000,20,50,1,nearest,1,4,1,BASELINE,Calculation Time [millis],10,0.32999999999999996,0.0282842712474619,0.3,0.38,84.0,41.0,164.0
TaxiAlgorithmP2PCollector,2,5000,20,50,1,nearest,1,4,1,BASELINE,Custom Time [micros],10,0.0,0.0,0.0,0.0,0.0,0.0,0.0
TaxiAlgorithmP2PCollector,2,5000,20,100,1,nearest,1,4,1,BASELINE,Taxi Travel Distance [km],10,443.009,55.217358765156455,384.44,579.22,796.3660000000001,498.26,1339.88
TaxiAlgorithmP2PCollector,2,5000,20,100,1,nearest,1,4,1,BASELINE,Client Waiting Time [min],10,102.84299999999999,11.976799280275175,85.33,123.57,544.369,397.48,1059.99
TaxiAlgorithmP2PCollector,2,5000,20,100,1,nearest,1,4,1,BASELINE,Client Travel Time [min],10,8351.435999999998,967.2114686272075,6995.07,10325.63,39013.1,24459.0,62621.0
TaxiAlgorithmP2PCollector,2,5000,20,100,1,nearest,1,4,1,BASELINE,Calculation Time [millis],10,0.42300000000000004,0.017916472867168916,0.39,0.45,178.9,159.0,205.0
TaxiAlgorithmP2PCollector,2,5000,20,100,1,nearest,1,4,1,BASELINE,Custom Time [micros],10,0.0,0.0,0.0,0.0,0.0,0.0,0.0
TaxiAlgorithmP2PCollector,2,10000,5,25,1,nearest,1,4,1,BASELINE,Taxi Travel Distance [km],10,101.288,8.738452723451676,87.87,115.11,28.553999999999995,8.349999999999994,43.7
TaxiAlgorithmP2PCollector,2,10000,5,25,1,nearest,1,4,1,BASELINE,Client Waiting Time [min],10,10.233999999999998,2.245739076562547,7.3,13.87,26.969,19.5,42.800000000000004
TaxiAlgorithmP2PCollector,2,10000,5,25,1,nearest,1,4,1,BASELINE,Client Travel Time [min],10,1068.352,159.714565196791,841.48,1338.04,1818.9,1438.0,2413.0
TaxiAlgorithmP2PCollector,2,10000,5,25,1,nearest,1,4,1,BASELINE,Calculation Time [millis],10,0.017000000000000005,0.0078102496759066544,0.01,0.03,4.0,0.0,40.0
TaxiAlgorithmP2PCollector,2,10000,5,25,1,nearest,1,4,1,BASELINE,Custom Time [micros],10,0.0,0.0,0.0,0.0,0.0,0.0,0.0
TaxiAlgorithmP2PCollector,2,10000,10,25,1,nearest,1,4,1,BASELINE,Taxi Travel Distance [km],10,52.25699999999999,8.02543836808931,40.93,70.58,66.194,37.84,103.87
TaxiAlgorithmP2PCollector,2,10000,10,25,1,nearest,1,4,1,BASELINE,Client Waiting Time [min],10,6.5840000000000005,0.8746908025125223,5.35,8.16,16.735000000000003,12.079999999999998,33.66
TaxiAlgorithmP2PCollector,2,10000,10,25,1,nearest,1,4,1,BASELINE,Client Travel Time [min],10,861.3520000000001,67.63720112482478,736.72,958.8,1412.6,1119.0,2183.0
TaxiAlgorithmP2PCollector,2,10000,10,25,1,nearest,1,4,1,BASELINE,Calculation Time [millis],10,0.009999999999999998,0.008944271909999158,0.0,0.03,0.1,0.0,1.0
TaxiAlgorithmP2PCollector,2,10000,10,25,1,nearest,1,4,1,BASELINE,Custom Time [micros],10,0.0,0.0,0.0,0.0,0.0,0.0,0.0
TaxiAlgorithmP2PCollector,2,10000,10,50,1,nearest,1,4,1,BASELINE,Taxi Travel Distance [km],10,178.31300000000002,14.572687500938182,155.02,203.84,85.92800000000001,39.06999999999999,146.09000000000003
TaxiAlgorithmP2PCollector,2,10000,10,50,1,nearest,1,4,1,BASELINE,Client Waiting Time [min],10,27.75,5.1791640252071565,21.71,40.55,129.38899999999998,64.25,306.93
TaxiAlgorithmP2PCollector,2,10000,10,50,1,nearest,1,4,1,BASELINE,Client Travel Time [min],10,2527.352,326.47487146180174,2205.28,3291.54,8095.2,4031.0,18392.0
TaxiAlgorithmP2PCollector,2,10000,10,50,1,nearest,1,4,1,BASELINE,Calculation Time [millis],10,0.088,0.010770329614269008,0.07,0.11,21.5,0.0,58.0
TaxiAlgorithmP2PCollector,2,10000,10,50,1,nearest,1,4,1,BASELINE,Custom Time [micros],10,0.0,0.0,0.0,0.0,0.0,0.0,0.0
TaxiAlgorithmP2PCollector,2,10000,20,50,1,nearest,1,4,1,BASELINE,Taxi Travel Distance [km],10,105.38399999999999,5.954366800928542,96.6,112.83,71.67999999999999,40.92,104.71999999999998
TaxiAlgorithmP2PCollector,2,10000,20,50,1,nearest,1,4,1,BASELINE,Client Waiting Time [min],10,9.871,0.7512050319320284,8.76,11.09,35.823,25.41,54.95
TaxiAlgorithmP2PCollector,2,10000,20,50,1,nearest,1,4,1,BASELINE,Client Travel Time [min],10,1497.538,73.57933919246621,1419.04,1652.1,3133.7,1706.0,4835.0
TaxiAlgorithmP2PCollector,2,10000,20,50,1,nearest,1,4,1,BASELINE,Calculation Time [millis],10,0.188,0.016,0.16,0.21,22.4,1.0,45.0
TaxiAlgorithmP2PCollector,2,10000,20,50,1,nearest,1,4,1,BASELINE,Custom Time [micros],10,0.0,0.0,0.0,0.0,0.0,0.0,0.0
TaxiAlgorithmP2PCollector,2,10000,20,100,1,nearest,1,4,1,BASELINE,Taxi Travel Distance [km],10,349.334,45.50366517106067,285.73,425.71,345.661,176.52999999999997,717.5400000000001
TaxiAlgorithmP2PCollector,2,10000,20,100,1,nearest,1,4,1,BASELINE,Client Waiting Time [min],10,68.708,8.94716357288722,61.13,89.81,280.49800000000005,204.98000000000002,393.99
TaxiAlgorithmP2PCollector,2,10000,20,100,1,nearest,1,4,1,BASELINE,Client Travel Time [min],10,5898.942,529.3187668277028,5411.75,7116.25,18591.8,13209.0,33750.0
TaxiAlgorithmP2PCollector,2,10000,20,100,1,nearest,1,4,1,BASELINE,Calculation Time [millis],10,0.365,0.02801785145224379,0.33,0.42,149.5,118.0,182.0
TaxiAlgorithmP2PCollector,2,10000,20,100,1,nearest,1,4,1,BASELINE,Custom Time [micros],10,0.0,0.0,0.0,0.0,0.0,0.0,0.0
TaxiAlgorithmP2PCollector,2,20000,5,25,1,nearest,1,4,1,BASELINE,Taxi Travel Distance [km],10,101.381,9.689697054087913,87.67,114.89,34.74,10.63000000000001,60.3
TaxiAlgorithmP2PCollector,2,20000,5,25,1,nearest,1,4,1,BASELINE,Client Waiting Time [min],10,11.177,1.775517107774521,7.92,14.88,31.415,22.03,53.53
TaxiAlgorithmP2PCollector,2,20000,5,25,1,nearest,1,4,1,BASELINE,Client Travel Time [min],10,1124.2400000000002,138.04869285871558,876.2,1375.28,1955.1,1578.0,2766.0
TaxiAlgorithmP2PCollector,2,20000,5,25,1,nearest,1,4,1,BASELINE,Calculation Time [millis],10,0.022,0.0074833147735478825,0.01,0.04,10.5,0.0,52.0
TaxiAlgorithmP2PCollector,2,20000,5,25,1,nearest,1,4,1,BASELINE,Custom Time [micros],10,0.0,0.0,0.0,0.0,0.0,0.0,0.0
TaxiAlgorithmP2PCollector,2,20000,10,25,1,nearest,1,4,1,BASELINE,Taxi Travel Distance [km],10,49.727,4.4694497424179636,41.08,54.98,70.16499999999999,40.410000000000004,98.93
TaxiAlgorithmP2PCollector,2,20000,10,25,1,nearest,1,4,1,BASELINE,Client Waiting Time [min],10,6.955,0.6771890430300834,5.84,8.4,13.952000000000002,10.23,17.2
TaxiAlgorithmP2PCollector,2,20000,10,25,1,nearest,1,4,1,BASELINE,Client Travel Time [min],10,884.548,73.83798274600952,738.2,958.52,1287.8,955.0,1605.0
TaxiAlgorithmP2PCollector,2,20000,10,25,1,nearest,1,4,1,BASELINE,Calculation Time [millis],10,0.001,0.003,0.0,0.01,0.0,0.0,0.0
TaxiAlgorithmP2PCollector,2,20000,10,25,1,nearest,1,4,1,BASELINE,Custom Time [micros],10,0.0,0.0,0.0,0.0,0.0,0.0,0.0
TaxiAlgorithmP2PCollector,2,20000,10,50,1,nearest,1,4,1,BASELINE,Taxi Travel Distance [km],10,164.87000000000006,6.6156979979439825,156.44,177.16,51.05900000000001,36.59,72.72
TaxiAlgorithmP2PCollector,2,20000,10,50,1,nearest,1,4,1,BASELINE,Client Waiting Time [min],10,28.392000000000003,3.5814712060827736,21.45,33.4,95.12,74.88000000000001,121.85000000000001
TaxiAlgorithmP2PCollector,2,20000,10,50,1,nearest,1,4,1,BASELINE,Client Travel Time [min],10,2556.2780000000007,233.02215284388734,2113.36,2878.42,6231.7,4929.0,8591.0
TaxiAlgorithmP2PCollector,2,20000,10,50,1,nearest,1,4,1,BASELINE,Calculation Time [millis],10,0.08199999999999999,0.00748331477354788,0.07,0.09,14.1,0.0,40.0
TaxiAlgorithmP2PCollector,2,20000,10,50,1,nearest,1,4,1,BASELINE,Custom Time [micros],10,0.0,0.0,0.0,0.0,0.0,0.0,0.0
TaxiAlgorithmP2PCollector,2,20000,20,50,1,nearest,1,4,1,BASELINE,Taxi Travel Distance [km],10,98.22,4.308695858377566,90.55,104.6,68.296,47.56,88.95999999999998
TaxiAlgorithmP2PCollector,2,20000,20,50,1,nearest,1,4,1,BASELINE,Client Waiting Time [min],10,12.645,1.1302057334839528,11.07,14.61,27.439999999999998,20.1,37.89
TaxiAlgorithmP2PCollector,2,20000,20,50,1,nearest,1,4,1,BASELINE,Client Travel Time [min],10,1670.2060000000001,117.43551253347516,1509.66,1895.94,2745.3,2162.0,3753.0
TaxiAlgorithmP2PCollector,2,20000,20,50,1,nearest,1,4,1,BASELINE,Calculation Time [millis],10,0.095,0.04055859958134649,0.02,0.16,14.9,0.0,46.0
TaxiAlgorithmP2PCollector,2,20000,20,50,1,nearest,1,4,1,BASELINE,Custom Time [micros],10,0.0,0.0,0.0,0.0,0.0,0.0,0.0
TaxiAlgorithmP2PCollector,2,20000,20,100,1,nearest,1,4,1,BASELINE,Taxi Travel Distance [km],10,290.59,12.900735637939418,270.46,311.62,102.578,56.43000000000001,159.75000000000003
TaxiAlgorithmP2PCollector,2,20000,20,100,1,nearest,1,4,1,BASELINE,Client Waiting Time [min],10,61.492999999999995,4.989952003777192,51.39,69.89,202.171,181.9,231.75
TaxiAlgorithmP2PCollector,2,20000,20,100,1,nearest,1,4,1,BASELINE,Client Travel Time [min],10,5418.343999999999,326.6395298551601,4770.13,5934.88,13180.3,11661.0,14968.0
TaxiAlgorithmP2PCollector,2,20000,20,100,1,nearest,1,4,1,BASELINE,Calculation Time [millis],10,0.31199999999999994,0.015362291495737231,0.3,0.34,103.7,77.0,133.0
TaxiAlgorithmP2PCollector,2,20000,20,100,1,nearest,1,4,1,BASELINE,Custom Time [micros],10,0.0,0.0,0.0,0.0,0.0,0.0,0.0
TaxiAlgorithmP2PCollector,5,1000,5,25,1,nearest,1,4,1,BASELINE,Taxi Travel Distance [km],10,49.669000000000004,26.91694167248575,22.12,119.5,59.26399999999999,29.25,105.44
TaxiAlgorithmP2PCollector,5,1000,5,25,1,nearest,1,4,1,BASELINE,Client Waiting Time [min],10,27.882000000000005,24.42142289056885,3.71,78.31,82.65600000000002,4.8999999999999995,274.3
TaxiAlgorithmP2PCollector,5,1000,5,25,1,nearest,1,4,1,BASELINE,Client Travel Time [min],10,7426.503999999999,1468.0278145811815,3908.12,8956.4,15615.4,11571.0,18254.0
TaxiAlgorithmP2PCollector,5,1000,5,25,1,nearest,1,4,1,BASELINE,Calculation Time [millis],10,0.030000000000000006,6.938893903907228E-18,0.03,0.03,11.1,0.0,42.0
TaxiAlgorithmP2PCollector,5,1000,5,25,1,nearest,1,4,1,BASELINE,Custom Time [micros],10,0.0,0.0,0.0,0.0,0.0,0.0,0.0
TaxiAlgorithmP2PCollector,5,1000,10,25,1,nearest,1,4,1,BASELINE,Taxi Travel Distance [km],10,72.969,21.411563441280975,30.85,101.56,147.004,55.96000000000001,239.57
TaxiAlgorithmP2PCollector,5,1000,10,25,1,nearest,1,4,1,BASELINE,Client Waiting Time [min],10,21.317,6.811110115098713,10.41,33.98,78.36600000000001,29.279999999999998,124.89
TaxiAlgorithmP2PCollector,5,1000,10,25,1,nearest,1,4,1,BASELINE,Client Travel Time [min],10,4943.464,2041.4338741345507,2544.04,8461.04,14047.2,7464.0,18794.0
TaxiAlgorithmP2PCollector,5,1000,10,25,1,nearest,1,4,1,BASELINE,Calculation Time [millis],10,0.10500000000000001,0.0049999999999999975,0.1,0.11,30.2,0.0,65.0
TaxiAlgorithmP2PCollector,5,1000,10,25,1,nearest,1,4,1,BASELINE,Custom Time [micros],10,0.0,0.0,0.0,0.0,0.0,0.0,0.0
TaxiAlgorithmP2PCollector,5,1000,10,50,1,nearest,1,4,1,BASELINE,Taxi Travel Distance [km],10,200.184,74.29650559750438,99.46,346.26,421.988,265.75,740.67
TaxiAlgorithmP2PCollector,5,1000,10,50,1,nearest,1,4,1,BASELINE,Client Waiting Time [min],10,86.65599999999998,32.73838548248829,36.43,162.51,282.252,169.67999999999998,418.78000000000003
TaxiAlgorithmP2PCollector,5,1000,10,50,1,nearest,1,4,1,BASELINE,Client Travel Time [min],10,11560.898000000001,2309.223181183664,8384.74,15787.62,32109.8,26001.0,37978.0
TaxiAlgorithmP2PCollector,5,1000,10,50,1,nearest,1,4,1,BASELINE,Calculation Time [millis],10,0.11200000000000002,0.0039999999999999975,0.11,0.12,89.9,65.0,125.0
TaxiAlgorithmP2PCollector,5,1000,10,50,1,nearest,1,4,1,BASELINE,Custom Time [micros],10,0.0,0.0,0.0,0.0,0.0,0.0,0.0
TaxiAlgorithmP2PCollector,5,1000,20,50,1,nearest,1,4,1,BASELINE,Taxi Travel Distance [km],10,188.29900000000004,17.141771466216678,169.23,230.93,458.684,294.12,598.24
TaxiAlgorithmP2PCollector,5,1000,20,50,1,nearest,1,4,1,BASELINE,Client Waiting Time [min],10,69.26700000000001,11.855570041124128,42.74,85.03,326.413,228.9,467.48
TaxiAlgorithmP2PCollector,5,1000,20,50,1,nearest,1,4,1,BASELINE,Client Travel Time [min],10,6207.2,1222.9256541916193,3440.3,8190.28,27165.3,15541.0,37150.0
TaxiAlgorithmP2PCollector,5,1000,20,50,1,nearest,1,4,1,BASELINE,Calculation Time [millis],10,0.43400000000000005,0.015620499351813323,0.41,0.46,171.7,145.0,203.0
TaxiAlgorithmP2PCollector,5,1000,20,50,1,nearest,1,4,1,BASELINE,Custom Time [micros],10,0.0,0.0,0.0,0.0,0.0,0.0,0.0
TaxiAlgorithmP2PCollector,5,1000,20,100,1,nearest,1,4,1,BASELINE,Taxi Travel Distance [km],10,476.7779999999999,89.62062885295997,403.49,721.12,1273.386,731.16,1730.2
TaxiAlgorithmP2PCollector,5,1000,20,100,1,nearest,1,4,1,BASELINE,Client Waiting Time [min],10,186.92000000000002,31.814576219085488,134.87,224.16,763.113,496.13,970.6
TaxiAlgorithmP2PCollector,5,1000,20,100,1,nearest,1,4,1,BASELINE,Client Travel Time [min],10,19739.868000000002,3201.6825021410223,13294.1,23560.07,66186.6,48563.0,77708.0
TaxiAlgorithmP2PCollector,5,1000,20,100,1,nearest,1,4,1,BASELINE,Calculation Time [millis],10,0.45600000000000007,0.004898979485566361,0.45,0.46,184.0,173.0,199.0
TaxiAlgorithmP2PCollector,5,1000,20,100,1,nearest,1,4,1,BASELINE,Custom Time [micros],10,0.0,0.0,0.0,0.0,0.0,0.0,0.0
TaxiAlgorithmP2PCollector,5,5000,5,25,1,nearest,1,4,1,BASELINE,Taxi Travel Distance [km],10,109.484,4.854969000930902,98.76,115.87,66.81599999999999,25.169999999999987,170.68
TaxiAlgorithmP2PCollector,5,5000,5,25,1,nearest,1,4,1,BASELINE,Client Waiting Time [min],10,15.138000000000002,3.6404444783570042,11.71,22.62,65.58,36.97,111.9
TaxiAlgorithmP2PCollector,5,5000,5,25,1,nearest,1,4,1,BASELINE,Client Travel Time [min],10,1378.044,239.3830680394919,1084.6,1793.0,4707.4,2586.0,10738.0
TaxiAlgorithmP2PCollector,5,5000,5,25,1,nearest,1,4,1,BASELINE,Calculation Time [millis],10,0.023,0.00458257569495584,0.02,0.03,2.4,0.0,24.0
TaxiAlgorithmP2PCollector,5,5000,5,25,1,nearest,1,4,1,BASELINE,Custom Time [micros],10,0.0,0.0,0.0,0.0,0.0,0.0,0.0
TaxiAlgorithmP2PCollector,5,5000,10,25,1,nearest,1,4,1,BASELINE,Taxi Travel Distance [km],10,74.228,9.050041767859417,53.9,85.12,54.440999999999995,23.059999999999988,88.92
TaxiAlgorithmP2PCollector,5,5000,10,25,1,nearest,1,4,1,BASELINE,Client Waiting Time [min],10,6.505,0.9436233358708337,4.68,8.33,26.443,13.17,54.75
TaxiAlgorithmP2PCollector,5,5000,10,25,1,nearest,1,4,1,BASELINE,Client Travel Time [min],10,853.2120000000001,97.37839275732578,624.6,975.8,1877.7,959.0,3532.0
TaxiAlgorithmP2PCollector,5,5000,10,25,1,nearest,1,4,1,BASELINE,Calculation Time [millis],10,0.046,0.017435595774162694,0.02,0.08,5.4,0.0,28.0
TaxiAlgorithmP2PCollector,5,5000,10,25,1,nearest,1,4,1,BASELINE,Custom Time [micros],10,0.0,0.0,0.0,0.0,0.0,0.0,0.0
TaxiAlgorithmP2PCollector,5,5000,10,50,1,nearest,1,4,1,BASELINE,Taxi Travel Distance [km],10,199.144,43.11471887882374,160.02,321.32,250.12199999999999,85.45,437.71
TaxiAlgorithmP2PCollector,5,5000,10,50,1,nearest,1,4,1,BASELINE,Client Waiting Time [min],10,38.915,10.767679647909292,23.71,63.31,189.54199999999997,86.48,426.83
TaxiAlgorithmP2PCollector,5,5000,10,50,1,nearest,1,4,1,BASELINE,Client Travel Time [min],10,3872.9979999999996,933.0113968628679,2554.68,5339.96,17980.4,6884.0,34254.0
TaxiAlgorithmP2PCollector,5,5000,10,50,1,nearest,1,4,1,BASELINE,Calculation Time [millis],10,0.09999999999999999,0.0077459666924148355,0.09,0.11,48.2,0.0,100.0
TaxiAlgorithmP2PCollector,5,5000,10,50,1,nearest,1,4,1,BASELINE,Custom Time [micros],10,0.0,0.0,0.0,0.0,0.0,0.0,0.0
TaxiAlgorithmP2PCollector,5,5000,20,50,1,nearest,1,4,1,BASELINE,Taxi Travel Distance [km],10,137.35399999999998,25.024286683140435,108.68,196.39,163.63099999999997,61.579999999999984,331.40999999999997
TaxiAlgorithmP2PCollector,5,5000,20,50,1,nearest,1,4,1,BASELINE,Client Waiting Time [min],10,16.047000000000004,3.297347570396545,11.5,21.8,105.30499999999999,46.480000000000004,253.28
TaxiAlgorithmP2PCollector,5,5000,20,50,1,nearest,1,4,1,BASELINE,Client Travel Time [min],10,1855.898,188.5371747852397,1581.34,2199.26,6501.6,2955.0,15291.0
TaxiAlgorithmP2PCollector,5,5000,20,50,1,nearest,1,4,1,BASELINE,Calculation Time [millis],10,0.32900000000000007,0.042766809560686195,0.26,0.39,77.8,31.0,141.0
TaxiAlgorithmP2PCollector,5,5000,20,50,1,nearest,1,4,1,BASELINE,Custom Time [micros],10,0.0,0.0,0.0,0.0,0.0,0.0,0.0
TaxiAlgorithmP2PCollector,5,5000,20,100,1,nearest,1,4,1,BASELINE,Taxi Travel Distance [km],10,459.866,67.25967487283893,372.94,581.92,774.0559999999999,332.44,1272.1799999999998
TaxiAlgorithmP2PCollector,5,5000,20,100,1,nearest,1,4,1,BASELINE,Client Waiting Time [min],10,101.82900000000001,11.294692071942467,80.69,114.44,549.6779999999999,339.25,731.65
TaxiAlgorithmP2PCollector,5,5000,20,100,1,nearest,1,4,1,BASELINE,Client Travel Time [min],10,8166.069,1000.0523561139189,6454.0,10015.77,37377.1,19881.0,61181.0
TaxiAlgorithmP2PCollector,5,5000,20,100,1,nearest,1,4,1,BASELINE,Calculation Time [millis],10,0.42200000000000004,0.020396078054371145,0.37,0.44,175.2,158.0,192.0
TaxiAlgorithmP2PCollector,5,5000,20,100,1,nearest,1,4,1,BASELINE,Custom Time [micros],10,0.0,0.0,0.0,0.0,0.0,0.0,0.0
TaxiAlgorithmP2PCollector,5,10000,5,25,1,nearest,1,4,1,BASELINE,Taxi Travel Distance [km],10,103.53099999999999,14.349765468466721,83.04,130.23,28.218000000000007,12.450000000000003,49.98
TaxiAlgorithmP2PCollector,5,10000,5,25,1,nearest,1,4,1,BASELINE,Client Waiting Time [min],10,10.835999999999999,2.1367086839342417,6.5,13.5,34.458999999999996,16.490000000000002,64.72
TaxiAlgorithmP2PCollector,5,10000,5,25,1,nearest,1,4,1,BASELINE,Client Travel Time [min],10,1102.7240000000002,150.47910095425212,793.04,1266.96,2270.0,1440.0,3958.0
TaxiAlgorithmP2PCollector,5,10000,5,25,1,nearest,1,4,1,BASELINE,Calculation Time [millis],10,0.018000000000000002,0.005999999999999999,0.01,0.03,4.7,0.0,47.0
TaxiAlgorithmP2PCollector,5,10000,5,25,1,nearest,1,4,1,BASELINE,Custom Time [micros],10,0.0,0.0,0.0,0.0,0.0,0.0,0.0
TaxiAlgorithmP2PCollector,5,10000,10,25,1,nearest,1,4,1,BASELINE,Taxi Travel Distance [km],10,55.157,7.8212761746405555,43.96,74.58,74.88700000000001,47.61,90.9
TaxiAlgorithmP2PCollector,5,10000,10,25,1,nearest,1,4,1,BASELINE,Client Waiting Time [min],10,7.8050000000000015,0.90812168788109,6.73,9.59,15.246,12.219999999999999,20.349999999999998
TaxiAlgorithmP2PCollector,5,10000,10,25,1,nearest,1,4,1,BASELINE,Client Travel Time [min],10,934.8679999999998,82.9854928044655,791.88,1119.12,1185.7,897.0,1570.0
TaxiAlgorithmP2PCollector,5,10000,10,25,1,nearest,1,4,1,BASELINE,Calculation Time [millis],10,0.006,0.0066332495807108,0.0,0.02,2.4,0.0,24.0
TaxiAlgorithmP2PCollector,5,10000,10,25,1,nearest,1,4,1,BASELINE,Custom Time [micros],10,0.0,0.0,0.0,0.0,0.0,0.0,0.0
TaxiAlgorithmP2PCollector,5,10000,10,50,1,nearest,1,4,1,BASELINE,Taxi Travel Distance [km],10,167.127,6.199800077421852,157.75,177.38,51.286000000000016,23.120000000000005,102.87
TaxiAlgorithmP2PCollector,5,10000,10,50,1,nearest,1,4,1,BASELINE,Client Waiting Time [min],10,25.816999999999997,2.5166408166442826,22.24,30.95,91.71900000000001,78.49,116.7
TaxiAlgorithmP2PCollector,5,10000,10,50,1,nearest,1,4,1,BASELINE,Client Travel Time [min],10,2417.7920000000004,180.67809700126907,2215.12,2748.86,5729.7,4084.0,8302.0
TaxiAlgorithmP2PCollector,5,10000,10,50,1,nearest,1,4,1,BASELINE,Calculation Time [millis],10,0.07799999999999999,0.005999999999999996,0.07,0.09,18.4,0.0,39.0
TaxiAlgorithmP2PCollector,5,10000,10,50,1,nearest,1,4,1,BASELINE,Custom Time [micros],10,0.0,0.0,0.0,0.0,0.0,0.0,0.0
TaxiAlgorithmP2PCollector,5,10000,20,50,1,nearest,1,4,1,BASELINE,Taxi Travel Distance [km],10,109.23599999999999,7.395025625378185,96.46,123.45,57.80800000000001,43.06,73.06
TaxiAlgorithmP2PCollector,5,10000,20,50,1,nearest,1,4,1,BASELINE,Client Waiting Time [min],10,11.263,1.0764483266743463,9.8,13.81,35.209999999999994,29.56,45.74
TaxiAlgorithmP2PCollector,5,10000,20,50,1,nearest,1,4,1,BASELINE,Client Travel Time [min],10,1582.896,106.76970349307896,1445.06,1844.08,2993.7,2320.0,4102.0
TaxiAlgorithmP2PCollector,5,10000,20,50,1,nearest,1,4,1,BASELINE,Calculation Time [millis],10,0.192,0.036,0.14,0.24,24.9,0.0,57.0
TaxiAlgorithmP2PCollector,5,10000,20,50,1,nearest,1,4,1,BASELINE,Custom Time [micros],10,0.0,0.0,0.0,0.0,0.0,0.0,0.0
TaxiAlgorithmP2PCollector,5,10000,20,100,1,nearest,1,4,1,BASELINE,Taxi Travel Distance [km],10,373.423,81.67412993720838,307.55,584.31,258.89700000000005,120.34999999999997,574.45
TaxiAlgorithmP2PCollector,5,10000,20,100,1,nearest,1,4,1,BASELINE,Client Waiting Time [min],10,70.926,13.577404906682277,59.7,108.78,292.71299999999997,195.32,564.43
TaxiAlgorithmP2PCollector,5,10000,20,100,1,nearest,1,4,1,BASELINE,Client Travel Time [min],10,5997.743,815.6288801906173,5230.66,8210.37,18043.2,12236.0,34071.0
TaxiAlgorithmP2PCollector,5,10000,20,100,1,nearest,1,4,1,BASELINE,Calculation Time [millis],10,0.366,0.026532998322843195,0.32,0.41,141.9,105.0,183.0
TaxiAlgorithmP2PCollector,5,10000,20,100,1,nearest,1,4,1,BASELINE,Custom Time [micros],10,0.0,0.0,0.0,0.0,0.0,0.0,0.0
TaxiAlgorithmP2PCollector,5,20000,5,25,1,nearest,1,4,1,BASELINE,Taxi Travel Distance [km],10,104.377,5.807602000826156,93.63,114.21,35.045,17.97,61.709999999999994
TaxiAlgorithmP2PCollector,5,20000,5,25,1,nearest,1,4,1,BASELINE,Client Waiting Time [min],10,12.521000000000003,3.0562475357863277,8.25,17.99,33.79,21.76,52.68
TaxiAlgorithmP2PCollector,5,20000,5,25,1,nearest,1,4,1,BASELINE,Client Travel Time [min],10,1202.132,197.4431742451483,896.16,1526.8,2081.7,1456.0,3029.0
TaxiAlgorithmP2PCollector,5,20000,5,25,1,nearest,1,4,1,BASELINE,Calculation Time [millis],10,0.031000000000000007,0.015132745950421555,0.02,0.06,3.7,0.0,35.0
TaxiAlgorithmP2PCollector,5,20000,5,25,1,nearest,1,4,1,BASELINE,Custom Time [micros],10,0.0,0.0,0.0,0.0,0.0,0.0,0.0
TaxiAlgorithmP2PCollector,5,20000,10,25,1,nearest,1,4,1,BASELINE,Taxi Travel Distance [km],10,50.665,3.7449198923341473,45.15,55.2,77.148,46.53999999999999,112.98
TaxiAlgorithmP2PCollector,5,20000,10,25,1,nearest,1,4,1,BASELINE,Client Waiting Time [min],10,7.287000000000001,0.6798389515171955,6.29,8.79,14.903,11.92,17.090000000000003
TaxiAlgorithmP2PCollector,5,20000,10,25,1,nearest,1,4,1,BASELINE,Client Travel Time [min],10,904.46,66.88856703503221,803.52,988.52,1311.4,1039.0,1673.0
TaxiAlgorithmP2PCollector,5,20000,10,25,1,nearest,1,4,1,BASELINE,Calculation Time [millis],10,0.001,0.0029999999999999996,0.0,0.01,0.0,0.0,0.0
TaxiAlgorithmP2PCollector,5,20000,10,25,1,nearest,1,4,1,BASELINE,Custom Time [micros],10,0.0,0.0,0.0,0.0,0.0,0.0,0.0
TaxiAlgorithmP2PCollector,5,20000,10,50,1,nearest,1,4,1,BASELINE,Taxi Travel Distance [km],10,172.239,8.114621925881695,162.25,188.57,52.010000000000005,35.41,69.88999999999999
TaxiAlgorithmP2PCollector,5,20000,10,50,1,nearest,1,4,1,BASELINE,Client Waiting Time [min],10,32.297,4.389715366626861,27.55,39.86,99.327,84.94999999999999,121.32
TaxiAlgorithmP2PCollector,5,20000,10,50,1,nearest,1,4,1,BASELINE,Client Travel Time [min],10,2790.7439999999997,284.9067438724468,2462.58,3263.94,6304.0,5080.0,7825.0
TaxiAlgorithmP2PCollector,5,20000,10,50,1,nearest,1,4,1,BASELINE,Calculation Time [millis],10,0.09799999999999999,0.006000000000000002,0.09,0.11,19.1,1.0,34.0
TaxiAlgorithmP2PCollector,5,20000,10,50,1,nearest,1,4,1,BASELINE,Custom Time [micros],10,0.0,0.0,0.0,0.0,0.0,0.0,0.0
TaxiAlgorithmP2PCollector,5,20000,20,50,1,nearest,1,4,1,BASELINE,Taxi Travel Distance [km],10,100.658,5.05761564375942,93.39,110.29,71.515,51.66,101.53999999999999
TaxiAlgorithmP2PCollector,5,20000,20,50,1,nearest,1,4,1,BASELINE,Client Waiting Time [min],10,14.508000000000001,1.1461221575381921,12.68,16.3,30.288999999999998,26.4,36.8
TaxiAlgorithmP2PCollector,5,20000,20,50,1,nearest,1,4,1,BASELINE,Client Travel Time [min],10,1781.158,106.04234039288264,1635.74,1954.12,2790.3,2169.0,3386.0
TaxiAlgorithmP2PCollector,5,20000,20,50,1,nearest,1,4,1,BASELINE,Calculation Time [millis],10,0.10300000000000001,0.04980963762164908,0.03,0.18,15.9,0.0,43.0
TaxiAlgorithmP2PCollector,5,20000,20,50,1,nearest,1,4,1,BASELINE,Custom Time [micros],10,0.0,0.0,0.0,0.0,0.0,0.0,0.0
TaxiAlgorithmP2PCollector,5,20000,20,100,1,nearest,1,4,1,BASELINE,Taxi Travel Distance [km],10,296.326,17.864622694028544,273.72,334.78,111.14200000000001,62.089999999999975,190.08
TaxiAlgorithmP2PCollector,5,20000,20,100,1,nearest,1,4,1,BASELINE,Client Waiting Time [min],10,67.18900000000001,7.192404952448102,59.07,83.82,208.791,167.79999999999998,234.52
TaxiAlgorithmP2PCollector,5,20000,20,100,1,nearest,1,4,1,BASELINE,Client Travel Time [min],10,5742.737,441.7498401369263,5175.86,6738.32,13497.5,11098.0,14990.0
TaxiAlgorithmP2PCollector,5,20000,20,100,1,nearest,1,4,1,BASELINE,Calculation Time [millis],10,0.32699999999999996,0.020518284528683196,0.3,0.37,110.4,99.0,131.0
TaxiAlgorithmP2PCollector,5,20000,20,100,1,nearest,1,4,1,BASELINE,Custom Time [micros],10,0.0,0.0,0.0,0.0,0.0,0.0,0.0
TaxiAlgorithmSinglePassenger,0,-1,5,25,1,n/a,-1,-1,-1,BASELINE,Taxi Travel Distance [km],10,95.96200000000002,10.01970837898988,74.41,103.5,33.278999999999996,18.069999999999993,56.029999999999994
TaxiAlgorithmSinglePassenger,0,-1,5,25,1,n/a,-1,-1,-1,BASELINE,Client Waiting Time [min],10,9.248999999999999,1.9267145611117387,4.73,12.49,26.187,9.77,46.85
TaxiAlgorithmSinglePassenger,0,-1,5,25,1,n/a,-1,-1,-1,BASELINE,Client Travel Time [min],10,1014.9279999999997,142.9041097239684,689.96,1241.48,1808.1,994.0,2891.0
TaxiAlgorithmSinglePassenger,0,-1,5,25,1,n/a,-1,-1,-1,BASELINE,Calculation Time [millis],10,0.0,0.0,0.0,0.0,0.1,0.0,1.0
TaxiAlgorithmSinglePassenger,0,-1,5,25,1,n/a,-1,-1,-1,BASELINE,Custom Time [micros],10,0.0,0.0,0.0,0.0,0.0,0.0,0.0
TaxiAlgorithmSinglePassenger,0,-1,10,25,1,n/a,-1,-1,-1,BASELINE,Taxi Travel Distance [km],10,36.724,4.396862972620366,28.39,42.52,53.754,37.410000000000004,67.74000000000001
TaxiAlgorithmSinglePassenger,0,-1,10,25,1,n/a,-1,-1,-1,BASELINE,Client Waiting Time [min],10,3.239,0.40905867549778235,2.4,3.75,7.773999999999998,4.46,11.45
TaxiAlgorithmSinglePassenger,0,-1,10,25,1,n/a,-1,-1,-1,BASELINE,Client Travel Time [min],10,661.904,79.20534163804862,512.28,765.4,977.0,738.0,1265.0
TaxiAlgorithmSinglePassenger,0,-1,10,25,1,n/a,-1,-1,-1,BASELINE,Calculation Time [millis],10,0.0,0.0,0.0,0.0,0.0,0.0,0.0
TaxiAlgorithmSinglePassenger,0,-1,10,25,1,n/a,-1,-1,-1,BASELINE,Custom Time [micros],10,0.0,0.0,0.0,0.0,0.0,0.0,0.0
TaxiAlgorithmSinglePassenger,0,-1,10,50,1,n/a,-1,-1,-1,BASELINE,Taxi Travel Distance [km],10,183.044,10.875005471262991,168.32,205.29,44.677,33.920000000000016,56.73000000000002
TaxiAlgorithmSinglePassenger,0,-1,10,50,1,n/a,-1,-1,-1,BASELINE,Client Waiting Time [min],10,33.944,6.376544832430804,28.43,47.14,107.532,84.87,133.87
TaxiAlgorithmSinglePassenger,0,-1,10,50,1,n/a,-1,-1,-1,BASELINE,Client Travel Time [min],10,2910.316,396.14831503364996,2557.0,3689.02,6818.3,5097.0,9265.0
TaxiAlgorithmSinglePassenger,0,-1,10,50,1,n/a,-1,-1,-1,BASELINE,Calculation Time [millis],10,0.0,0.0,0.0,0.0,0.0,0.0,0.0
TaxiAlgorithmSinglePassenger,0,-1,10,50,1,n/a,-1,-1,-1,BASELINE,Custom Time [micros],10,0.0,0.0,0.0,0.0,0.0,0.0,0.0
TaxiAlgorithmSinglePassenger,0,-1,20,50,1,n/a,-1,-1,-1,BASELINE,Taxi Travel Distance [km],10,73.763,5.732564958201522,65.66,86.36,99.33099999999999,69.07,129.81
TaxiAlgorithmSinglePassenger,0,-1,20,50,1,n/a,-1,-1,-1,BASELINE,Client Waiting Time [min],10,6.901999999999999,1.1136947517161064,5.18,9.0,20.648000000000003,10.950000000000001,33.92
TaxiAlgorithmSinglePassenger,0,-1,20,50,1,n/a,-1,-1,-1,BASELINE,Client Travel Time [min],10,1328.702,106.02513266202502,1181.82,1567.0,2436.4,1633.0,3746.0
TaxiAlgorithmSinglePassenger,0,-1,20,50,1,n/a,-1,-1,-1,BASELINE,Calculation Time [millis],10,0.0,0.0,0.0,0.0,0.0,0.0,0.0
TaxiAlgorithmSinglePassenger,0,-1,20,50,1,n/a,-1,-1,-1,BASELINE,Custom Time [micros],10,0.0,0.0,0.0,0.0,0.0,0.0,0.0
TaxiAlgorithmSinglePassenger,0,-1,20,100,1,n/a,-1,-1,-1,BASELINE,Taxi Travel Distance [km],10,363.707,8.684158047847818,351.39,377.61,99.628,90.56,120.10999999999996
TaxiAlgorithmSinglePassenger,0,-1,20,100,1,n/a,-1,-1,-1,BASELINE,Client Waiting Time [min],10,99.697,4.63448174017333,92.75,107.78,254.959,229.16,269.91999999999996
TaxiAlgorithmSinglePassenger,0,-1,20,100,1,n/a,-1,-1,-1,BASELINE,Client Travel Time [min],10,7623.276,302.1019686529699,7157.14,8149.5,16202.1,15194.0,18442.0
TaxiAlgorithmSinglePassenger,0,-1,20,100,1,n/a,-1,-1,-1,BASELINE,Calculation Time [millis],10,0.0,0.0,0.0,0.0,0.0,0.0,0.0
TaxiAlgorithmSinglePassenger,0,-1,20,100,1,n/a,-1,-1,-1,BASELINE,Custom Time [micros],10,0.0,0.0,0.0,0.0,0.0,0.0,0.0
TaxiAlgorithmVehicleRouting,0,-1,5,25,1,n/a,-1,-1,-1,BASELINE,Taxi Travel Distance [km],10,92.00699999999999,10.954547046774687,72.27,110.7,32.187,13.010000000000005,54.09
TaxiAlgorithmVehicleRouting,0,-1,5,25,1,n/a,-1,-1,-1,BASELINE,Client Waiting Time [min],10,11.176999999999998,2.5304705096088353,7.81,17.43,37.812,20.21,61.720000000000006
TaxiAlgorithmVehicleRouting,0,-1,5,25,1,n/a,-1,-1,-1,BASELINE,Client Travel Time [min],10,1103.5559999999998,283.3921215277518,765.44,1849.96,2257.7,1266.0,3625.0
TaxiAlgorithmVehicleRouting,0,-1,5,25,1,n/a,-1,-1,-1,BASELINE,Calculation Time [millis],10,0.05700000000000001,0.03067572330035594,0.03,0.14,45.6,15.0,100.0
TaxiAlgorithmVehicleRouting,0,-1,5,25,1,n/a,-1,-1,-1,BASELINE,Custom Time [micros],10,0.0,0.0,0.0,0.0,0.0,0.0,0.0
TaxiAlgorithmVehicleRouting,0,-1,10,25,1,n/a,-1,-1,-1,BASELINE,Taxi Travel Distance [km],10,38.089999999999996,4.241051756345353,29.77,43.42,55.93300000000001,27.92,84.31
TaxiAlgorithmVehicleRouting,0,-1,10,25,1,n/a,-1,-1,-1,BASELINE,Client Waiting Time [min],10,6.914,0.9621974849270809,5.02,8.0,19.293000000000003,14.85,25.799999999999997
TaxiAlgorithmVehicleRouting,0,-1,10,25,1,n/a,-1,-1,-1,BASELINE,Client Travel Time [min],10,726.408,88.80247347906476,542.12,833.16,1071.4,766.0,1395.0
TaxiAlgorithmVehicleRouting,0,-1,10,25,1,n/a,-1,-1,-1,BASELINE,Calculation Time [millis],10,0.033999999999999996,0.008,0.02,0.05,15.8,9.0,23.0
TaxiAlgorithmVehicleRouting,0,-1,10,25,1,n/a,-1,-1,-1,BASELINE,Custom Time [micros],10,0.0,0.0,0.0,0.0,0.0,0.0,0.0
TaxiAlgorithmVehicleRouting,0,-1,10,50,1,n/a,-1,-1,-1,BASELINE,Taxi Travel Distance [km],10,164.92499999999995,6.72067444532169,155.03,174.09,29.082000000000004,12.509999999999991,40.66999999999999
TaxiAlgorithmVehicleRouting,0,-1,10,50,1,n/a,-1,-1,-1,BASELINE,Client Waiting Time [min],10,24.548000000000002,3.1194319995794104,19.76,29.8,106.59499999999998,80.57000000000001,127.38000000000001
TaxiAlgorithmVehicleRouting,0,-1,10,50,1,n/a,-1,-1,-1,BASELINE,Client Travel Time [min],10,3027.016,412.2984607101996,2447.2,3773.04,6424.1,4862.0,7458.0
TaxiAlgorithmVehicleRouting,0,-1,10,50,1,n/a,-1,-1,-1,BASELINE,Calculation Time [millis],10,1.2900000000000003,0.3471599055190561,0.88,2.01,827.3,447.0,1522.0
TaxiAlgorithmVehicleRouting,0,-1,10,50,1,n/a,-1,-1,-1,BASELINE,Custom Time [micros],10,0.0,0.0,0.0,0.0,0.0,0.0,0.0
TaxiAlgorithmVehicleRouting,0,-1,20,50,1,n/a,-1,-1,-1,BASELINE,Taxi Travel Distance [km],10,69.8,4.133727131778295,62.91,76.67,109.001,73.86,143.39
TaxiAlgorithmVehicleRouting,0,-1,20,50,1,n/a,-1,-1,-1,BASELINE,Client Waiting Time [min],10,14.682999999999998,1.5483349120910503,12.04,16.96,51.96,36.629999999999995,69.83
TaxiAlgorithmVehicleRouting,0,-1,20,50,1,n/a,-1,-1,-1,BASELINE,Client Travel Time [min],10,1490.734,112.50066917134315,1291.28,1677.34,3241.2,2284.0,4691.0
TaxiAlgorithmVehicleRouting,0,-1,20,50,1,n/a,-1,-1,-1,BASELINE,Calculation Time [millis],10,0.43999999999999995,0.10705138952858109,0.27,0.57,189.4,89.0,401.0
TaxiAlgorithmVehicleRouting,0,-1,20,50,1,n/a,-1,-1,-1,BASELINE,Custom Time [micros],10,0.0,0.0,0.0,0.0,0.0,0.0,0.0
TaxiAlgorithmVehicleRouting,0,-1,20,100,1,n/a,-1,-1,-1,BASELINE,Taxi Travel Distance [km],10,301.291,11.22674614480972,286.35,318.29,74.81400000000001,30.589999999999975,237.09
TaxiAlgorithmVehicleRouting,0,-1,20,100,1,n/a,-1,-1,-1,BASELINE,Client Waiting Time [min],10,34.807,1.882514541776503,31.63,38.19,211.75300000000001,178.17,240.71
TaxiAlgorithmVehicleRouting,0,-1,20,100,1,n/a,-1,-1,-1,BASELINE,Client Travel Time [min],10,7100.886,426.60741302044903,6462.14,7766.81,13382.0,11689.0,15161.0
TaxiAlgorithmVehicleRouting,0,-1,20,100,1,n/a,-1,-1,-1,BASELINE,Calculation Time [millis],10,20.799000000000003,1.5911156463312146,18.55,24.38,10001.7,10001.0,10002.0
TaxiAlgorithmVehicleRouting,0,-1,20,100,1,n/a,-1,-1,-1,BASELINE,Custom Time [micros],10,0.0,0.0,0.0,0.0,0.0,0.0,0.0
