taxiCount,clientCount,taxiSeatCount,spawnScenario,waitingAvgMean,travelAvgMean,distanceAvgMean,servedRatio,kmPerServedClient,calculationAvgMean,calculationSumMean,calculationMsPerServedClient,communicationTotalMs,communicationMsPerServedClient,idleRoamingMode,variant
39,638,1,BASELINE,1.7100933333333335,9.456726666666667,76.5447456,1.0,4.679067521003135,0.003,254.8,0.39937304075235114,0.0,0.0,central,Central
39,638,1,RUSH_HOUR,1.9210166666666666,9.639435,78.07996010000001,1.0,4.772912921473354,0.0024000000000000002,217.9,0.3415360501567398,0.0,0.0,central,Central
39,638,1,SPATIAL_IMBALANCE,3.289476666666667,9.8634,79.8336429,1.0,4.880112967241379,0.0025,218.5,0.34247648902821315,0.0,0.0,central,Central
39,638,1,SPATIAL_ISLANDS,3.6515883333333337,11.113866666666667,90.0121192,1.0,5.502308226959248,0.0025,217.2,0.3404388714733543,0.0,0.0,central,Central
1685,27762,1,BASELINE,1.31656,32.715035,267.35106940000003,1.0,16.226732653951444,0.6234,56372.3,2.0305561558965493,0.0,0.0,central,Central
1685,27762,1,RUSH_HOUR,41.76129166666667,71.92939166666666,349.31721000000005,0.9480512931345003,22.363378658749355,0.6409,57802.8,2.1961078568149057,0.0,0.0,central,Central
1685,27762,1,SPATIAL_IMBALANCE,11.979215,38.78894666666666,317.1411648,1.0,19.248716327642104,0.644,58244.2,2.0979828542612204,0.0,0.0,central,Central
1685,27762,1,SPATIAL_ISLANDS,14.69835,44.70061333333333,365.10951059999996,1.0,22.16012986676032,0.5546,50801.7,1.8299005835314461,0.0,0.0,central,Central
39,638,1,BASELINE,4.35721125,12.126371296296297,81.97700839722222,0.9860675722744688,5.071774774284194,0.009625000000000002,849.661111111111,1.371855085457925,11.212352777777777,0.017735458283859043,none,P2P none
39,638,1,BASELINE,3.0736046296296298,10.772420509259259,105.60900804722222,0.9987678509230233,6.464686130256883,0.006159722222222223,538.5444444444444,0.8460848235147979,11.396058333333334,0.017874910766353655,past-avg,P2P past-avg
39,638,1,BASELINE,4.325698657407408,12.098670462962964,82.85857841111111,0.9861807732497387,5.125314229973412,0.010369444444444445,916.4000000000001,1.479225711204685,11.708456944444444,0.018493486312897003,past-avg-revisit,P2P past-avg-revisit
39,638,1,BASELINE,3.0608913425925923,10.761161712962963,105.88807170833334,0.9989071752002787,6.48073472353196,0.006327777777777778,553.5513888888888,0.8693995955515393,12.931305555555555,0.020282204414016552,past-avg-total,P2P past-avg-total
39,638,1,BASELINE,2.8516956481481484,10.571052592592592,158.43206577777778,0.9998171368861024,9.687722225481899,0.004729166666666667,413.0416666666667,0.6476012225550404,11.63001388888889,0.01823131909966043,random,P2P random
39,638,1,RUSH_HOUR,4.607059490740741,12.354630555555556,81.47027071111111,0.9851053639846743,5.043816381558926,0.008655555555555555,755.3944444444445,1.2206045844341782,12.011990277777777,0.019006682260682608,none,P2P none
39,638,1,RUSH_HOUR,3.49869212962963,11.149264953703703,103.74961019722222,0.996686694531522,6.36469330343781,0.006965277777777779,605.6986111111112,0.9550395024398411,13.409830555555555,0.021062089608394854,past-avg,P2P past-avg
39,638,1,RUSH_HOUR,4.510738935185184,12.225464421296296,82.96142951111112,0.9861938349007313,5.130831676745888,0.009176388888888888,801.2638888888889,1.2923573568950018,12.445063888888889,0.019679801215860826,past-avg-revisit,P2P past-avg-revisit
39,638,1,RUSH_HOUR,3.504317962962963,11.152452175925925,103.86205665,0.9968390804597702,6.3705549746574555,0.007008333333333334,609.5930555555556,0.9610161214819526,13.041254166666667,0.020479504433778155,past-avg-total,P2P past-avg-total
39,638,1,RUSH_HOUR,2.968913240740741,10.644371342592594,144.93152560833335,0.9997823058167885,8.862402237302828,0.005233333333333334,454.65694444444443,0.7128724597706961,13.046719444444443,0.020452468611468343,random,P2P random
39,638,1,SPATIAL_IMBALANCE,11.857973564814815,18.30760902777778,64.26819408055556,0.8854841518634622,4.304862901532541,0.018494444444444445,1643.625,3.1914783336801196,12.162209722222222,0.02044478280257944,none,P2P none
39,638,1,SPATIAL_IMBALANCE,2.9480751388888886,9.501986342592593,95.38129105277777,0.9992859630790666,5.835020015314255,0.005511111111111111,480.2902777777778,0.7536625321978576,17.851694444444444,0.027992558769119616,past-avg,P2P past-avg
39,638,1,SPATIAL_IMBALANCE,11.4531625,17.93444291666667,65.84235939861111,0.889385231626611,4.388932056355613,0.01844166666666667,1633.9125,3.16530202967172,13.305426388888888,0.022067731519815587,past-avg-revisit,P2P past-avg-revisit
39,638,1,SPATIAL_IMBALANCE,2.952167314814815,9.505987824074074,95.55307581666666,0.9993338557993732,5.845220956951047,0.005395833333333333,471.1458333333333,0.739245946946125,18.695290277777776,0.029313726668382795,past-avg-total,P2P past-avg-total
39,638,1,SPATIAL_IMBALANCE,3.173360185185185,9.703126203703704,171.40086029444444,0.999734413096482,10.482304343472128,0.006440277777777777,560.3958333333334,0.8787749983069019,14.239591666666668,0.022323746342050785,random,P2P random
39,638,1,SPATIAL_ISLANDS,15.445751388888889,23.544835046296296,64.41109900555556,0.8322840473702543,4.524615277719872,0.019352777777777778,1727.677777777778,3.669890319837031,8.258580555555556,0.014891263167820853,none,P2P none
39,638,1,SPATIAL_ISLANDS,2.9673818055555556,10.399741574074074,106.14943116666667,0.9991292232671543,6.494849957862554,0.005851388888888889,511.64861111111105,0.8031159716231433,16.048319444444445,0.025165461289428828,past-avg,P2P past-avg
39,638,1,SPATIAL_ISLANDS,14.862887453703703,22.975178101851853,66.15740638472222,0.8377742946708464,4.612619247771006,0.019493055555555555,1739.4597222222224,3.714804947981734,9.245883333333333,0.016472064065963382,past-avg-revisit,P2P past-avg-revisit
39,638,1,SPATIAL_ISLANDS,2.964634166666667,10.397291481481481,106.20757474722222,0.9990856844305119,6.49871164682825,0.005908333333333333,514.6652777777778,0.80791272573869,16.55086111111111,0.02595538362884924,past-avg-total,P2P past-avg-total
39,638,1,SPATIAL_ISLANDS,3.172207222222222,10.583673680555556,191.91918702916666,0.9995515499825844,11.740873580397533,0.006833333333333334,594.4055555555556,0.9323992461162506,12.188165277777777,0.019109455169107552,random,P2P random
1685,27762,1,BASELINE,3.504171527777778,34.80386574074074,278.46092574305555,0.999715238255329,16.905638927161885,3.534025,323906.0138888889,11.671874738963105,36667.602138888884,1.3211084849319366,none,P2P none
1685,27762,1,BASELINE,5.464519212962963,36.50929460648148,356.5620155986111,0.9988729098127737,21.665337049398996,4.834269444444445,451162.1638888889,16.273270309838836,42403.643238888886,1.5288831913902057,past-avg,P2P past-avg
1685,27762,1,BASELINE,3.481407615740741,34.78207138888889,281.9213448388889,0.9997453553618456,17.11518744100945,4.077538888888889,373149.85833333334,13.445646093255668,39026.393668055556,1.4060587731318037,past-avg-revisit,P2P past-avg-revisit
1685,27762,1,BASELINE,5.475131458333333,36.51858118055556,357.9938869736111,0.9988678069143274,21.752354858572236,4.918504166666667,457415.19583333336,16.498469853632194,41322.554094444444,1.4899224412535677,past-avg-total,P2P past-avg-total
1685,27762,1,BASELINE,2.7488475925925924,34.14515384259259,664.4381350888889,0.9999985992043481,40.327781231853635,3.0395680555555558,275163.25833333336,9.911525755405771,42694.20330277778,1.5378664870275922,random,P2P random
1685,27762,1,RUSH_HOUR,16.30529685185185,46.64735342592593,262.81537325694444,0.9850441550800855,16.186387792172766,6.2143125,590207.8500000001,21.59303832306369,201742.95020555553,7.339128654546457,none,P2P none
1685,27762,1,RUSH_HOUR,22.784981828703703,52.06099803240741,301.6591603472222,0.9811486424288997,18.65950862910387,8.526251388888888,821744.3333333334,30.137754551639244,297214.7388055555,10.869204969768976,past-avg,P2P past-avg
1685,27762,1,RUSH_HOUR,15.22874675925926,45.460287523148146,267.1256691805556,0.9879604115137399,16.40512662491225,6.1417319444444445,576683.1263888889,21.03492623849726,204163.53353472223,7.416205597946823,past-avg-revisit,P2P past-avg-revisit
1685,27762,1,RUSH_HOUR,22.790601064814815,52.06123807870371,302.1903242902778,0.9812019226920891,18.691243101622703,8.568473611111111,827263.2458333333,30.339155845159766,298871.7171680556,10.930134209749808,past-avg-total,P2P past-avg-total
1685,27762,1,RUSH_HOUR,12.203017546296296,42.41107157407407,463.76291693888885,0.9940466184792963,28.31590697229111,5.063095833333333,457269.37916666665,16.572942558940227,197805.65730138888,7.171436980916019,random,P2P random
1685,27762,1,SPATIAL_IMBALANCE,93.85492564814814,119.43098148148147,125.36476638055557,0.6724299402060371,11.097337121915452,7.9929041666666665,864482.6472222223,46.318319127955206,182335.38100277778,8.54331510215631,none,P2P none
1685,27762,1,SPATIAL_IMBALANCE,6.219779722222222,32.68145472222222,341.1111315930555,0.9968396048955808,20.770022536070954,4.309701388888889,390109.30000000005,14.100190563912765,74284.32138611111,2.6816601406164815,past-avg,P2P past-avg
1685,27762,1,SPATIAL_IMBALANCE,88.278,113.05947770833333,138.31191434027778,0.7085293446677713,11.541234657456487,8.07748611111111,861409.9208333333,44.31322086717952,161273.66664305556,7.110953655154072,past-avg-revisit,P2P past-avg-revisit
1685,27762,1,SPATIAL_IMBALANCE,6.123223634259259,32.593681296296296,342.87510565694447,0.9969442643421463,20.875008657596744,4.408448611111111,399157.01111111115,14.425367685127876,78963.18250138889,2.850206262589672,past-avg-total,P2P past-avg-total
1685,27762,1,SPATIAL_IMBALANCE,52.375995208333336,74.0169855324074,745.7048681763889,0.9179796624482707,49.337208155849616,8.699868055555555,822989.113888889,32.23989627349908,136677.0165736111,5.270789627155837,random,P2P random
1685,27762,1,SPATIAL_ISLANDS,133.21797527777778,165.46874398148145,95.84608131388889,0.5356511998815328,10.355884175446143,9.475116666666667,1044521.2152777778,69.99737108680243,220139.32338055555,11.452297349482738,none,P2P none
1685,27762,1,SPATIAL_ISLANDS,50.35277233796297,74.04447310185185,306.10254092499997,0.9538679469938925,19.459948572126407,8.060575,757203.3777777778,28.556625864216116,164763.58889722222,6.166893127770535,past-avg,P2P past-avg
1685,27762,1,SPATIAL_ISLANDS,127.02823094907409,158.66288481481482,108.58803236388889,0.568652344531694,10.849155293890448,9.450205555555556,1027474.5041666667,66.8768298909923,186944.84853055555,9.266900964929993,past-avg-revisit,P2P past-avg-revisit
1685,27762,1,SPATIAL_ISLANDS,49.238558078703704,73.07758127314816,308.9803708333333,0.9550604243210142,19.612588961186045,7.9825375,749433.4013888888,28.24317424945575,153568.73307916668,5.7480004211735904,past-avg-total,P2P past-avg-total
1685,27762,1,SPATIAL_ISLANDS,57.786895092592594,82.78850909722222,750.8600810875,0.9284878811164741,49.1882344431597,9.172865277777777,877204.4527777778,33.960556167372374,172688.75854583332,6.529651163697008,random,P2P random
