taxiCount,clientCount,taxiSeatCount,spawnScenario,kHops,p2pRqsRadius,idleRoamingMode,waitingAvgMean,travelAvgMean,distanceAvgMean,servedRatio,calculationAvgMean,communicationAvgMean,kmPerServedClient,calculationMsPerServedClient,pickupPct,communicationSharePct
39,638,1,BASELINE,0,1000,none,6.213748333333333,14.050640000000001,67.8687698,0.9598746081504702,0.02105,0.0838,4.321898479324002,3.0412475949027398,95.98746081504702,0.39809976247030876
39,638,1,BASELINE,0,1000,past-avg,2.580945,10.193975,119.4923548,0.9963949843260189,0.0113875,0.07585,7.330756919555159,1.5629424989959337,99.6394984326019,0.6660812294182217
39,638,1,BASELINE,0,1000,past-avg-revisit,6.139686666666667,13.972441666666665,68.0446318,0.9606583072100313,0.0214125,0.0653375,4.329575065989315,3.103677974012452,96.06583072100314,0.3051371862230006
39,638,1,BASELINE,0,1000,past-avg-total,2.5371566666666667,10.155416666666666,119.5806312,0.9968652037617555,0.0114125,0.0869,7.332727821574866,1.5665507333122681,99.68652037617555,0.7614457831325302
39,638,1,BASELINE,0,1000,random,1.980678333333333,9.652893333333333,261.32467269999995,0.9993730407523511,0.007625,0.09365,15.984707443411978,1.0446324503021223,99.93730407523512,1.2281967213114755
39,638,1,BASELINE,0,2000,none,3.0000733333333334,10.713728333333332,83.8400822,0.99858934169279,0.0052125,0.1124,5.132289845683171,0.7154753435949351,99.858934169279,2.156354916067146
39,638,1,BASELINE,0,2000,past-avg,2.7571666666666665,10.49204,99.1404106,0.9998432601880878,0.0035625,0.1219875,6.061340107773015,0.49597170071308005,99.98432601880877,3.424210526315789
39,638,1,BASELINE,0,2000,past-avg-revisit,2.963716666666667,10.692026666666667,84.3948357,0.9982758620689655,0.0055,0.11435,5.167806225725647,0.7556366634682826,99.82758620689654,2.079090909090909
39,638,1,BASELINE,0,2000,past-avg-total,2.75733,10.492638333333334,99.2142426,0.9998432601880878,0.003875,0.145375,6.065822200857271,0.5312491695496622,99.98432601880877,3.7516129032258068
39,638,1,BASELINE,0,2000,random,2.6963866666666667,10.436076666666667,108.67422959999999,1.0,0.0032125,0.1256,6.643095539811912,0.446532131661442,100.0,3.9097276264591434
39,638,1,BASELINE,0,3000,none,3.9080733333333333,11.651821666666667,94.1985436,1.0,0.0031875000000000002,0.1743375,5.758218182445141,0.4349725705329154,100.0,5.469411764705883
39,638,1,BASELINE,0,3000,past-avg,3.868195,11.614478333333334,98.7812191,1.0,0.0033,0.1813125,6.038350383855799,0.4501371473354232,100.0,5.494318181818182
39,638,1,BASELINE,0,3000,past-avg-revisit,3.8746183333333333,11.619136666666666,95.25957079999999,1.0,0.0034625000000000003,0.2026625,5.823077211912225,0.4696512539184953,100.0,5.853068592057761
39,638,1,BASELINE,0,3000,past-avg-total,3.8734949999999997,11.619675,99.0328547,1.0,0.0033125000000000003,0.20933749999999998,6.053732497335423,0.4600901253918495,100.0,6.319622641509433
39,638,1,BASELINE,0,3000,random,3.84084,11.587298333333333,102.98683989999999,1.0,0.003,0.1709875,6.295433786990595,0.4067985893416928,100.0,5.699583333333332
39,638,1,BASELINE,1,1000,none,6.16660375,14.003663333333334,67.9859422,0.9599529780564263,0.0196,0.0826375,4.328975755613871,2.8454193012272286,95.99529780564264,0.42161989795918364
39,638,1,BASELINE,1,1000,past-avg,2.5787620833333333,10.193930416666667,119.331532525,0.996473354231975,0.0110875,0.06965,7.320293353730225,1.5211266512050627,99.6473354231975,0.628184892897407
39,638,1,BASELINE,1,1000,past-avg-revisit,6.097160416666667,13.945055833333333,68.15891395,0.960344827586207,0.0217625,0.0731125,4.33816606373015,3.1551099429691223,96.0344827586207,0.3359563469270534
39,638,1,BASELINE,1,1000,past-avg-total,2.53819625,10.158979166666667,119.40605417500001,0.9968652037617555,0.011475,0.0917,7.322034970436725,1.579634778520436,99.68652037617555,0.799128540305011
39,638,1,BASELINE,1,1000,random,1.99863,9.670806666666667,264.0278663,0.9994514106583072,0.0076749999999999995,0.0936125,16.14862674769833,1.0489079165056836,99.94514106583073,1.2197068403908795
39,638,1,BASELINE,1,2000,none,2.98582125,10.709388749999999,83.84835895,0.9983542319749217,0.0052625,0.11812500000000001,5.133986687961339,0.7201314025483659,99.83542319749216,2.2446555819477436
39,638,1,BASELINE,1,2000,past-avg,2.75978,10.495710833333334,98.67382244999999,0.9998432601880878,0.0035875000000000004,0.123775,6.032792264509629,0.4967913859539475,99.98432601880877,3.4501742160278734
39,638,1,BASELINE,1,2000,past-avg-revisit,2.9550229166666666,10.68346,84.84836047499999,0.9982758620689656,0.0055875000000000005,0.12129999999999999,5.1955966540397185,0.7703213089585333,99.82758620689656,2.1709172259507827
39,638,1,BASELINE,1,2000,past-avg-total,2.77499,10.509045833333332,99.31526235,0.9999216300940439,0.0038624999999999996,0.1391375,6.071494248283859,0.5306011107119482,99.9921630094044,3.6022653721682847
39,638,1,BASELINE,1,2000,random,2.70717625,10.44699625,108.600162,1.0,0.0032875,0.13016250000000001,6.6385678965517245,0.45842476489028217,100.0,3.959315589353613
39,638,1,BASELINE,1,3000,none,3.9003175,11.645083333333332,94.18985155000001,1.0,0.0031375,0.1883125,5.75768685023511,0.4341888714733542,100.0,6.0019920318725095
39,638,1,BASELINE,1,3000,past-avg,3.8954466666666665,11.641859166666666,98.9516753,1.0,0.0033250000000000003,0.19799999999999998,6.0487701202194355,0.4499020376175549,100.0,5.954887218045112
39,638,1,BASELINE,1,3000,past-avg-revisit,3.897054166666667,11.641170833333334,95.81870835,1.0,0.0035625,0.1965125,5.85725646653605,0.48914576802507836,100.0,5.516140350877193
39,638,1,BASELINE,1,3000,past-avg-total,3.8768000000000002,11.623080833333333,99.11294889999999,1.0,0.003375,0.2066375,6.058628537774295,0.46349921630094043,100.0,6.122592592592593
39,638,1,BASELINE,1,3000,random,3.8628083333333336,11.609006666666666,103.66627969999999,1.0,0.0030875,0.1823625,6.3369669409090905,0.42159090909090907,100.0,5.906477732793523
39,638,1,BASELINE,2,1000,none,6.151890416666666,14.004314583333333,67.980050525,0.9596003134796238,0.020125,0.07189999999999999,4.330178770539345,2.925293059233346,95.96003134796238,0.3572670807453415
39,638,1,BASELINE,2,1000,past-avg,2.58339875,10.19785,119.37034034999999,0.9964341692789969,0.01185,0.0728,7.3229721619575985,1.6256593025487036,99.6434169278997,0.6143459915611815
39,638,1,BASELINE,2,1000,past-avg-revisit,6.079352083333333,13.949955,68.1676717,0.9596394984326019,0.0223875,0.0679875,4.341846157214304,3.2479664122111815,95.96394984326018,0.3036850921273032
39,638,1,BASELINE,2,1000,past-avg-total,2.5391749999999997,10.159557916666667,119.43423795000001,0.9968260188087774,0.0119625,0.0814625,7.3240588612945015,1.6399607514298213,99.68260188087774,0.6809822361546499
39,638,1,BASELINE,2,1000,random,2.004785,9.676275833333333,264.89818345000003,0.9995297805642634,0.0079875,0.100525,16.200559392380374,1.0928251816421024,99.95297805642635,1.258528951486698
39,638,1,BASELINE,2,2000,none,2.9917808333333333,10.71686,83.7146647,0.9983150470219435,0.005625,0.125625,5.126000700535115,0.7651482085722753,99.83150470219435,2.233333333333333
39,638,1,BASELINE,2,2000,past-avg,2.75139,10.488344166666668,97.8534285,0.9999216300940439,0.0038875000000000003,0.1343,5.982126720899175,0.5336472640659833,99.9921630094044,3.4546623794212215
39,638,1,BASELINE,2,2000,past-avg-revisit,3.0097308333333332,10.726174166666667,85.006260025,0.9984326018808778,0.005825,0.1293,5.204438608469099,0.8000683155235322,99.84326018808778,2.219742489270386
39,638,1,BASELINE,2,2000,past-avg-total,2.762950833333333,10.497865833333334,98.6406176,0.9998432601880878,0.0041125,0.153125,6.030752809810632,0.5615527944961443,99.98432601880877,3.7234042553191493
39,638,1,BASELINE,2,2000,random,2.7056804166666666,10.44565875,107.98916295,1.0,0.0034000000000000002,0.1326375,6.60121842484326,0.4623040752351097,100.0,3.90110294117647
39,638,1,BASELINE,2,3000,none,3.8965924999999997,11.641841666666668,94.16681205,0.9999216300940439,0.003425,0.196325,5.756737696220652,0.4648194170361658,99.9921630094044,5.732116788321168
39,638,1,BASELINE,2,3000,past-avg,3.8873575000000002,11.633596666666666,98.88628879999999,1.0,0.00345,0.198425,6.044773139811912,0.47858542319749214,100.0,5.751449275362319
39,638,1,BASELINE,2,3000,past-avg-revisit,3.9149458333333333,11.658613333333333,96.0282529,1.0,0.0038250000000000003,0.2345875,5.870065616144201,0.521453761755486,100.0,6.133006535947712
39,638,1,BASELINE,2,3000,past-avg-total,3.8879283333333334,11.634195833333333,99.25579590000001,1.0,0.0035625,0.22025,6.0673605644200626,0.4914576802507837,100.0,6.182456140350878
39,638,1,BASELINE,2,3000,random,3.8682758333333336,11.614460833333332,103.7211954,1.0,0.0032875,0.1714375,6.340323856739812,0.4463949843260188,100.0,5.2148288973384025
39,638,1,RUSH_HOUR,0,1000,none,6.909426666666667,14.763738333333333,66.5045254,0.9553291536050157,0.017112500000000003,0.0882625,4.254873270757144,2.4481584717908227,95.53291536050156,0.5157779401022643
39,638,1,RUSH_HOUR,0,1000,past-avg,3.6675933333333335,11.205346666666667,111.366371,0.990909090909091,0.0125625,0.0918375,6.870034480473355,1.7258058985988503,99.0909090909091,0.731044776119403
39,638,1,RUSH_HOUR,0,1000,past-avg-revisit,6.706376666666666,14.536606666666666,66.877591,0.9564263322884013,0.0183125,0.08059999999999999,4.273835915872912,2.6269598652008392,95.64263322884014,0.44013651877133103
39,638,1,RUSH_HOUR,0,1000,past-avg-total,3.742196666666667,11.263451666666665,111.2007836,0.9913793103448276,0.0124125,0.08165,6.856521761467614,1.712369157194427,99.13793103448276,0.657804632426989
39,638,1,RUSH_HOUR,0,1000,random,2.276585,9.87981,226.229475,0.9992163009404389,0.0083,0.1141875,13.839631878989474,1.131391364487203,99.92163009404389,1.375753012048193
39,638,1,RUSH_HOUR,0,2000,none,3.082845,10.758703333333333,83.4594695,0.9987460815047022,0.005275,0.1077125,5.10814566385862,0.7223194466930937,99.87460815047022,2.041943127962085
39,638,1,RUSH_HOUR,0,2000,past-avg,2.8884133333333333,10.583661666666668,100.5487778,0.9995297805642634,0.0043125,0.1355,6.149249818328781,0.5799655966458178,99.95297805642635,3.1420289855072463
39,638,1,RUSH_HOUR,0,2000,past-avg-revisit,3.02642,10.707795,84.4942623,0.9989028213166143,0.005425,0.109225,5.1706931891962995,0.7348946069537551,99.89028213166144,2.013364055299539
39,638,1,RUSH_HOUR,0,2000,past-avg-total,2.890225,10.585038333333333,100.2231889,0.9996865203761754,0.004375,0.13545000000000001,6.128432084991363,0.5908500059054246,99.96865203761755,3.096
39,638,1,RUSH_HOUR,0,2000,random,2.7568433333333333,10.461586666666667,108.038383,1.0,0.0035625,0.1358875,6.604227173981191,0.4947100313479624,100.0,3.81438596491228
39,638,1,RUSH_HOUR,0,3000,none,3.9210583333333333,11.63505,93.9852492,0.9998432601880878,0.0033625,0.2016375,5.746083920065894,0.45809830563525145,99.98432601880877,5.996654275092936
39,638,1,RUSH_HOUR,0,3000,past-avg,3.9196866666666663,11.635585,99.5567897,0.9998432601880878,0.0035125,0.202325,6.08669200935001,0.47865207452645875,99.98432601880877,5.7601423487544485
39,638,1,RUSH_HOUR,0,3000,past-avg-revisit,3.91341,11.627925000000001,95.6367974,1.0,0.0035375000000000003,0.1897375,5.846136518181818,0.4880681818181818,100.0,5.363604240282685
39,638,1,RUSH_HOUR,0,3000,past-avg-total,3.922061666666667,11.638328333333334,99.9241129,1.0,0.0035125,0.204125,6.1082137979623825,0.47695924764890285,100.0,5.8113879003558715
39,638,1,RUSH_HOUR,0,3000,random,3.893906666666667,11.6096,102.2089547,1.0,0.0033,0.1794,6.247882810815047,0.4480407523510972,100.0,5.4363636363636365
39,638,1,RUSH_HOUR,1,1000,none,6.7491079166666665,14.638123333333333,66.73612275,0.9558777429467085,0.0166,0.0787125,4.267241002319813,2.3818585974665405,95.58777429467085,0.47417168674698795
39,638,1,RUSH_HOUR,1,1000,past-avg,3.6919125,11.236947083333334,111.282236075,0.9901645768025079,0.0125125,0.0991875,6.870081961394616,1.7325845658351096,99.0164576802508,0.7927072927072928
39,638,1,RUSH_HOUR,1,1000,past-avg-revisit,6.566689583333333,14.297460416666667,67.57274085,0.9603840125391849,0.0179625,0.09206249999999999,4.300770612522645,2.574298370907749,96.0384012539185,0.5125260960334029
39,638,1,RUSH_HOUR,1,1000,past-avg-total,3.6789058333333333,11.2256,111.39740535,0.9903605015673982,0.0130125,0.09458749999999999,6.875763242494404,1.7926460383168767,99.03605015673982,0.7268972142170989
39,638,1,RUSH_HOUR,1,1000,random,2.259054166666667,9.86381125,225.6004307,0.9995297805642633,0.00835,0.108525,13.797061088881152,1.1381793189189904,99.95297805642633,1.299700598802395
39,638,1,RUSH_HOUR,1,2000,none,3.080185,10.746810833333333,83.6623447,0.999294670846395,0.0053375,0.1424375,5.117786342141885,0.7280798778977629,99.9294670846395,2.6686182669789225
39,638,1,RUSH_HOUR,1,2000,past-avg,2.88993,10.584331666666667,100.27312180000001,0.9997648902821317,0.00435,0.1428625,6.131005984837264,0.5912548964845298,99.97648902821317,3.2841954022988515
39,638,1,RUSH_HOUR,1,2000,past-avg-revisit,2.994008333333333,10.67133,85.299526625,0.9991379310344828,0.005175,0.11605,5.218736860429866,0.6985860894341585,99.91379310344828,2.242512077294686
39,638,1,RUSH_HOUR,1,2000,past-avg-total,2.8909391666666666,10.581259166666666,100.4919198,0.9999216300940439,0.0045375,0.1348375,6.143403199425821,0.611575185897846,99.9921630094044,2.971625344352617
39,638,1,RUSH_HOUR,1,2000,random,2.754659166666667,10.458629166666666,108.15251165000001,1.0,0.00375,0.1311875,6.6112036902037605,0.5098354231974922,100.0,3.498333333333334
39,638,1,RUSH_HOUR,1,3000,none,3.9357958333333336,11.6504025,94.1970686,1.0,0.0034500000000000004,0.2086,5.758128017868339,0.4639302507836991,100.0,6.046376811594202
39,638,1,RUSH_HOUR,1,3000,past-avg,3.9236158333333333,11.640381666666666,99.4819092,0.9998432601880878,0.0034125,0.2219,6.082158633006525,0.4610195223495716,99.98432601880877,6.502564102564101
39,638,1,RUSH_HOUR,1,3000,past-avg-revisit,3.906975,11.620640000000002,96.13757605,0.9998432601880878,0.0036125000000000003,0.2187625,5.877647321137483,0.4953373904420702,99.98432601880877,6.0557093425605535
39,638,1,RUSH_HOUR,1,3000,past-avg-total,3.913520833333333,11.630028333333334,99.76160725,0.9998432601880878,0.00335,0.2259625,6.099264698131917,0.4624178161739738,99.98432601880877,6.745149253731343
39,638,1,RUSH_HOUR,1,3000,random,3.8792441666666666,11.595920833333334,101.62319905,1.0,0.0033875000000000003,0.2008375,6.212076430956113,0.4584835423197492,100.0,5.9287822878228775
39,638,1,RUSH_HOUR,2,1000,none,6.78945625,14.612602500000001,66.8544567,0.9580329153605016,0.0174625,0.07880000000000001,4.265374036507085,2.5130209987037286,95.80329153605017,0.4512526843235505
39,638,1,RUSH_HOUR,2,1000,past-avg,3.680875,11.221336666666666,111.31185895,0.9905172413793104,0.013325,0.0833375,6.869446112280841,1.8365480460072994,99.05172413793105,0.6254221388367729
39,638,1,RUSH_HOUR,2,1000,past-avg-revisit,6.551800833333333,14.244243125,67.876317375,0.9619905956112852,0.0188,0.093025,4.312886448779913,2.693530870292685,96.19905956112852,0.494813829787234
39,638,1,RUSH_HOUR,2,1000,past-avg-total,3.6754891666666665,11.21442875,111.42947655,0.9906739811912226,0.0132875,0.08462499999999999,6.875574104774547,1.8307452221571114,99.06739811912226,0.6368767638758231
39,638,1,RUSH_HOUR,2,1000,random,2.2458675,9.854683333333334,222.709455675,0.999294670846395,0.0085125,0.0956625,13.623468868638525,1.1597610783545234,99.9294670846395,1.1237885462555066
39,638,1,RUSH_HOUR,2,2000,none,3.0671912499999996,10.7432675,83.683535,0.9988244514106583,0.0055249999999999995,0.12232499999999999,5.121484902376759,0.7547519567047299,99.88244514106583,2.2140271493212667
39,638,1,RUSH_HOUR,2,2000,past-avg,2.8988991666666664,10.592205,100.48047115,0.9997648902821317,0.004725,0.158525,6.143670986820367,0.6483582679674323,99.97648902821317,3.3550264550264544
39,638,1,RUSH_HOUR,2,2000,past-avg-revisit,3.0104883333333334,10.688682083333333,85.70274115000001,0.9992163009404389,0.005575,0.1370125,5.243014518168918,0.7541701547321842,99.92163009404389,2.45762331838565
39,638,1,RUSH_HOUR,2,2000,past-avg-total,2.9110275,10.603123333333333,100.57696085,0.9998432601880878,0.0048375,0.1386625,6.149079960149702,0.6584150455455874,99.98432601880877,2.86640826873385
39,638,1,RUSH_HOUR,2,2000,random,2.7557975,10.46005,108.47686574999999,1.0,0.0041,0.1351875,6.631030978448274,0.5582484326018808,100.0,3.2972560975609753
39,638,1,RUSH_HOUR,2,3000,none,3.928469166666667,11.642976666666668,94.14966455000001,1.0,0.003775,0.2124375,5.755230278134796,0.515223354231975,100.0,5.627483443708609
39,638,1,RUSH_HOUR,2,3000,past-avg,3.9273033333333336,11.643589166666667,99.44495609999998,0.9998432601880878,0.003975,0.252375,6.079899744448532,0.5411666535435009,99.98432601880877,6.349056603773584
39,638,1,RUSH_HOUR,2,3000,past-avg-revisit,3.9204816666666664,11.6344975,97.05531284999999,0.9998432601880878,0.0041875,0.2497625,5.933763706423134,0.5653706822733917,99.98432601880877,5.964477611940298
39,638,1,RUSH_HOUR,2,3000,past-avg-total,3.9144958333333335,11.630811666666666,99.75305465,0.9998432601880878,0.00375,0.24989999999999998,6.098741922519353,0.5131673744974237,99.98432601880877,6.664000000000001
39,638,1,RUSH_HOUR,2,3000,random,3.8982616666666665,11.615250833333334,101.34445495,1.0,0.0038375,0.2508875,6.195037214811912,0.5172021943573668,100.0,6.537785016286644
39,638,1,SPATIAL_IMBALANCE,0,1000,none,22.085473333333333,28.760695,35.5196865,0.6987460815047022,0.0267,0.059425,3.1068627820884953,5.376244821455417,69.87460815047022,0.22256554307116105
39,638,1,SPATIAL_IMBALANCE,0,1000,past-avg,1.9648116666666666,8.48995,103.82440679999999,0.9978056426332289,0.008225,0.09696250000000001,6.360590446795917,1.1233668405826598,99.78056426332289,1.1788753799392098
39,638,1,SPATIAL_IMBALANCE,0,1000,past-avg-revisit,21.806381666666667,28.537745,35.963851899999995,0.7015673981191223,0.027600000000000003,0.047037499999999996,3.1332710366571215,5.511965882171936,70.15673981191223,0.17042572463768113
39,638,1,SPATIAL_IMBALANCE,0,1000,past-avg-total,1.96281,8.483623333333334,103.6891265,0.9976489028213166,0.008075,0.1054,6.353267529354433,1.1016197866550372,99.76489028213166,1.3052631578947367
39,638,1,SPATIAL_IMBALANCE,0,1000,random,2.304351666666667,8.761228333333333,298.2520397,0.9995297805642634,0.010725,0.11765,18.240399095771224,1.4549379807384732,99.95297805642635,1.096969696969697
39,638,1,SPATIAL_IMBALANCE,0,2000,none,9.555031666666666,15.678315000000001,69.0610153,0.9520376175548589,0.023925000000000002,0.0909,4.434329448363039,3.478767183353282,95.2037617554859,0.37993730407523507
39,638,1,SPATIAL_IMBALANCE,0,2000,past-avg,2.6941916666666668,9.264468333333333,91.49734579999999,0.9996865203761754,0.00335,0.16817500000000002,5.594910962181345,0.4653561887581081,99.96865203761755,5.0201492537313435
39,638,1,SPATIAL_IMBALANCE,0,2000,past-avg-revisit,9.293258333333332,15.369713333333333,69.8714617,0.9556426332288402,0.0234125,0.08285000000000001,4.469572453524302,3.3782571405282105,95.56426332288403,0.3538707955152163
39,638,1,SPATIAL_IMBALANCE,0,2000,past-avg-total,2.706265,9.274583333333334,91.927348,1.0,0.003725,0.24714999999999998,5.6193833416927905,0.5234326018808777,100.0,6.634899328859059
39,638,1,SPATIAL_IMBALANCE,0,2000,random,2.9824133333333336,9.540416666666667,120.7414976,1.0,0.0043375,0.1380375,7.380749853291536,0.5889302507836991,100.0,3.182420749279539
39,638,1,SPATIAL_IMBALANCE,0,3000,none,4.2042383333333335,10.778085,87.2432843,1.0,0.00385,0.2298625,5.333053428996865,0.5310540752351097,100.0,5.970454545454546
39,638,1,SPATIAL_IMBALANCE,0,3000,past-avg,4.158535,10.732380000000001,90.7879256,1.0,0.0045625,0.2912625,5.549732129153606,0.6261363636363637,100.0,6.383835616438356
39,638,1,SPATIAL_IMBALANCE,0,3000,past-avg-revisit,4.207781666666667,10.781563333333333,88.6829239,1.0,0.0040875,0.326575,5.421056476645768,0.5653605015673981,100.0,7.989602446483181
39,638,1,SPATIAL_IMBALANCE,0,3000,past-avg-total,4.164393333333334,10.73831,91.2465437,1.0,0.003975,0.302725,5.5777667778996864,0.5510775862068965,100.0,7.6157232704402515
39,638,1,SPATIAL_IMBALANCE,0,3000,random,4.219688333333333,10.793461666666667,96.9894059,1.0,0.003775,0.2446875,5.92881948291536,0.5214537617554859,100.0,6.481788079470198
39,638,1,SPATIAL_IMBALANCE,1,1000,none,21.933965416666666,28.64443125,35.777874425,0.7005877742946709,0.02775,0.056375,3.121449173556527,5.571374784176742,70.05877742946709,0.20315315315315316
39,638,1,SPATIAL_IMBALANCE,1,1000,past-avg,1.9935504166666667,8.50779375,103.822760125,0.9980407523510972,0.008575,0.113675,6.358910604199378,1.1660025827486602,99.80407523510972,1.325655976676385
39,638,1,SPATIAL_IMBALANCE,1,1000,past-avg-revisit,21.64315708333333,28.439535,36.238826775,0.7027429467084639,0.0284875,0.054775,3.152212768415182,5.701125670643761,70.27429467084639,0.19227731461167177
39,638,1,SPATIAL_IMBALANCE,1,1000,past-avg-total,1.9879070833333334,8.50421625,103.59672144999999,0.9982366771159875,0.0083375,0.1238875,6.343822794520428,1.1395309686305592,99.82366771159874,1.4859070464767616
39,638,1,SPATIAL_IMBALANCE,1,1000,random,2.3035745833333334,8.760870416666666,295.8334563,0.9991379310344828,0.011325,0.1134,18.099434481918458,1.5458397577652387,99.91379310344828,1.0013245033112583
39,638,1,SPATIAL_IMBALANCE,1,2000,none,9.359295833333334,15.399430833333334,69.99079632499999,0.9585815047021944,0.023775,0.1199625,4.463464652540306,3.418825036862465,95.85815047021944,0.5045741324921136
39,638,1,SPATIAL_IMBALANCE,1,2000,past-avg,2.7217041666666666,9.291358333333333,91.6084026,1.0,0.0034750000000000002,0.1716375,5.599886679310345,0.4773510971786834,100.0,4.939208633093525
39,638,1,SPATIAL_IMBALANCE,1,2000,past-avg-revisit,8.251801666666665,14.342630416666667,72.7435375875,0.9691614420062695,0.0208875,0.105325,4.588169178225172,2.952144996257434,96.91614420062695,0.5042489527229204
39,638,1,SPATIAL_IMBALANCE,1,2000,past-avg-total,2.725165,9.294804166666665,91.58255135,0.9999216300940439,0.0035250000000000004,0.19942500000000002,5.598753354247969,0.48367854436204194,99.9921630094044,5.657446808510638
39,638,1,SPATIAL_IMBALANCE,1,2000,random,2.9911954166666668,9.54963,120.6932419,1.0,0.004125,0.12642499999999998,7.377800053448276,0.5683973354231975,100.0,3.0648484848484836
39,638,1,SPATIAL_IMBALANCE,1,3000,none,4.221351666666667,10.794700833333334,87.36626444999999,1.0,0.0038125000000000004,0.28825,5.34057102437304,0.5236481191222571,100.0,7.560655737704917
39,638,1,SPATIAL_IMBALANCE,1,3000,past-avg,4.144278333333333,10.7181475,90.8502534,1.0,0.0041,0.3005875,5.553542135736677,0.5580133228840125,100.0,7.33140243902439
39,638,1,SPATIAL_IMBALANCE,1,3000,past-avg-revisit,4.195480833333333,10.769085833333333,89.3656589,1.0,0.0037625,0.2576375,5.462791061285267,0.5178291536050157,100.0,6.847508305647841
39,638,1,SPATIAL_IMBALANCE,1,3000,past-avg-total,4.161651666666667,10.735540833333333,91.32932835,1.0,0.0037749999999999997,0.2502875,5.582827281583072,0.5124608150470219,100.0,6.630132450331126
39,638,1,SPATIAL_IMBALANCE,1,3000,random,4.232333333333333,10.806153333333334,96.8742989,1.0,0.0035250000000000004,0.20632499999999998,5.921783161598746,0.48230799373040756,100.0,5.853191489361701
39,638,1,SPATIAL_IMBALANCE,2,1000,none,21.953255,28.66513125,35.746510275,0.7001175548589341,0.0297,0.055424999999999995,3.1208407627952672,5.970922834014314,70.01175548589342,0.1866161616161616
39,638,1,SPATIAL_IMBALANCE,2,1000,past-avg,1.9884508333333333,8.503070833333332,103.60333585,0.9980407523510972,0.0093375,0.1483375,6.345490593146951,1.2759252654655853,99.80407523510972,1.5886211512717539
39,638,1,SPATIAL_IMBALANCE,2,1000,past-avg-revisit,21.630549583333334,28.428281666666667,36.26839825,0.7030956112852664,0.029437500000000002,0.056575,3.153221308841419,5.881520544216567,70.30956112852664,0.1921868365180467
39,638,1,SPATIAL_IMBALANCE,2,1000,past-avg-total,1.9852129166666668,8.503684166666666,103.54830245,0.9981974921630095,0.0088375,0.12279999999999999,6.341116339765746,1.210359144497581,99.81974921630095,1.3895332390381896
39,638,1,SPATIAL_IMBALANCE,2,1000,random,2.3060725,8.763564583333334,295.7593775,0.9989420062695924,0.01175,0.10881249999999999,18.098473073355702,1.6017905064464921,99.89420062695925,0.9260638297872339
39,638,1,SPATIAL_IMBALANCE,2,2000,none,9.187649166666667,15.252807916666667,70.3430489,0.9592868338557994,0.0234625,0.10981250000000001,4.482684835201586,3.373177396550392,95.92868338557994,0.4680340969632392
39,638,1,SPATIAL_IMBALANCE,2,2000,past-avg,2.722365833333333,9.292053333333333,91.6053083,1.0,0.0040375,0.231025,5.599697529310346,0.5516457680250784,100.0,5.721981424148606
39,638,1,SPATIAL_IMBALANCE,2,2000,past-avg-revisit,7.8544675,13.972788333333334,73.97232112500001,0.972257053291536,0.024212499999999998,0.1258125,4.650664876349235,3.422950898431335,97.2257053291536,0.5196179659266909
39,638,1,SPATIAL_IMBALANCE,2,2000,past-avg-total,2.7268916666666665,9.29627,91.64801645,1.0,0.0043625,0.2480875,5.602308215595611,0.5964537617554859,100.0,5.686819484240687
39,638,1,SPATIAL_IMBALANCE,2,2000,random,2.99959,9.557968333333333,120.65716035,1.0,0.0047125,0.160175,7.375594441457681,0.6403996865203762,100.0,3.3989389920424404
39,638,1,SPATIAL_IMBALANCE,2,3000,none,4.221501666666667,10.794884166666666,87.36526624999999,1.0,0.0034750000000000002,0.237825,5.340510005877743,0.4792907523510972,100.0,6.843884892086331
39,638,1,SPATIAL_IMBALANCE,2,3000,past-avg,4.1447883333333335,10.718654999999998,90.83188100000001,1.0,0.0039375,0.3234125,5.552419057993731,0.5391653605015674,100.0,8.213650793650793
39,638,1,SPATIAL_IMBALANCE,2,3000,past-avg-revisit,4.1955841666666664,10.768643333333333,89.47425445,1.0,0.0040875,0.311025,5.469429347257053,0.5565634796238245,100.0,7.609174311926605
39,638,1,SPATIAL_IMBALANCE,2,3000,past-avg-total,4.149209166666667,10.722858333333333,91.40974410000001,1.0,0.00395,0.33258750000000004,5.587742977899687,0.5346003134796238,100.0,8.419936708860758
39,638,1,SPATIAL_IMBALANCE,2,3000,random,4.2210225,10.794842500000001,96.8072645,1.0,0.0036875000000000002,0.25656249999999997,5.917685447492163,0.5049177115987461,100.0,6.957627118644067
39,638,1,SPATIAL_ISLANDS,0,1000,none,28.111379999999997,37.952238333333334,30.9099795,0.5891849529780564,0.02545,0.0424625,3.2021697864199856,6.162874948158887,58.91849529780564,0.1668467583497053
39,638,1,SPATIAL_ISLANDS,0,1000,past-avg,2.198001666666667,9.583021666666667,115.34018840000002,0.9973354231974921,0.0090375,0.0883625,7.069191191995936,1.2389641876201287,99.73354231974922,0.977731673582296
39,638,1,SPATIAL_ISLANDS,0,1000,past-avg-revisit,28.041153333333334,37.874175,31.145997799999996,0.5905956112852665,0.0265875,0.0441,3.2185393569885163,6.415737906710142,59.05956112852665,0.16586741889985895
39,638,1,SPATIAL_ISLANDS,0,1000,past-avg-total,2.1948916666666665,9.581641666666666,115.23720740000002,0.99717868338558,0.008975,0.08586250000000001,7.063997392458515,1.2305651147449843,99.717868338558,0.9566852367688023
39,638,1,SPATIAL_ISLANDS,0,1000,random,2.478238333333333,9.811105,332.6760806,0.9981191222570532,0.011175,0.0893,20.374254990571863,1.5355288345279283,99.81191222570533,0.7991051454138703
39,638,1,SPATIAL_ISLANDS,0,2000,none,13.720346666666666,20.923728333333333,69.26601339999999,0.9018808777429467,0.022449999999999998,0.0839125,4.6922061052625335,3.4498012571657255,90.18808777429467,0.3737750556792873
39,638,1,SPATIAL_ISLANDS,0,2000,past-avg,2.8284416666666665,10.281968333333333,102.96492789999999,1.0,0.0037375,0.15714999999999998,6.294094338714734,0.513871473354232,100.0,4.204682274247491
39,638,1,SPATIAL_ISLANDS,0,2000,past-avg-revisit,13.248703333333333,20.327888333333334,70.7496029,0.9092476489028214,0.02325,0.1041125,4.754506363372856,3.535311788898224,90.92476489028213,0.44779569892473114
39,638,1,SPATIAL_ISLANDS,0,2000,past-avg-total,2.824765,10.2774,103.5666246,1.0,0.004562500000000001,0.1615125,6.3308751714733535,0.6228252351097179,100.0,3.5399999999999996
39,638,1,SPATIAL_ISLANDS,0,2000,random,3.016755,10.460981666666667,134.754574,1.0,0.0046500000000000005,0.1155,8.237348567398119,0.6368926332288402,100.0,2.4838709677419355
39,638,1,SPATIAL_ISLANDS,0,3000,none,5.17535,12.519205,91.04344230000001,0.9937304075235109,0.01055,0.1535375,5.600399794009144,1.4612864176342657,99.37304075235109,1.455331753554502
39,638,1,SPATIAL_ISLANDS,0,3000,past-avg,3.859121666666667,11.320946666666668,99.80881079999999,1.0,0.0050625,0.3813,6.101165550470219,0.6975705329153605,100.0,7.531851851851852
39,638,1,SPATIAL_ISLANDS,0,3000,past-avg-revisit,4.620025,11.997901666666667,93.1127434,0.9970219435736678,0.008262499999999999,0.2095,5.708816836269954,1.1349268061534161,99.70219435736678,2.5355521936459913
39,638,1,SPATIAL_ISLANDS,0,3000,past-avg-total,3.850041666666667,11.311910000000001,99.8340869,1.0,0.0037375000000000004,0.2585125,6.10271064122257,0.517417711598746,100.0,6.916722408026754
39,638,1,SPATIAL_ISLANDS,0,3000,random,3.994166666666666,11.454621666666666,105.4707406,1.0,0.0037125,0.1960375,6.447270977115989,0.5161833855799373,100.0,5.280471380471381
39,638,1,SPATIAL_ISLANDS,1,1000,none,28.00360083333333,37.84558333333334,31.161247375000002,0.5912225705329154,0.0258625,0.04595,3.217348619337832,6.221530177495905,59.12225705329154,0.177670372160464
39,638,1,SPATIAL_ISLANDS,1,1000,past-avg,2.2058625000000003,9.587082083333334,115.345305325,0.9974137931034482,0.009112499999999999,0.109625,7.068994668406501,1.2458058960511207,99.74137931034483,1.2030178326474623
39,638,1,SPATIAL_ISLANDS,1,1000,past-avg-revisit,27.684012083333336,37.608702083333334,31.706796575,0.5953761755485893,0.0275875,0.0493,3.2505037676732926,6.614679400690905,59.53761755485893,0.1787041232442229
39,638,1,SPATIAL_ISLANDS,1,1000,past-avg-total,2.21520875,9.59701375,115.3179866,0.9973354231974921,0.0094125,0.0992375,7.067877961820779,1.286130135247185,99.73354231974922,1.054316069057105
39,638,1,SPATIAL_ISLANDS,1,1000,random,2.5004216666666665,9.828536875,336.9707902875,0.9989420062695925,0.0122125,0.09,20.62012124774833,1.6643537154591852,99.89420062695925,0.736949846468782
39,638,1,SPATIAL_ISLANDS,1,2000,none,13.020819999999999,20.162374166666666,71.09970595,0.9115203761755486,0.021775,0.0957375,4.766124755994598,3.323657885917128,91.15203761755485,0.4396670493685419
39,638,1,SPATIAL_ISLANDS,1,2000,past-avg,2.827624166666667,10.2810275,103.5207136,1.0,0.0038125,0.1413875,6.32806869968652,0.531191222570533,100.0,3.7085245901639343
39,638,1,SPATIAL_ISLANDS,1,2000,past-avg-revisit,11.927351250000001,19.024454166666665,73.8081631625,0.9248824451410658,0.023075,0.09103750000000001,4.875825550608189,3.457123712294724,92.48824451410658,0.3945287107258939
39,638,1,SPATIAL_ISLANDS,1,2000,past-avg-total,2.8348679166666666,10.28852875,103.31444487499999,1.0,0.0042125,0.1579375,6.315459796434169,0.5706700626959248,100.0,3.749258160237389
39,638,1,SPATIAL_ISLANDS,1,2000,random,3.0293970833333335,10.473570833333333,135.26838075,1.0,0.004475,0.11173749999999999,8.26875681700627,0.5961794670846395,100.0,2.4969273743016758
39,638,1,SPATIAL_ISLANDS,1,3000,none,5.101359583333333,12.42527875,91.516748275,0.9961990595611285,0.00915,0.118025,5.615598962091813,1.263246076471571,99.61990595611286,1.2898907103825137
39,638,1,SPATIAL_ISLANDS,1,3000,past-avg,3.875843333333333,11.337816666666667,99.8438268,1.0,0.0041,0.2338125,6.103306026959247,0.5695141065830721,100.0,5.702743902439024
39,638,1,SPATIAL_ISLANDS,1,3000,past-avg-revisit,4.502928333333333,11.892009999999999,93.9862911,0.9980407523510972,0.006974999999999999,0.1366375,5.756460805677914,0.964279975061999,99.80407523510972,1.9589605734767028
39,638,1,SPATIAL_ISLANDS,1,3000,past-avg-total,3.854568333333334,11.31653,99.976488,1.0,0.0040125000000000004,0.2767625,6.111415410658307,0.5470023510971787,100.0,6.8975077881619935
39,638,1,SPATIAL_ISLANDS,1,3000,random,4.004549166666667,11.465023333333333,104.9406338,1.0,0.0036000000000000003,0.18555,6.414866329467085,0.49143808777429465,100.0,5.154166666666666
39,638,1,SPATIAL_ISLANDS,2,1000,none,27.95080708333333,37.73480458333333,31.3946608,0.5948275862068966,0.026500000000000003,0.04765,3.2218145116919787,6.357920455356238,59.48275862068966,0.17981132075471695
39,638,1,SPATIAL_ISLANDS,2,1000,past-avg,2.2106845833333333,9.589867916666666,115.250090775,0.9974137931034484,0.0094625,0.096775,7.063171371645816,1.2924115919715233,99.74137931034484,1.0227212681638045
39,638,1,SPATIAL_ISLANDS,2,1000,past-avg-revisit,27.628692083333334,37.484520833333335,31.961881925,0.5987852664576803,0.028050000000000002,0.0519625,3.2575337598027976,6.67366507292126,59.87852664576803,0.18524955436720142
39,638,1,SPATIAL_ISLANDS,2,1000,past-avg-total,2.224314166666667,9.60421,115.26086222499998,0.9972570532915361,0.0098875,0.1190125,7.064942408397521,1.3459377769538459,99.72570532915361,1.2036662452591655
39,638,1,SPATIAL_ISLANDS,2,1000,random,2.4930416666666666,9.821951666666667,336.0865966,0.9989028213166145,0.013125000000000001,0.1175,20.566856807788955,1.7904371540873538,99.89028213166145,0.8952380952380952
39,638,1,SPATIAL_ISLANDS,2,2000,none,12.823329166666667,19.90804333333333,71.7454365,0.9158699059561128,0.02305,0.1072,4.787019171804456,3.504442665711403,91.58699059561128,0.4650759219088937
39,638,1,SPATIAL_ISLANDS,2,2000,past-avg,2.8390775,10.2922225,103.60315365,1.0,0.004625000000000001,0.21265,6.3331081384796235,0.6301724137931035,100.0,4.5978378378378375
39,638,1,SPATIAL_ISLANDS,2,2000,past-avg-revisit,11.684405416666667,18.73869583333333,74.69510735,0.9280564263322884,0.0242875,0.1094875,4.9183638049765985,3.631206882555581,92.80564263322884,0.4507977354606279
39,638,1,SPATIAL_ISLANDS,2,2000,past-avg-total,2.835389166666667,10.288864166666668,103.455210275,1.0,0.0043749999999999995,0.2018875,6.324064577938872,0.5964537617554859,100.0,4.614571428571429
39,638,1,SPATIAL_ISLANDS,2,2000,random,3.029827083333333,10.473299583333333,136.25167497500001,1.0,0.0048375,0.132075,8.328864144239812,0.6532327586206896,100.0,2.730232558139535
39,638,1,SPATIAL_ISLANDS,2,3000,none,5.104769166666667,12.432259583333334,91.56265695,0.9961206896551724,0.0093875,0.1463625,5.6188557928665075,1.2842529946221588,99.61206896551724,1.5591211717709723
39,638,1,SPATIAL_ISLANDS,2,3000,past-avg,3.8617791666666665,11.323720833333333,99.66786325,1.0,0.0037125,0.23921250000000002,6.092549634404389,0.5085423197492163,100.0,6.443434343434344
39,638,1,SPATIAL_ISLANDS,2,3000,past-avg-revisit,4.42871625,11.828254999999999,94.25007325,0.9979623824451411,0.0073625,0.1480625,5.7730229845689385,1.0063129865493559,99.79623824451411,2.0110356536502545
39,638,1,SPATIAL_ISLANDS,2,3000,past-avg-total,3.8476608333333333,11.309525,99.90526184999999,1.0,0.004,0.350525,6.107061461050156,0.554212382445141,100.0,8.763124999999999
39,638,1,SPATIAL_ISLANDS,2,3000,random,4.003468333333334,11.4639725,104.85321164999999,1.0,0.0037125,0.22242499999999998,6.409522342241379,0.5073471786833856,100.0,5.99124579124579
1685,27762,1,BASELINE,0,1000,none,3.5585033333333334,34.66993333333333,265.81382479999996,0.9990778762337008,4.7791125,348.27868750000005,16.14830980383128,16.010587272826957,99.90778762337008,7.28751807997824
1685,27762,1,BASELINE,0,1000,past-avg,8.354108333333333,38.83427,347.84131629999996,0.9968049852316115,5.4624749999999995,348.7039625,21.179707517348238,19.279526792333673,99.68049852316115,6.383625783184363
1685,27762,1,BASELINE,0,1000,past-avg-revisit,3.5707833333333334,34.67687333333333,265.8379074,0.9992219580721851,5.2213875,348.08335,16.14744823820491,17.52609655547228,99.9221958072185,6.66649142589015
1685,27762,1,BASELINE,0,1000,past-avg-total,8.364825,38.841881666666666,347.6877648,0.9967329443123694,5.4951125,352.978725,21.171892388953065,18.71481047412958,99.67329443123694,6.423503158488566
1685,27762,1,BASELINE,0,1000,random,1.4414733333333334,32.83229166666667,679.6105133,0.9999927959080758,3.99785,361.236375,41.24890055008607,13.026689591796133,99.99927959080757,9.03576609927836
1685,27762,1,BASELINE,0,2000,none,2.8318133333333333,34.21783666666666,278.9430906,0.9999891938621137,3.202425,349.1839375,16.930487957527763,10.448323133155109,99.99891938621137,10.90373506014973
1685,27762,1,BASELINE,0,2000,past-avg,3.883215,35.12733,360.31796640000005,0.9997514588286146,4.9486625,390.9590875,21.874740493935306,16.239422687520342,99.97514588286145,7.900298060334484
1685,27762,1,BASELINE,0,2000,past-avg-revisit,2.84163,34.225305,279.64825069999995,0.9999855918161515,3.6951125,363.1322875,16.973348199211884,12.054542952330198,99.99855918161515,9.827367569999561
1685,27762,1,BASELINE,0,2000,past-avg-total,3.9219,35.15955,360.2892571,0.9997658670124631,4.919475,381.8263,21.872669819146232,16.142663241585165,99.9765867012463,7.761525366019748
1685,27762,1,BASELINE,0,2000,random,2.7053466666666663,34.10417666666667,652.4410009999999,1.0,2.335775,419.29805,39.599563672826164,7.617241192997622,100.0,17.95113185131273
1685,27762,1,BASELINE,0,3000,none,4.130673333333333,35.52889166666667,290.35752940000003,1.0,2.3769375,423.89085,17.623097652870833,7.759924537137094,100.0,17.83348741815887
1685,27762,1,BASELINE,0,3000,past-avg,4.256963333333333,35.640391666666666,359.416184,0.9999891938621137,3.8063125,495.2049625,21.81481180519631,12.442818390278223,99.99891938621137,13.010097371143331
1685,27762,1,BASELINE,0,3000,past-avg-revisit,4.11515,35.51295333333333,295.66916660000004,1.0,2.6359500000000002,446.738975,17.945484681254953,8.603865445573085,100.0,16.947930537377413
1685,27762,1,BASELINE,0,3000,past-avg-total,4.307243333333334,35.68407833333333,362.1732506,0.9999855918161515,4.01105,470.7704125,21.982230802213543,13.111411061713333,99.99855918161515,11.736837299460241
1685,27762,1,BASELINE,0,3000,random,4.086180000000001,35.48524,661.3044869,1.0,2.3292,516.54825,40.13752829142353,7.603511544557309,100.0,22.177067233384854
1685,27762,1,BASELINE,1,1000,none,3.536866458333334,34.6503125,265.914367575,0.9991845868453282,4.706525,321.85655,16.152692106290733,15.781884211572121,99.91845868453282,6.838517802412608
1685,27762,1,BASELINE,1,1000,past-avg,8.248445625,38.749006458333334,349.3342998875,0.9968599164325337,5.508425,357.1341,21.269418796324036,19.25818936191788,99.68599164325337,6.483415858435033
1685,27762,1,BASELINE,1,1000,past-avg-revisit,3.430065,34.55587916666667,266.2257589625,0.9992521252071177,5.3583,350.1171875,16.17051750828559,17.854671625206446,99.92521252071177,6.534109465688745
1685,27762,1,BASELINE,1,1000,past-avg-total,8.238180833333333,38.74150625,349.40065918749997,0.9968752251278726,5.5650625,355.629075,21.27313833117864,19.59662318046164,99.68752251278727,6.390387798879169
1685,27762,1,BASELINE,1,1000,random,1.44174,32.832776249999995,679.715571425,0.999998198977019,4.0751625,341.12838750000003,41.255053875004165,13.277918133451676,99.9998198977019,8.370914963513725
1685,27762,1,BASELINE,1,2000,none,2.835489583333333,34.22164291666667,278.985723625,0.9999927959080759,3.243575,362.0956,16.9330137349004,10.580184854348971,99.99927959080759,11.16347240313543
1685,27762,1,BASELINE,1,2000,past-avg,3.8357108333333336,35.092325833333334,361.4086659,0.9997685685469346,4.8399,421.989625,21.94056644983837,15.900345511548775,99.97685685469347,8.7189740490506
1685,27762,1,BASELINE,1,2000,past-avg-revisit,2.8553175,34.238735000000005,280.6810038,0.9999819897701895,3.7190125,383.1990125,17.03609345597036,12.13880104022384,99.99819897701894,10.303783934579409
1685,27762,1,BASELINE,1,2000,past-avg-total,3.831500833333333,35.0881375,362.0516917875,0.9997996361933579,4.838875,411.1131,21.978928359408226,15.884602685685897,99.97996361933579,8.496047118390122
1685,27762,1,BASELINE,1,2000,random,2.709875,34.108756666666665,652.45346025,1.0,2.30145,428.451525,39.6003198804571,7.505658363950724,100.0,18.616590627647785
1685,27762,1,BASELINE,1,3000,none,4.14896125,35.54716208333333,290.50889697499997,0.999998198977019,2.29085,482.200825,17.632316696761023,7.47893199238612,99.9998198977019,21.0489916406574
1685,27762,1,BASELINE,1,3000,past-avg,4.2628,35.648005,359.80073745,0.9999855918161515,3.54265,548.8384874999999,21.83823108431276,11.585916248449092,99.99855918161515,15.492314722030118
1685,27762,1,BASELINE,1,3000,past-avg-revisit,4.138877916666667,35.53527583333333,299.38577537500004,0.9999990994885095,2.8435,509.85260000000005,18.171078501678707,9.281120722948648,99.99990994885096,17.930458941445405
1685,27762,1,BASELINE,1,3000,past-avg-total,4.298675833333333,35.6802075,363.48439685,0.9999819897701895,3.886225,529.4413625,22.061891885885085,12.703189085338005,99.99819897701894,13.623538588218642
1685,27762,1,BASELINE,1,3000,random,4.093485833333334,35.49252416666667,661.3160890500001,1.0,2.4202250000000003,578.90645,40.1382324778204,7.89917963403213,100.0,23.91953020896817
1685,27762,1,BASELINE,2,1000,none,3.4976841666666663,34.61733666666667,266.0350771875,0.9992052986096103,5.059175,347.487175,16.159694441060587,16.911820140276525,99.92052986096103,6.868455331155772
1685,27762,1,BASELINE,2,1000,past-avg,8.196442083333332,38.708290625000004,350.04570686249997,0.9969152978892011,6.0875625,420.0302375,21.311538168723217,21.19152152992093,99.6915297889201,6.899809858215009
1685,27762,1,BASELINE,2,1000,past-avg-revisit,3.3689789583333334,34.50275833333333,266.4900061875,0.9992872451552481,5.7672625,396.6992,16.18599924195023,19.195259558988724,99.92872451552482,6.878466170041679
1685,27762,1,BASELINE,2,1000,past-avg-total,8.162235416666668,38.67941291666667,350.336143625,0.9968738743606368,6.043325,407.2741875,21.330085992242505,21.134935680588868,99.68738743606367,6.739240194760335
1685,27762,1,BASELINE,2,1000,random,1.4412166666666666,32.83241916666667,679.309190425,0.9999963979540378,4.4248625,377.1468625,41.23046251292706,14.418794396147455,99.99963979540378,8.523357787953865
1685,27762,1,BASELINE,2,2000,none,2.841106875,34.227106666666664,279.02629552499997,0.9999891938621137,3.4548,400.9088875,16.935537442965636,11.283978936023608,99.99891938621137,11.604402208521476
1685,27762,1,BASELINE,2,2000,past-avg,3.862590208333333,35.11896395833333,361.1564637875,0.9997919818456884,5.178625,475.8752,21.924747702709638,17.03676649580064,99.97919818456884,9.189219146008835
1685,27762,1,BASELINE,2,2000,past-avg-revisit,2.8616070833333334,34.24481166666666,281.42139599999996,0.9999801887472084,4.071400000000001,434.36096249999997,17.08106218558638,13.294808822427825,99.99801887472084,10.66858973571744
1685,27762,1,BASELINE,2,2000,past-avg-total,3.835286875,35.095165208333334,362.4968141375,0.9998041387508104,5.085975,455.4525125,22.005852295736418,16.72885669146802,99.98041387508104,8.955067858178618
1685,27762,1,BASELINE,2,2000,random,2.714383333333333,34.113225,652.4869993,1.0,2.6521875,493.72326250000003,39.602355515470784,8.650678085152366,100.0,18.615699776128196
1685,27762,1,BASELINE,2,3000,none,4.156445416666667,35.55456916666667,290.563526,1.0,2.692825,580.6663625,17.635600508248686,8.79123757294143,100.0,21.563464484324086
1685,27762,1,BASELINE,2,3000,past-avg,4.280397499999999,35.665067916666665,359.7367998,0.9999891938621137,4.1338124999999994,667.37305,21.8342714262031,13.524925770779971,99.99891938621137,16.144250616108014
1685,27762,1,BASELINE,2,3000,past-avg-revisit,4.150258750000001,35.54605083333333,301.93283852499997,1.0,3.385925,619.6891,18.325654956942042,11.061648116129962,100.0,18.301914543293197
1685,27762,1,BASELINE,2,3000,past-avg-total,4.316335,35.69729125,364.025004675,0.9999909948850947,4.4214375,663.429725,22.094503852386406,14.46913658171924,99.99909948850947,15.004842316554287
1685,27762,1,BASELINE,2,3000,random,4.1059275,35.504975,661.30590415,1.0,2.8194,726.765675,40.13761431066746,9.20406085656653,100.0,25.777316982336668
1685,27762,1,RUSH_HOUR,0,1000,none,21.528446666666667,52.460433333333334,241.6920862,0.9680390461782292,5.814975,393.7394375,15.153550246956646,22.728348811066514,96.80390461782292,6.771128637698356
1685,27762,1,RUSH_HOUR,0,1000,past-avg,26.131251666666667,55.05387333333333,293.8247082,0.9740292486132123,6.3315,436.0018875,18.30904495698148,24.41002518725908,97.40292486132122,6.886233712390428
1685,27762,1,RUSH_HOUR,0,1000,past-avg-revisit,21.116725000000002,52.00774,242.41100780000002,0.9688134860600821,5.9228875,394.79179999999997,15.186445018359956,23.050826449191298,96.88134860600822,6.665529270984802
1685,27762,1,RUSH_HOUR,0,1000,past-avg-total,26.123198333333335,55.029048333333336,293.83302949999995,0.9743174122901809,6.3762375,449.5731875,18.304139606332214,24.606310701770383,97.43174122901809,7.050759754479033
1685,27762,1,RUSH_HOUR,0,1000,random,10.598763333333334,40.8235,491.6566272,0.9946113392406888,3.7361750000000002,486.8365625,30.00259855698426,12.206578830413278,99.46113392406887,13.030346878826608
1685,27762,1,RUSH_HOUR,0,2000,none,13.559898333333333,43.712043333333334,266.1113799,0.9916792738275341,4.919825,566.6184,16.28699441515769,16.333965547925786,99.1679273827534,11.517043797289537
1685,27762,1,RUSH_HOUR,0,2000,past-avg,22.672746666666665,51.969321666666666,298.23891749999996,0.9810280239175851,5.9570125,661.6749125,18.45151950297271,20.728406790013267,98.10280239175852,11.107495787527725
1685,27762,1,RUSH_HOUR,0,2000,past-avg-revisit,13.476388333333333,43.61358666666667,266.59187460000004,0.992017866147972,4.892375,558.8818249999999,16.31084785800062,16.12191539964271,99.2017866147972,11.423527938884487
1685,27762,1,RUSH_HOUR,0,2000,past-avg-total,22.67406666666667,51.961463333333334,298.4474507,0.9811180750666378,5.988775,667.495475,18.462716861054016,21.233070417536215,98.11180750666378,11.145776473485814
1685,27762,1,RUSH_HOUR,0,2000,random,11.722620000000001,41.970893333333336,451.56134099999997,0.994553706505295,3.325325,621.63165,27.557363740911637,10.875375726945848,99.45537065052949,18.693861502259182
1685,27762,1,RUSH_HOUR,0,3000,none,14.500129999999999,44.64236666666666,277.8740556,0.9925473669044016,3.442625,825.2418375,16.99206493388549,11.28916853717705,99.25473669044015,23.971296249228423
1685,27762,1,RUSH_HOUR,0,3000,past-avg,21.10487,50.66193333333333,307.7250242,0.9845076003169801,6.2239,1092.58705,18.97111792869577,21.099994796333,98.45076003169801,17.55470123234628
1685,27762,1,RUSH_HOUR,0,3000,past-avg-revisit,14.500383333333332,44.64906833333333,279.4485776,0.9923420502845617,3.6191875,845.608525,17.09186433832255,11.868739825682423,99.23420502845617,23.364595644740703
1685,27762,1,RUSH_HOUR,0,3000,past-avg-total,21.21916,50.752658333333336,308.8030276,0.9845652330523738,6.1102375,1028.5890125,19.036472543299073,20.755821153921623,98.45652330523737,16.833863045421722
1685,27762,1,RUSH_HOUR,0,3000,random,14.131933333333333,44.29687333333333,448.6541289,0.9928499387652187,3.4839374999999997,877.9462875,27.42693242024302,11.41774023117028,99.28499387652187,25.19982885743502
1685,27762,1,RUSH_HOUR,1,1000,none,20.995747916666666,51.741531458333334,243.23635706250002,0.9703182407607521,5.6937125,554.9565124999999,15.214449378458209,22.076720192690225,97.03182407607521,9.746830604811885
1685,27762,1,RUSH_HOUR,1,1000,past-avg,25.568391666666667,54.5106825,295.2748179375,0.9753854189179454,6.303475,665.0649,18.373717613487223,24.349147332280744,97.53854189179454,10.550766045712882
1685,27762,1,RUSH_HOUR,1,1000,past-avg-revisit,18.245635416666666,48.468996250000004,248.58647593749998,0.9796790577047763,5.785875,581.0358249999999,15.400618310089637,21.614516940626746,97.96790577047763,10.042315552963034
1685,27762,1,RUSH_HOUR,1,1000,past-avg-total,25.577520208333333,54.509060625000004,295.280275925,0.9755137418053454,6.410175,683.896925,18.371673270409936,24.905725406261027,97.55137418053454,10.668927525379573
1685,27762,1,RUSH_HOUR,1,1000,random,10.591029375,40.81616770833333,492.143716475,0.9946451084215835,3.6869125,598.5361375,30.031237164166395,12.045042031301236,99.46451084215835,16.23407492041105
1685,27762,1,RUSH_HOUR,1,2000,none,13.465712291666668,43.617370208333334,266.5691454875,0.9919251134644478,5.2389375,1309.956825,16.310980602026774,17.284176295020256,99.19251134644477,25.004246089975307
1685,27762,1,RUSH_HOUR,1,2000,past-avg,21.895697291666664,51.227005416666664,300.28443565,0.9827124306606152,6.9710875,1915.4884,18.54605689180827,24.438659764480647,98.27124306606152,27.477612352448595
1685,27762,1,RUSH_HOUR,1,2000,past-avg-revisit,12.520225416666667,42.71792104166666,269.7561472875,0.9933497226424609,4.5395125,1260.063475,16.482316160790898,14.86580320102321,99.33497226424609,27.757682680684326
1685,27762,1,RUSH_HOUR,1,2000,past-avg-total,21.92764875,51.252703125000004,300.478964125,0.98273764498235,6.9131375,1884.0924125000001,18.55762891426486,24.175819827846627,98.273764498235,27.253796304499943
1685,27762,1,RUSH_HOUR,1,2000,random,11.744822708333333,41.99448895833333,450.95154075,0.9945248901375981,3.7443,1248.7625,27.520952016607797,12.245529783714522,99.45248901375982,33.35102689421254
1685,27762,1,RUSH_HOUR,1,3000,none,14.503333541666667,44.65229,277.961726025,0.9923208882645342,5.2068375,2740.4474125,17.00129365542032,17.077592024922104,99.23208882645342,52.63170614600513
1685,27762,1,RUSH_HOUR,1,3000,past-avg,20.654298125,50.21883458333333,309.3284768125,0.985757510265831,8.661125,4035.7816624999996,19.04570721663559,29.08457447487387,98.5757510265831,46.59650637186277
1685,27762,1,RUSH_HOUR,1,3000,past-avg-revisit,14.305042916666665,44.45170791666666,283.34460265,0.9928238239319933,5.2940875,2772.7262375,17.321748723796965,17.355494869463232,99.28238239319933,52.374016060369236
1685,27762,1,RUSH_HOUR,1,3000,past-avg-total,20.6526925,50.22445,310.5127067875,0.9856593545133636,8.735000000000001,4022.7117125,19.12054293757435,29.35664212278578,98.56593545133636,46.05279579278763
1685,27762,1,RUSH_HOUR,1,3000,random,14.18674375,44.33954104166666,448.496832775,0.9930196851811829,5.2002375,2744.2226625000003,27.412626045286963,17.04296993768267,99.30196851811829,52.77110252175983
1685,27762,1,RUSH_HOUR,2,1000,none,20.166621458333335,50.69473104166667,245.70326567499998,0.9737262264966501,6.3957875,953.5226749999999,15.314349011153892,24.477556187133796,97.372622649665,14.908604687069419
1685,27762,1,RUSH_HOUR,2,1000,past-avg,25.140570625,54.075805625,296.973199375,0.9768055255385059,7.469075,1217.4095125,18.452268789884975,28.740726976951432,97.68055255385059,16.299334422267815
1685,27762,1,RUSH_HOUR,2,1000,past-avg-revisit,16.011455625,46.029716666666666,253.62125775,0.9858245983718752,6.695749999999999,998.9334875,15.614148422842948,23.743526521176115,98.58245983718751,14.918918530411082
1685,27762,1,RUSH_HOUR,2,1000,past-avg-total,25.073661458333333,54.02059020833333,297.113314975,0.9768424465096175,7.4201125,1232.3582125,18.460251466768277,28.688639356271587,97.68424465096174,16.608349435402765
1685,27762,1,RUSH_HOUR,2,1000,random,10.646779166666667,40.8689675,492.18134211250003,0.9946788776024782,4.4493125,923.8911625000001,30.032554135819264,14.536297346656966,99.46788776024782,20.76480720336007
1685,27762,1,RUSH_HOUR,2,2000,none,13.408631875,43.554217916666666,267.62666260000003,0.9923235897990058,7.386075,3314.4284125000004,16.369068579630934,24.27481518397454,99.23235897990058,44.87401512305251
1685,27762,1,RUSH_HOUR,2,2000,past-avg,21.456176666666668,50.81206708333333,302.33157312500003,0.9837597255240976,10.6312125,5209.9212625,18.65225862695582,37.02320391334884,98.37597255240976,49.00589902139573
1685,27762,1,RUSH_HOUR,2,2000,past-avg-revisit,12.272916458333334,42.478319166666665,272.9552032125,0.9940912938549096,6.3588125,3274.4681125,16.665318234971622,20.80345970081301,99.40912938549096,51.4949625028258
1685,27762,1,RUSH_HOUR,2,2000,past-avg-total,21.47739375,50.82812166666667,302.614050875,0.983736312225344,10.6645625,5186.503575,18.670087178268723,37.00449077351796,98.3736312225344,48.63306464751835
1685,27762,1,RUSH_HOUR,2,2000,random,11.884483333333332,42.12341166666667,449.7161962875,0.994587925941935,6.1339875,3174.9503125,27.44382819958207,20.058834297989147,99.4587925941935,51.7599736305299
1685,27762,1,RUSH_HOUR,2,3000,none,14.619149583333334,44.751196875000005,278.56368076250004,0.9925176500252143,11.8300375,9132.8292625,17.034739306864953,38.79500212766295,99.25176500252142,77.20034076392403
1685,27762,1,RUSH_HOUR,2,3000,past-avg,20.44083375,50.01945875,310.951290325,0.9863522981053239,18.187875,13221.393575,19.133886134512977,61.365051729212304,98.6352298105324,72.693448657416
1685,27762,1,RUSH_HOUR,2,3000,past-avg-revisit,14.609948333333334,44.72553166666667,287.4158757875,0.992701804625027,12.1671,9452.70705,17.57283255703503,39.8900532388566,99.2701804625027,77.69071553615899
1685,27762,1,RUSH_HOUR,2,3000,past-avg-total,20.390067916666666,49.973047083333334,312.630098125,0.986327083783589,18.498025,13473.8212375,19.237675136632884,62.325882846526724,98.6327083783589,72.83924222991375
1685,27762,1,RUSH_HOUR,2,3000,random,14.319982916666667,44.465800625,448.50452695,0.9929480945176861,11.807675,9027.1499,27.415070471018602,38.728114844588085,99.2948094517686,76.45154444037459
1685,27762,1,SPATIAL_IMBALANCE,0,1000,none,106.57175666666667,137.5203383333333,82.5960821,0.5328038325769037,6.495775,152.2561,9.408915957670718,48.98551961502008,53.28038325769037,2.343925089769889
1685,27762,1,SPATIAL_IMBALANCE,0,1000,past-avg,7.014704999999999,33.25241833333333,353.3107457,0.9942979612419854,5.3393625,375.5179125,21.566959812646456,17.56782150952923,99.42979612419855,7.033010261056447
1685,27762,1,SPATIAL_IMBALANCE,0,1000,past-avg-revisit,106.06642333333335,136.51048,84.3791565,0.541614437000216,6.94595,163.075275,9.455851938118485,51.44316544145609,54.16144370002161,2.3477749623881543
1685,27762,1,SPATIAL_IMBALANCE,0,1000,past-avg-total,7.029613333333333,33.26866666666667,352.7010291,0.9942655428283265,5.4239375,397.6091375,21.530419549640587,17.830815373086452,99.42655428283264,7.330636414966064
1685,27762,1,SPATIAL_IMBALANCE,0,1000,random,59.28220666666666,80.25812499999999,753.4797103,0.8921979684460773,7.6383625,323.6144875,51.25782784279052,29.4543103136519,89.21979684460773,4.2366997834941715
1685,27762,1,SPATIAL_IMBALANCE,0,2000,none,99.02223333333333,124.346155,110.3302367,0.6432425617750883,6.552275,272.137575,10.410411411044125,40.11349917614461,64.32425617750883,4.153329568737576
1685,27762,1,SPATIAL_IMBALANCE,0,2000,past-avg,6.630751666666667,33.048743333333334,333.0314424,0.9962862906130683,3.3143124999999998,459.0289375,20.288444809149354,10.80696683693876,99.62862906130682,13.849899111806746
1685,27762,1,SPATIAL_IMBALANCE,0,2000,past-avg-revisit,98.169335,122.90797333333333,113.1692865,0.6542756285570204,6.7879375,276.8342125,10.498214281788611,40.79310912240515,65.42756285570204,4.0783258905963695
1685,27762,1,SPATIAL_IMBALANCE,0,2000,past-avg-total,6.607258333333334,33.02511,333.1217656,0.9963331172105756,3.342275,488.14235,20.292992674786635,10.900377729139496,99.63331172105757,14.605092339798492
1685,27762,1,SPATIAL_IMBALANCE,0,2000,random,54.258718333333334,75.63860666666667,746.5655816000001,0.913396008933074,7.404725,424.587275,49.6088308505739,27.671546587462753,91.3396008933074,5.734004638929872
1685,27762,1,SPATIAL_IMBALANCE,0,3000,none,88.55425166666666,111.81160500000001,139.8631173,0.7325985159570637,6.7646375,494.238,11.587472776817998,35.65582566461696,73.25985159570637,7.306200812682128
1685,27762,1,SPATIAL_IMBALANCE,0,3000,past-avg,6.058613333333333,32.67510333333333,332.94786650000003,0.998714069591528,3.4239625,768.8821125000001,20.23407590689333,11.152036860561163,99.8714069591528,22.45591511297218
1685,27762,1,SPATIAL_IMBALANCE,0,3000,past-avg-revisit,87.837665,110.80368666666668,142.5785927,0.7395648728477775,6.862475,470.0793375,11.701179723764804,35.93458803605815,73.95648728477775,6.8499970855995835
1685,27762,1,SPATIAL_IMBALANCE,0,3000,past-avg-total,5.998788333333333,32.62244166666667,335.5628275,0.9987753043728838,3.44175,782.1634625,20.391747154559294,11.20655818274204,99.87753043728837,22.725748892278638
1685,27762,1,SPATIAL_IMBALANCE,0,3000,random,48.211155000000005,70.25436499999999,739.5312465,0.933826813630142,7.445525,643.0302,48.06625149742345,26.98009021055793,93.3826813630142,8.636465527951353
1685,27762,1,SPATIAL_IMBALANCE,1,1000,none,104.87637895833333,134.62820458333334,89.9722988875,0.5580748865355522,6.7258375,217.6100625,9.769422114273583,48.40475595923809,55.80748865355522,3.235434434745116
1685,27762,1,SPATIAL_IMBALANCE,1,1000,past-avg,6.6806175,32.952639166666664,354.318730025,0.9947072437144299,5.4075625,405.741375,21.619555862579237,17.80885674944595,99.47072437144298,7.5032211832965405
1685,27762,1,SPATIAL_IMBALANCE,1,1000,past-avg-revisit,103.460523125,132.596561875,93.6018408375,0.5738189791801743,7.08255,234.1654125,9.882740584822823,49.49030384973992,57.38189791801743,3.306230277230658
1685,27762,1,SPATIAL_IMBALANCE,1,1000,past-avg-total,6.653038541666667,32.926033125000004,354.66697001250003,0.9947491174987393,5.4861125,436.4176375,21.639902024378838,18.10720061311208,99.47491174987393,7.954952391151293
1685,27762,1,SPATIAL_IMBALANCE,1,1000,random,58.61831083333333,79.66495520833334,753.9313245625,0.8948040486996613,7.7842875,394.5622375,51.13998795300717,29.967521534599012,89.48040486996614,5.0687007320837
1685,27762,1,SPATIAL_IMBALANCE,1,2000,none,94.87532937499999,118.88726,125.49234185,0.6851235501765003,7.31,1068.5128,11.080758400639018,41.83222979795006,68.51235501765002,14.617138166894664
1685,27762,1,SPATIAL_IMBALANCE,1,2000,past-avg,6.122040416666667,32.59283333333333,334.6813838,0.9968824292197969,3.2850625,640.1494875,20.376727327648858,10.707615033688207,99.68824292197968,19.486676052586517
1685,27762,1,SPATIAL_IMBALANCE,1,2000,past-avg-revisit,89.20323,111.92225479166666,139.2880601875,0.7315768856710612,7.4598375,1078.6968375000001,11.521353181353554,39.60927309203949,73.15768856710612,14.4600581111854
1685,27762,1,SPATIAL_IMBALANCE,1,2000,past-avg-total,6.07141625,32.54474125,335.333443075,0.9969553706505295,3.3543874999999996,652.197875,20.414930870503852,10.9325224960342,99.69553706505295,19.443128589049415
1685,27762,1,SPATIAL_IMBALANCE,1,2000,random,53.012254999999996,74.52311541666667,745.79017475,0.9177945573085513,8.132525000000001,1067.8289125000001,49.32119856124394,30.211812517356915,91.77945573085513,13.130348969108606
1685,27762,1,SPATIAL_IMBALANCE,1,3000,none,83.4933375,105.822878125,157.17737135,0.7729846552842015,8.80985,2853.493625,12.30926424282701,43.63317529363493,77.29846552842015,32.3898094178675
1685,27762,1,SPATIAL_IMBALANCE,1,3000,past-avg,5.7956575,32.445465,334.682759175,0.9989797204812334,3.6913750000000003,1315.2486625,20.33410017407661,12.017128230861541,99.89797204812334,35.63031830957299
1685,27762,1,SPATIAL_IMBALANCE,1,3000,past-avg-revisit,76.47258020833334,97.85321645833334,174.757147075,0.8190003421943663,8.79375,2688.3893375,12.926121730750559,40.51445851008029,81.90003421943663,30.571591613361765
1685,27762,1,SPATIAL_IMBALANCE,1,3000,past-avg-total,5.73688125,32.393913749999996,338.36953425,0.9990148404293638,3.8364375,1385.9711750000001,20.557355274053215,12.488331988630765,99.90148404293639,36.12651515892023
1685,27762,1,SPATIAL_IMBALANCE,1,3000,random,46.513815,68.75626666666666,738.365484125,0.9388885887183921,9.0398125,2225.2704625,47.73321125547921,32.538157429025496,93.8888588718392,24.616334271313704
1685,27762,1,SPATIAL_IMBALANCE,2,1000,none,102.80661791666667,131.87533479166666,97.1940600375,0.5803598443916145,7.1967625,313.12395,10.108668304232674,49.950115673528224,58.035984439161446,4.350900144335734
1685,27762,1,SPATIAL_IMBALANCE,2,1000,past-avg,6.406897916666667,32.70299833333333,355.2656425875,0.9951070708162236,5.9174375,476.983475,21.66856534515543,19.454518207620858,99.51070708162236,8.060642381098237
1685,27762,1,SPATIAL_IMBALANCE,2,1000,past-avg-revisit,99.27769458333333,126.921196875,106.2248951,0.6164145234493192,7.6434750000000005,352.7223625,10.368461712546862,49.846344093669416,61.64145234493192,4.614685892215255
1685,27762,1,SPATIAL_IMBALANCE,2,1000,past-avg-total,6.192509583333333,32.504617708333335,355.869630875,0.9954190980476911,6.0717,521.4532624999999,21.698565839737643,19.968560008999575,99.54190980476912,8.588258024935353
1685,27762,1,SPATIAL_IMBALANCE,2,1000,random,57.73135895833334,78.88109520833333,753.417191325,0.8978892010662056,8.741150000000001,535.68025,50.93157949107832,33.501143487347086,89.78892010662057,6.128258295533195
1685,27762,1,SPATIAL_IMBALANCE,2,2000,none,88.37774770833333,111.71018666666666,146.000270825,0.7321743750450256,8.819749999999999,2574.4173375,11.946133658666426,46.92457466809341,73.21743750450256,29.189232546273992
1685,27762,1,SPATIAL_IMBALANCE,2,2000,past-avg,5.683453749999999,32.20044541666667,335.9740994,0.9973867156544918,3.74035,897.3258625,20.44499255481306,12.1920853432757,99.73867156544918,23.990425027069662
1685,27762,1,SPATIAL_IMBALANCE,2,2000,past-avg-revisit,74.03797541666667,96.18707,176.4798141375,0.8144829263021396,8.7011,2387.0593125,12.964547488793912,40.91280019931586,81.44829263021396,27.43399469607291
1685,27762,1,SPATIAL_IMBALANCE,2,2000,past-avg-total,5.3717625,31.91900375,338.2862548,0.9976919890497803,3.8438625,916.85645,20.57929157677861,12.526137718309567,99.76919890497803,23.852477813657487
1685,27762,1,SPATIAL_IMBALANCE,2,2000,random,50.70666166666667,72.467591875,744.6439,0.9255051869461854,9.8521125,2270.8756750000002,48.84244586932159,36.22842083861929,92.55051869461855,23.04963199516855
1685,27762,1,SPATIAL_IMBALANCE,2,3000,none,76.11667770833333,98.27687083333333,179.65711837499998,0.8145072401123838,13.26125,7542.37165,13.254987231067496,61.36517630337049,81.45072401123838,56.87526929965123
1685,27762,1,SPATIAL_IMBALANCE,2,3000,past-avg,5.5852804166666665,32.262446249999996,335.78751475,0.9991949427274691,4.6678875,2058.4823375,20.396781031676255,15.194686303293464,99.91949427274692,44.098799242698114
1685,27762,1,SPATIAL_IMBALANCE,2,3000,past-avg-revisit,59.976573333333334,81.832859375,214.328436025,0.8860155068078669,12.420300000000001,6486.94865,14.55264127516877,50.27494545985128,88.60155068078669,52.228598745601964
1685,27762,1,SPATIAL_IMBALANCE,2,3000,past-avg-total,5.447744583333334,32.13860375,341.9644957,0.9992939989914271,4.8755749999999995,2281.9370875,20.769872953932023,15.867805056096707,99.92939989914271,46.80344549104465
1685,27762,1,SPATIAL_IMBALANCE,2,3000,random,43.04947541666667,65.70874875,735.619200425,0.9475145882861465,12.2603125,5185.7907625,47.13354008172844,43.60606354287134,94.75145882861466,42.29737832946754
1685,27762,1,SPATIAL_ISLANDS,0,1000,none,152.630125,184.49435666666665,53.451375199999994,0.40823067502341326,7.605,115.0455125,7.946458423911073,74.85233241111104,40.823067502341324,1.5127615055884285
1685,27762,1,SPATIAL_ISLANDS,0,1000,past-avg,59.826345,81.87942666666666,283.6465624,0.9391146171025142,6.613575,358.3190875,18.33189322595752,24.0455729197652,93.91146171025142,5.4179333794505995
1685,27762,1,SPATIAL_ISLANDS,0,1000,past-avg-revisit,152.17127333333332,184.10374333333334,54.1973474,0.41217851739788197,7.980387500000001,119.74968750000001,7.980174586463936,77.74269048779959,41.217851739788195,1.5005497853331056
1685,27762,1,SPATIAL_ISLANDS,0,1000,past-avg-total,59.80595666666667,81.86565833333333,283.6765782,0.9393559541819754,6.6248875,360.3399875,18.329133189291017,24.07273473773554,93.93559541819754,5.439186514487982
1685,27762,1,SPATIAL_ISLANDS,0,1000,random,74.06818333333334,99.29678166666666,774.2358113,0.8807290541027303,7.6129875,304.40335,53.356359391789304,30.608434006658264,88.07290541027302,3.9984743177366306
1685,27762,1,SPATIAL_ISLANDS,0,2000,none,140.36051,174.89030166666666,73.6124484,0.4763237518910742,7.5388625,192.2052,9.379574903884073,63.87544373783496,47.63237518910742,2.5495252102024675
1685,27762,1,SPATIAL_ISLANDS,0,2000,past-avg,55.24313666666667,78.18217833333333,290.8708368,0.947464159642677,6.7772250000000005,474.912525,18.6331550416393,24.270242731691297,94.74641596426771,7.007477618051635
1685,27762,1,SPATIAL_ISLANDS,0,2000,past-avg-revisit,140.04153333333335,174.26276666666666,74.91909460000001,0.4820149845112024,7.7811625,195.3209125,9.43340531122786,65.09541493163543,48.20149845112024,2.5101764999767067
1685,27762,1,SPATIAL_ISLANDS,0,2000,past-avg-total,55.207706666666674,78.14286999999999,291.1131773,0.9476370578488581,6.8222875,482.397175,18.64521026510842,24.470762051628547,94.76370578488581,7.070900705958229
1685,27762,1,SPATIAL_ISLANDS,0,2000,random,60.76903166666666,85.64650666666667,755.2055002,0.9228982061811108,7.4864375,433.56731249999996,49.66641583724266,28.1188939782773,92.28982061811108,5.791370227828656
1685,27762,1,SPATIAL_ISLANDS,0,3000,none,127.48475499999999,163.388555,98.1690661,0.5453425545709963,7.75025,363.514025,10.925637272209437,56.94943789292199,54.53425545709963,4.690352246701719
1685,27762,1,SPATIAL_ISLANDS,0,3000,past-avg,47.969211666666666,72.22290666666666,306.37940349999997,0.9578380520135437,6.9412375,710.0873375,19.41397660520256,24.445099715182913,95.78380520135437,10.229981865625545
1685,27762,1,SPATIAL_ISLANDS,0,3000,past-avg-revisit,126.99591833333334,162.96062999999998,99.2460368,0.5471399755060875,8.0745625,369.4700125,11.009373211081765,58.7081603595064,54.71399755060875,4.575727941916357
1685,27762,1,SPATIAL_ISLANDS,0,3000,past-avg-total,47.81303666666666,72.08003833333333,306.80649750000003,0.9584179814134428,7.0405375,729.2371499999999,19.42922826666326,24.78717611032593,95.84179814134428,10.357691440461753
1685,27762,1,SPATIAL_ISLANDS,0,3000,random,48.207245,72.98380833333333,734.2718857,0.9564872847777538,7.6639125,693.0686875,46.59375711982219,27.138089818287163,95.64872847777538,9.043275056963399
1685,27762,1,SPATIAL_ISLANDS,1,1000,none,150.171835625,181.80951770833335,60.02269617499999,0.4313017794107053,7.778025,157.018,8.421739677076674,72.63139234471826,43.13017794107053,2.018738690091636
1685,27762,1,SPATIAL_ISLANDS,1,1000,past-avg,58.09940625,80.43387083333333,289.9287880375,0.9422907211296015,6.8549625,489.07385,18.67365816476979,24.911037868564364,94.22907211296015,7.134595557597871
1685,27762,1,SPATIAL_ISLANDS,1,1000,past-avg-revisit,149.17332770833335,180.89007770833334,61.7755307375,0.43877647503782147,8.2416125,165.0718875,8.518022933658024,75.62523592782763,43.87764750378215,2.0029076530836654
1685,27762,1,SPATIAL_ISLANDS,1,1000,past-avg-total,57.993919166666664,80.347095,290.14269682500003,0.9422785642244795,6.9895125,491.818625,18.687648637887012,25.34040256652714,94.22785642244796,7.036522575787653
1685,27762,1,SPATIAL_ISLANDS,1,1000,random,72.08224541666667,97.12918708333333,772.5267235625,0.8883505331028023,8.1486625,401.75547500000005,52.78513786623092,32.41769450975696,88.83505331028023,4.930324148288139
1685,27762,1,SPATIAL_ISLANDS,1,2000,none,135.85806354166667,167.43504729166668,91.69338225,0.5390200633960089,8.2074125,786.602125,10.236348689346352,61.47211096608323,53.902006339600895,9.584045215224652
1685,27762,1,SPATIAL_ISLANDS,1,2000,past-avg,51.61456104166667,75.12381041666667,303.1674186125,0.953127476406599,7.7105125,1525.0073375,19.301813642170142,27.399888493164525,95.31274764065991,19.778287597614295
1685,27762,1,SPATIAL_ISLANDS,1,2000,past-avg-revisit,131.45197291666668,162.3743425,101.5778657625,0.574254376485844,8.407175,827.5620125,10.64305573089217,58.98702786805055,57.4254376485844,9.843520712962441
1685,27762,1,SPATIAL_ISLANDS,1,2000,past-avg-total,51.30999791666667,74.86762020833334,303.5273819625,0.9536466212808876,7.7908375,1532.299,19.314217185281095,27.663807504900426,95.36466212808877,19.66796252649346
1685,27762,1,SPATIAL_ISLANDS,1,2000,random,57.19517020833333,81.88974125,749.7166611125,0.9340740040342915,8.5835625,1452.9407375,48.72499794226626,31.707577670764913,93.40740040342915,16.927012968100367
1685,27762,1,SPATIAL_ISLANDS,1,3000,none,119.50908354166667,151.80776145833332,125.7928946625,0.6287857503061739,10.375975,3157.217275,12.013135840189214,65.3967334694624,62.87857503061739,30.428150366592057
1685,27762,1,SPATIAL_ISLANDS,1,3000,past-avg,42.673844375,67.72837166666667,322.4589425625,0.9652420574886535,8.936625000000001,2956.958575,20.270458763191677,31.111247853685363,96.52420574886536,33.08809058229477
1685,27762,1,SPATIAL_ISLANDS,1,3000,past-avg-revisit,113.57579729166667,144.75132166666666,139.6814516625,0.66875855485916,10.603975,3155.1261624999997,12.552297000324874,62.61803337268487,66.875855485916,29.754183336909033
1685,27762,1,SPATIAL_ISLANDS,1,3000,past-avg-total,42.13875979166667,67.26773958333334,323.554735075,0.9659822779338665,9.00795,2962.5545875,20.323617945060285,31.34208156426191,96.59822779338666,32.88822193173807
1685,27762,1,SPATIAL_ISLANDS,1,3000,random,44.79774833333333,69.82949458333333,731.0078042499999,0.9630880340033139,9.7566875,2927.267125,46.072348449350905,34.22118095725841,96.30880340033139,30.002673807068227
1685,27762,1,SPATIAL_ISLANDS,2,1000,none,147.26295979166667,178.70697916666666,67.62910363750001,0.455159030329227,8.238925,237.2386125,8.921437051081472,73.34702789548768,45.5159030329227,2.879485035972533
1685,27762,1,SPATIAL_ISLANDS,2,1000,past-avg,56.3989075,79.01899270833333,295.934669825,0.944931471075571,7.686525,700.1273875,19.004495385852927,27.791619848781885,94.49314710755709,9.108503354897044
1685,27762,1,SPATIAL_ISLANDS,2,1000,past-avg-revisit,143.92601020833334,174.87870166666667,75.1186523875,0.48460980837115486,8.670449999999999,259.2951125,9.240458196276405,73.13813457274287,48.460980837115486,2.990561187712288
1685,27762,1,SPATIAL_ISLANDS,2,1000,past-avg-total,55.542541666666665,78.28914729166667,298.81768734999997,0.9460818745047187,7.801325,703.542025,19.164464355474692,28.09792554754616,94.60818745047187,9.018237607073157
1685,27762,1,SPATIAL_ISLANDS,2,1000,random,69.857059375,94.71794812499999,770.0159727375,0.8963803940638283,8.965175,591.05565,52.15712468033422,35.238265258748626,89.63803940638283,6.5927954557496085
1685,27762,1,SPATIAL_ISLANDS,2,2000,none,123.17722416666668,153.569985625,124.67999226250001,0.620949049059866,10.186,2759.2405125,11.704043524012366,66.41035832771283,62.0949049059866,27.088557947182405
1685,27762,1,SPATIAL_ISLANDS,2,2000,past-avg,46.79727041666666,71.06431666666667,318.431048475,0.9599078776745191,9.5185,3069.734975,20.117167261632687,33.469278528509655,95.9907877674519,32.25019672217261
1685,27762,1,SPATIAL_ISLANDS,2,2000,past-avg-revisit,103.09303729166668,132.06394666666665,163.8810743375,0.7163523881564728,10.0704625,2731.3855875,13.128476123438292,57.8063793522229,71.63523881564728,27.122742252404
1685,27762,1,SPATIAL_ISLANDS,2,2000,past-avg-total,42.39889333333333,67.26184604166666,330.36609833750003,0.9645009365319501,9.0822125,2775.9335499999997,20.756834175888017,31.757578372160424,96.45009365319501,30.564507822295496
1685,27762,1,SPATIAL_ISLANDS,2,2000,random,52.45456395833334,77.32019,743.36449405,0.944986402276493,10.6156875,3080.9544625,47.78435238185294,38.527436228254246,94.4986402276493,29.02265597494274
1685,27762,1,SPATIAL_ISLANDS,2,3000,none,102.50722083333334,133.11619124999999,167.5637731375,0.7157481449463295,17.5956,10518.558925000001,13.654582197304602,95.04150273588945,71.57481449463296,59.77948421764532
1685,27762,1,SPATIAL_ISLANDS,2,3000,past-avg,34.552268125,60.74638395833334,344.1051981125,0.9748950904113536,11.5060125,5577.3243875,21.39291905872106,39.565644818599885,97.48950904113536,48.47312991794507
1685,27762,1,SPATIAL_ISLANDS,2,3000,past-avg-revisit,82.825208125,111.680433125,206.8952375875,0.7937860204596211,15.2220625,8376.394049999999,15.137134551650696,72.1703921464604,79.37860204596211,55.027983560046465
1685,27762,1,SPATIAL_ISLANDS,2,3000,past-avg-total,30.936210833333334,57.57621666666667,352.81848495,0.9776425509689504,10.6832875,4746.0738,21.862946630020605,36.65609979001565,97.76425509689504,44.42521836092121
1685,27762,1,SPATIAL_ISLANDS,2,3000,random,40.65080854166667,66.28292416666666,727.395876875,0.9693970175059434,13.722674999999999,6572.936525,45.55361631954793,47.6674330783455,96.93970175059434,47.89836183542932
