taxiCount,clientCount,taxiSeatCount,spawnScenario,moderation,factor,factorFrom,factorTo,moderator,moderatorFrom,moderatorTo,outcome,effectScale,scope,seeds,effectAtModeratorFromMean,effectAtModeratorToMean,interactionMean,interactionStd,ci95Low,ci95High,sameDirectionSeeds,pValue,pValueHolm
39.0,638.0,1.0,BASELINE,hops_by_radius,kHops,0,1,p2pRqsRadius,1000,2000,distance,relative percent,city-scenario,10,0.43161427502622207,0.010303621714793376,-0.4213106533114286,1.190530920992581,-1.2729651694361301,0.4303438628132731,5,0.2920822378524412,1.0
39.0,638.0,1.0,BASELINE,hops_by_radius,kHops,0,1,p2pRqsRadius,1000,2000,pickup,percentage points,city-scenario,10,-0.0015673981191266506,-0.0031347962382444194,-0.0015673981191177688,0.08949280516376536,-0.0655866943292863,0.062451898091050756,7,0.9570418695377845,1.0
39.0,638.0,1.0,BASELINE,hops_by_radius,kHops,0,1,p2pRqsRadius,1000,2000,waiting,relative percent,city-scenario,10,-0.3868249653380141,0.060823841795756284,0.44764880713377025,1.864428919652262,-0.8860832962638552,1.7813809105313958,5,0.4671154434977496,1.0
39.0,638.0,1.0,BASELINE,hops_by_radius,kHops,0,1,p2pRqsRadius,2000,3000,distance,relative percent,city-scenario,10,0.010303621714793376,0.30110469450927213,0.29080107279447875,0.8793550833357667,-0.3382516588857142,0.9198538044746717,5,0.3229448408294511,1.0
39.0,638.0,1.0,BASELINE,hops_by_radius,kHops,0,1,p2pRqsRadius,2000,3000,pickup,percentage points,city-scenario,10,-0.0031347962382444194,0.0,0.0031347962382444194,0.01779455210650563,-0.009594659500113744,0.015864251976602583,9,0.5910512317836047,1.0
39.0,638.0,1.0,BASELINE,hops_by_radius,kHops,0,1,p2pRqsRadius,2000,3000,waiting,relative percent,city-scenario,10,0.060823841795756284,0.34808516436530046,0.2872613225695442,0.6154943743396484,-0.1530368287112958,0.7275594738503841,7,0.17408200119192657,1.0
39.0,638.0,1.0,BASELINE,hops_by_radius,kHops,1,2,p2pRqsRadius,1000,2000,distance,relative percent,city-scenario,10,0.14584607040567854,-0.4385443636449615,-0.5843904340506401,0.9546998169560551,-1.2673415412559583,0.09856067315467809,6,0.08489403795852327,1.0
39.0,638.0,1.0,BASELINE,hops_by_radius,kHops,1,2,p2pRqsRadius,1000,2000,pickup,percentage points,city-scenario,10,-0.02115987460815094,0.002351097178684425,0.023510971786835366,0.0478848035000616,-0.010743753088828335,0.05776569666249907,7,0.1549244543750762,1.0
39.0,638.0,1.0,BASELINE,hops_by_radius,kHops,1,2,p2pRqsRadius,1000,2000,waiting,relative percent,city-scenario,10,-0.12147466999971157,0.2690341848867883,0.3905088548864999,0.4945789453498848,0.03670839077403004,0.7443093189989698,8,0.03403639305283439,1.0
39.0,638.0,1.0,BASELINE,hops_by_radius,kHops,1,2,p2pRqsRadius,2000,3000,distance,relative percent,city-scenario,10,-0.4385443636449615,0.06545347389359968,0.5039978375385612,0.7906188877856754,-0.06157684384374207,1.0695725189208645,6,0.07461841854774631,1.0
39.0,638.0,1.0,BASELINE,hops_by_radius,kHops,1,2,p2pRqsRadius,2000,3000,pickup,percentage points,city-scenario,10,0.002351097178684425,-0.0015673981191210995,-0.003918495297805524,0.01819277465671852,-0.01693282228757877,0.009095831691967721,8,0.5129405683951571,1.0
39.0,638.0,1.0,BASELINE,hops_by_radius,kHops,1,2,p2pRqsRadius,2000,3000,waiting,relative percent,city-scenario,10,0.2690341848867883,0.11625720195378109,-0.15277698293300723,0.5370494752042132,-0.5369590338777549,0.23140506801174043,5,0.3917731875469356,1.0
39.0,638.0,1.0,BASELINE,roaming_by_radius,idleRoamingMode,none,past-avg-total,p2pRqsRadius,1000,2000,distance,relative percent,city-scenario,10,75.88687716442058,18.1989844558286,-57.687892708591995,4.962766329918944,-61.23804187550592,-54.13774354167807,10,4.044157588768974e-11,6.430210566142669e-09
39.0,638.0,1.0,BASELINE,roaming_by_radius,idleRoamingMode,none,past-avg-total,p2pRqsRadius,1000,2000,pickup,percentage points,city-scenario,10,3.7042842215255973,0.14498432601880662,-3.559299895506791,1.0509422029342188,-4.311098658170384,-2.807501132843198,10,2.016147981273788e-06,0.00023387316582775943
39.0,638.0,1.0,BASELINE,roaming_by_radius,idleRoamingMode,none,past-avg-total,p2pRqsRadius,1000,2000,waiting,relative percent,city-scenario,10,-58.39852580763519,-7.167080725764069,51.23144508187113,8.104543482926037,45.43380393147719,57.029086232265065,10,9.120538394606211e-09,1.2312726832718386e-06
39.0,638.0,1.0,BASELINE,roaming_by_radius,idleRoamingMode,none,past-avg-total,p2pRqsRadius,2000,3000,distance,relative percent,city-scenario,10,18.1989844558286,5.256299365447598,-12.942685090381001,2.651865357989386,-14.83971528796995,-11.045654892792053,10,8.804545776058574e-08,1.135786405111556e-05
39.0,638.0,1.0,BASELINE,roaming_by_radius,idleRoamingMode,none,past-avg-total,p2pRqsRadius,2000,3000,pickup,percentage points,city-scenario,10,0.14498432601880662,0.002612330198537016,-0.1423719958202696,0.17485600088879363,-0.26745644360957144,-0.01728754803096777,10,0.029950867347408948,1.0
39.0,638.0,1.0,BASELINE,roaming_by_radius,idleRoamingMode,none,past-avg-total,p2pRqsRadius,2000,3000,waiting,relative percent,city-scenario,10,-7.167080725764069,-0.5515238435431646,6.615556882220903,6.3800341468252775,2.0515553948480143,11.179558369593792,9,0.009544271716726952,0.801718824205064
39.0,638.0,1.0,BASELINE,shortcuts_by_hops,p2pOverlayShortcuts,0,1,kHops,0,1,distance,relative percent,city-scenario,10,0.0,-0.07672154658206143,-0.07672154658206143,0.318789660460805,-0.30476993175037637,0.15132683858625348,5,0.4660988634899358,1.0
39.0,638.0,1.0,BASELINE,shortcuts_by_hops,p2pOverlayShortcuts,0,1,kHops,0,1,pickup,percentage points,city-scenario,10,0.0,0.012539184952976568,0.012539184952976568,0.03097811939304341,-0.009621226689368361,0.0346995965953215,8,0.23254762954144545,1.0
39.0,638.0,1.0,BASELINE,shortcuts_by_hops,p2pOverlayShortcuts,0,1,kHops,0,1,waiting,relative percent,city-scenario,10,0.0,-0.26017587817964594,-0.26017587817964594,0.5773102679959106,-0.6731587652884999,0.15280700892920807,8,0.18785963199703104,1.0
39.0,638.0,1.0,BASELINE,shortcuts_by_hops,p2pOverlayShortcuts,0,1,kHops,1,2,distance,relative percent,city-scenario,10,-0.07672154658206143,0.04405959960818939,0.12078114619025082,0.26973029665471376,-0.0721722842759823,0.31373457665648397,7,0.19043367514515738,1.0
39.0,638.0,1.0,BASELINE,shortcuts_by_hops,p2pOverlayShortcuts,0,1,kHops,1,2,pickup,percentage points,city-scenario,10,0.012539184952976568,0.01776384535005282,0.005224660397076253,0.018757104866375524,-0.008193364105432978,0.018642684899585482,7,0.40131936050549477,1.0
39.0,638.0,1.0,BASELINE,shortcuts_by_hops,p2pOverlayShortcuts,0,1,kHops,1,2,waiting,relative percent,city-scenario,10,-0.26017587817964594,-0.18872473378892307,0.07145114439072286,0.3191403140047726,-0.15684808321187857,0.2997503719933243,7,0.49687573836742316,1.0
39.0,638.0,1.0,RUSH_HOUR,hops_by_radius,kHops,0,1,p2pRqsRadius,1000,2000,distance,relative percent,city-scenario,10,0.07852095175326035,0.2457471164449354,0.16722616469167506,2.2307408754036806,-1.428549725998823,1.763002055382173,5,0.8179195124598649,1.0
39.0,638.0,1.0,RUSH_HOUR,hops_by_radius,kHops,0,1,p2pRqsRadius,1000,2000,pickup,percentage points,city-scenario,10,0.06112852664576396,0.025078369905955356,-0.0360501567398086,0.2013088160579504,-0.18005780854319986,0.10795749506358265,3,0.5850340315736375,1.0
39.0,638.0,1.0,RUSH_HOUR,hops_by_radius,kHops,0,1,p2pRqsRadius,1000,2000,waiting,relative percent,city-scenario,10,-1.503237143027363,-0.2099793691862084,1.2932577738411544,1.3092602181629673,0.35666943504247495,2.2298461126398337,8,0.012246828413089387,1.0
39.0,638.0,1.0,RUSH_HOUR,hops_by_radius,kHops,0,1,p2pRqsRadius,2000,3000,distance,relative percent,city-scenario,10,0.2457471164449354,-0.018717525895997067,-0.2644646423409325,1.1009004409417948,-1.052001375574254,0.5230720908923892,4,0.46688865772663224,1.0
39.0,638.0,1.0,RUSH_HOUR,hops_by_radius,kHops,0,1,p2pRqsRadius,2000,3000,pickup,percentage points,city-scenario,10,0.025078369905955356,-0.0031347962382444194,-0.028213166144199775,0.04100609586279527,-0.05754716000727027,0.0011208277188707212,8,0.0575743684058756,1.0
39.0,638.0,1.0,RUSH_HOUR,hops_by_radius,kHops,0,1,p2pRqsRadius,2000,3000,waiting,relative percent,city-scenario,10,-0.2099793691862084,-0.04940489737124798,0.16057447181496043,0.8466078675693898,-0.44505231291486447,0.7662012565447853,5,0.5634444559395924,1.0
39.0,638.0,1.0,RUSH_HOUR,hops_by_radius,kHops,1,2,p2pRqsRadius,1000,2000,distance,relative percent,city-scenario,10,-0.40178949811680476,0.21290599786811693,0.6146954959849216,1.6523704863625999,-0.5673391426858763,1.7967301346557194,6,0.2696145815618976,1.0
39.0,638.0,1.0,RUSH_HOUR,hops_by_radius,kHops,1,2,p2pRqsRadius,1000,2000,pickup,percentage points,city-scenario,10,0.08385579937304266,-0.009404388714728817,-0.09326018808777148,0.10536794267605495,-0.16863587355087092,-0.017884502624672033,8,0.020749802308849513,1.0
39.0,638.0,1.0,RUSH_HOUR,hops_by_radius,kHops,1,2,p2pRqsRadius,1000,2000,waiting,relative percent,city-scenario,10,0.028518718576201474,0.22170632105781296,0.1931876024816115,1.7209476103038546,-1.0379041553933814,1.4242793603566044,6,0.7307764873349383,1.0
39.0,638.0,1.0,RUSH_HOUR,hops_by_radius,kHops,1,2,p2pRqsRadius,2000,3000,distance,relative percent,city-scenario,10,0.21290599786811693,0.11187557762221467,-0.10103042024590225,0.6281332586440462,-0.5503698846978808,0.3483090442060764,5,0.6232462022556293,1.0
39.0,638.0,1.0,RUSH_HOUR,hops_by_radius,kHops,1,2,p2pRqsRadius,2000,3000,pickup,percentage points,city-scenario,10,-0.009404388714728817,0.0,0.009404388714728817,0.026844791177984467,-0.009799218044257239,0.028607995473714874,9,0.29666503692434276,1.0
39.0,638.0,1.0,RUSH_HOUR,hops_by_radius,kHops,1,2,p2pRqsRadius,2000,3000,waiting,relative percent,city-scenario,10,0.22170632105781296,0.15286045757017974,-0.06884586348763322,0.696838220214482,-0.5673338966746866,0.4296421696994202,6,0.7618350173133044,1.0
39.0,638.0,1.0,RUSH_HOUR,roaming_by_radius,idleRoamingMode,none,past-avg-total,p2pRqsRadius,1000,2000,distance,relative percent,city-scenario,10,67.09916468155227,20.115060622993138,-46.984104058559126,7.073217385656323,-52.04397896294517,-41.924229154173084,10,5.8882424819596324e-09,8.184657049923889e-07
39.0,638.0,1.0,RUSH_HOUR,roaming_by_radius,idleRoamingMode,none,past-avg-total,p2pRqsRadius,1000,2000,pickup,percentage points,city-scenario,10,3.439132706374083,0.08620689655172264,-3.35292580982236,1.4944676345007324,-4.422003552938517,-2.283848066706203,10,5.69948557163614e-05,0.006041454705934308
39.0,638.0,1.0,RUSH_HOUR,roaming_by_radius,idleRoamingMode,none,past-avg-total,p2pRqsRadius,1000,2000,waiting,relative percent,city-scenario,10,-43.83696856752646,-5.662462646126128,38.174505921400346,12.306724415605125,29.370805620601903,46.97820622219879,10,4.199799634875119e-06,0.000471591917788385
39.0,638.0,1.0,RUSH_HOUR,roaming_by_radius,idleRoamingMode,none,past-avg-total,p2pRqsRadius,2000,3000,distance,relative percent,city-scenario,10,20.115060622993138,6.052577161199218,-14.06248346179392,1.8275681450085235,-15.369846955490068,-12.755119968097773,10,1.600916222360836e-09,2.3497556346388297e-07
39.0,638.0,1.0,RUSH_HOUR,roaming_by_radius,idleRoamingMode,none,past-avg-total,p2pRqsRadius,2000,3000,pickup,percentage points,city-scenario,10,0.08620689655172264,-0.005224660397074032,-0.09143155694879668,0.12081536856070575,-0.1778576651982241,-0.005005448699369239,8,0.04034702580385468,1.0
39.0,638.0,1.0,RUSH_HOUR,roaming_by_radius,idleRoamingMode,none,past-avg-total,p2pRqsRadius,2000,3000,waiting,relative percent,city-scenario,10,-5.662462646126128,-0.2821315370802324,5.380331109045897,3.7941613376620653,2.66615159371538,8.094510624376413,9,0.0015229949811923968,0.13859254328850812
39.0,638.0,1.0,RUSH_HOUR,shortcuts_by_hops,p2pOverlayShortcuts,0,1,kHops,0,1,distance,relative percent,city-scenario,10,0.0,0.07821524761033594,0.07821524761033594,0.46309336576317034,-0.25306178970573223,0.4094922849264041,7,0.6062110126860847,1.0
39.0,638.0,1.0,RUSH_HOUR,shortcuts_by_hops,p2pOverlayShortcuts,0,1,kHops,0,1,pickup,percentage points,city-scenario,10,0.0,1.1102230246251565e-15,1.1102230246251565e-15,0.06631638023218528,-0.04743988057924126,0.04743988057924348,5,0.9999999999999589,1.0
39.0,638.0,1.0,RUSH_HOUR,shortcuts_by_hops,p2pOverlayShortcuts,0,1,kHops,0,1,waiting,relative percent,city-scenario,10,0.0,-0.6333949926820359,-0.6333949926820359,0.40067302369738933,-0.9200192072271932,-0.3467707781368786,10,0.0007399611426332349,0.06955634740752407
39.0,638.0,1.0,RUSH_HOUR,shortcuts_by_hops,p2pOverlayShortcuts,0,1,kHops,1,2,distance,relative percent,city-scenario,10,0.07821524761033594,0.2035821130663218,0.12536686545598585,0.2544848706281606,-0.056680644217418086,0.3074143751293898,9,0.1537004672267056,1.0
39.0,638.0,1.0,RUSH_HOUR,shortcuts_by_hops,p2pOverlayShortcuts,0,1,kHops,1,2,pickup,percentage points,city-scenario,10,1.1102230246251565e-15,0.03396029258098343,0.03396029258098232,0.07036608795136239,-0.01637657438240768,0.08429715954437232,7,0.16130631675796808,1.0
39.0,638.0,1.0,RUSH_HOUR,shortcuts_by_hops,p2pOverlayShortcuts,0,1,kHops,1,2,waiting,relative percent,city-scenario,10,-0.6333949926820359,-0.5668409193427548,0.0665540733392811,0.7044459824663892,-0.4373762251137915,0.5704843717923537,5,0.7719042280896798,1.0
39.0,638.0,1.0,SPATIAL_IMBALANCE,hops_by_radius,kHops,0,1,p2pRqsRadius,1000,2000,distance,relative percent,city-scenario,10,-0.3436863422595493,0.8005339724836347,1.144220314743184,0.590091040986762,0.7220946134114552,1.5663460160749128,10,0.00017246362819043476,0.01776375370361478
39.0,638.0,1.0,SPATIAL_IMBALANCE,hops_by_radius,kHops,0,1,p2pRqsRadius,1000,2000,pickup,percentage points,city-scenario,10,0.06896551724137723,0.4059561128526701,0.33699059561129285,0.3952482352436207,0.05424704095006477,0.6197341502725209,8,0.02454704659249399,1.0
39.0,638.0,1.0,SPATIAL_IMBALANCE,hops_by_radius,kHops,0,1,p2pRqsRadius,1000,2000,waiting,relative percent,city-scenario,10,-0.5212105132123213,-4.315658158054019,-3.7944476448416986,3.1753394623866837,-6.065948658117316,-1.5229466315660818,8,0.004356787641499104,0.37904052481042205
39.0,638.0,1.0,SPATIAL_IMBALANCE,hops_by_radius,kHops,0,1,p2pRqsRadius,2000,3000,distance,relative percent,city-scenario,10,0.8005339724836347,0.1844981243609567,-0.616035848122678,0.7441209841474836,-1.1483479330234205,-0.08372376322193553,7,0.027904284467606247,1.0
39.0,638.0,1.0,SPATIAL_IMBALANCE,hops_by_radius,kHops,0,1,p2pRqsRadius,2000,3000,pickup,percentage points,city-scenario,10,0.4059561128526701,0.0,-0.4059561128526701,0.2645505128235566,-0.5952041491837582,-0.21670807652158194,10,0.0009051225310012515,0.08327127285211514
39.0,638.0,1.0,SPATIAL_IMBALANCE,hops_by_radius,kHops,0,1,p2pRqsRadius,2000,3000,waiting,relative percent,city-scenario,10,-4.315658158054019,0.003981047188204023,4.319639205242224,3.085822563013948,2.1121747241355564,6.527103686348891,9,0.001655132093180051,0.14896188838620458
39.0,638.0,1.0,SPATIAL_IMBALANCE,hops_by_radius,kHops,1,2,p2pRqsRadius,1000,2000,distance,relative percent,city-scenario,10,-0.057651746038220875,0.3605743159542396,0.41822606199246054,0.7373867199180271,-0.10926862048498992,0.945720744469911,6,0.10647007844174156,1.0
39.0,638.0,1.0,SPATIAL_IMBALANCE,hops_by_radius,kHops,1,2,p2pRqsRadius,1000,2000,pickup,percentage points,city-scenario,10,-0.007053291536046613,0.07758620689654938,0.084639498432596,0.19849584348430957,-0.057355874013885505,0.2266348708790775,6,0.21047782622349917,1.0
39.0,638.0,1.0,SPATIAL_IMBALANCE,hops_by_radius,kHops,1,2,p2pRqsRadius,1000,2000,waiting,relative percent,city-scenario,10,-0.0002285244054478497,-2.0957597938982095,-2.095531269492762,2.771507996294552,-4.078148654643977,-0.11291388434154781,7,0.04049152753469684,1.0
39.0,638.0,1.0,SPATIAL_IMBALANCE,hops_by_radius,kHops,1,2,p2pRqsRadius,2000,3000,distance,relative percent,city-scenario,10,0.3605743159542396,0.022428116302535273,-0.33814619965170434,0.6491599401303652,-0.8025272459149384,0.12623484661152967,7,0.1339166748953961,1.0
39.0,638.0,1.0,SPATIAL_IMBALANCE,hops_by_radius,kHops,1,2,p2pRqsRadius,2000,3000,pickup,percentage points,city-scenario,10,0.07758620689654938,0.0,-0.07758620689654938,0.17746357179307193,-0.20453599854008098,0.049363584746982214,6,0.2001470271595072,1.0
39.0,638.0,1.0,SPATIAL_IMBALANCE,hops_by_radius,kHops,1,2,p2pRqsRadius,2000,3000,waiting,relative percent,city-scenario,10,-2.0957597938982095,-0.10938563527219669,1.9863741586260133,2.806016470874037,-0.02092910213075916,3.9936774193827858,7,0.05196440882472876,1.0
39.0,638.0,1.0,SPATIAL_IMBALANCE,roaming_by_radius,idleRoamingMode,none,past-avg-total,p2pRqsRadius,1000,2000,distance,relative percent,city-scenario,10,190.74198378003507,31.42101181422715,-159.3209719658079,9.971622041481137,-166.45424065708698,-152.18770327452881,10,2.3391265990019533e-12,3.976515218303321e-10
39.0,638.0,1.0,SPATIAL_IMBALANCE,roaming_by_radius,idleRoamingMode,none,past-avg-total,p2pRqsRadius,1000,2000,pickup,percentage points,city-scenario,10,29.821055381400214,4.333855799373039,-25.48719958202717,2.026900493683341,-26.937156847934723,-24.037242316119617,10,2.0016086882644512e-11,3.2826382487537e-09
39.0,638.0,1.0,SPATIAL_IMBALANCE,roaming_by_radius,idleRoamingMode,none,past-avg-total,p2pRqsRadius,1000,2000,waiting,relative percent,city-scenario,10,-90.96574690449445,-70.75663336390195,20.20911354059251,2.0229316338534855,18.761995425973144,21.65623165521188,10,1.5661205860902773e-10,2.411825702579027e-08
39.0,638.0,1.0,SPATIAL_IMBALANCE,roaming_by_radius,idleRoamingMode,none,past-avg-total,p2pRqsRadius,2000,3000,distance,relative percent,city-scenario,10,31.42101181422715,4.584348347362203,-26.836663466864945,2.884968592705338,-28.900445673216172,-24.772881260513717,10,2.9593705252272417e-10,4.52783690359768e-08
39.0,638.0,1.0,SPATIAL_IMBALANCE,roaming_by_radius,idleRoamingMode,none,past-avg-total,p2pRqsRadius,2000,3000,pickup,percentage points,city-scenario,10,4.333855799373039,0.0,-4.333855799373039,1.209185667098192,-5.198855116953848,-3.468856481792229,10,1.2504653431450625e-06,0.0001475549104911174
39.0,638.0,1.0,SPATIAL_IMBALANCE,roaming_by_radius,idleRoamingMode,none,past-avg-total,p2pRqsRadius,2000,3000,waiting,relative percent,city-scenario,10,-70.75663336390195,-1.3570074652914457,69.39962589861048,2.845987502616167,67.3637290842575,71.43552271296346,10,5.2488785317718157e-14,9.39549257187155e-12
39.0,638.0,1.0,SPATIAL_IMBALANCE,shortcuts_by_hops,p2pOverlayShortcuts,0,1,kHops,0,1,distance,relative percent,city-scenario,10,0.0,-0.07481192640185208,-0.07481192640185208,0.4451759631406248,-0.39327162601450877,0.2436477732108046,6,0.607991026140329,1.0
39.0,638.0,1.0,SPATIAL_IMBALANCE,shortcuts_by_hops,p2pOverlayShortcuts,0,1,kHops,0,1,pickup,percentage points,city-scenario,10,0.0,0.039707419017761536,0.039707419017761536,0.0830923612006473,-0.019733275401999102,0.09914811343752217,8,0.16503358586706596,1.0
39.0,638.0,1.0,SPATIAL_IMBALANCE,shortcuts_by_hops,p2pOverlayShortcuts,0,1,kHops,0,1,waiting,relative percent,city-scenario,10,0.0,-0.5520237063968857,-0.5520237063968857,0.7332297440155847,-1.076544667454497,-0.027502745339274437,8,0.041175611955228744,1.0
39.0,638.0,1.0,SPATIAL_IMBALANCE,shortcuts_by_hops,p2pOverlayShortcuts,0,1,kHops,1,2,distance,relative percent,city-scenario,10,-0.07481192640185208,-0.07884833736522934,-0.004036410963377257,0.3816546617467221,-0.2770557089465388,0.2689828870197843,6,0.9740501021924449,1.0
39.0,638.0,1.0,SPATIAL_IMBALANCE,shortcuts_by_hops,p2pOverlayShortcuts,0,1,kHops,1,2,pickup,percentage points,city-scenario,10,0.039707419017761536,0.026123301985373493,-0.013584117032388043,0.11589380796940509,-0.09648955292458848,0.0693213188598124,7,0.7194673492071686,1.0
39.0,638.0,1.0,SPATIAL_IMBALANCE,shortcuts_by_hops,p2pOverlayShortcuts,0,1,kHops,1,2,waiting,relative percent,city-scenario,10,-0.5520237063968857,-0.044634968297162514,0.5073887380997233,0.6522723273635372,0.040781224135129635,0.973996252064317,8,0.03616645559308574,1.0
39.0,638.0,1.0,SPATIAL_ISLANDS,hops_by_radius,kHops,0,1,p2pRqsRadius,1000,2000,distance,relative percent,city-scenario,10,0.8329777168935026,1.1873192281089806,0.3543415112154779,1.038356627757157,-0.3884540733293685,1.0971370957603244,7,0.30859810778692265,1.0
39.0,638.0,1.0,SPATIAL_ISLANDS,hops_by_radius,kHops,0,1,p2pRqsRadius,1000,2000,pickup,percentage points,city-scenario,10,0.1575235109717843,0.5054858934169248,0.34796238244514055,0.45828641097969725,0.02012403343020347,0.6758007314600776,8,0.03983138474154665,1.0
39.0,638.0,1.0,SPATIAL_ISLANDS,hops_by_radius,kHops,0,1,p2pRqsRadius,1000,2000,waiting,relative percent,city-scenario,10,-0.644150814767488,-5.590904182134639,-4.946753367367153,2.99607711218663,-7.090017820443461,-2.8034889142908446,10,0.0005483468944425279,0.05264130186648268
39.0,638.0,1.0,SPATIAL_ISLANDS,hops_by_radius,kHops,0,1,p2pRqsRadius,2000,3000,distance,relative percent,city-scenario,10,1.1873192281089806,0.19993124773671322,-0.9873879803722675,0.5871123131346561,-1.4073828281639325,-0.5673931325806025,10,0.00048211255006254676,0.04676491735606703
39.0,638.0,1.0,SPATIAL_ISLANDS,hops_by_radius,kHops,0,1,p2pRqsRadius,2000,3000,pickup,percentage points,city-scenario,10,0.5054858934169248,0.069749216300935,-0.43573667711598985,0.39940811634074136,-0.7214560314481335,-0.15001732278384616,9,0.007275795592446878,0.6257184209504315
39.0,638.0,1.0,SPATIAL_ISLANDS,hops_by_radius,kHops,0,1,p2pRqsRadius,2000,3000,waiting,relative percent,city-scenario,10,-5.590904182134639,-0.6438836197499853,4.947020562384654,2.863975859664381,2.898255652589846,6.9957854721794615,10,0.00039923924267949755,0.03912544578259076
39.0,638.0,1.0,SPATIAL_ISLANDS,hops_by_radius,kHops,1,2,p2pRqsRadius,1000,2000,distance,relative percent,city-scenario,10,-0.08745605919123767,0.5744645684953775,0.6619206276866152,0.9883384786352531,-0.04509412845912253,1.368935383832353,7,0.06325562791240011,1.0
39.0,638.0,1.0,SPATIAL_ISLANDS,hops_by_radius,kHops,1,2,p2pRqsRadius,1000,2000,pickup,percentage points,city-scenario,10,0.13793103448276334,0.15047021943573768,0.012539184952974347,0.3069949275015746,-0.2070717565386668,0.2321501264446155,5,0.9000691533160059,1.0
39.0,638.0,1.0,SPATIAL_ISLANDS,hops_by_radius,kHops,1,2,p2pRqsRadius,1000,2000,waiting,relative percent,city-scenario,10,-0.16891152560889022,-1.201778052272443,-1.0328665266635528,1.3710908872237848,-2.0136858615767674,-0.05204719175033812,7,0.04107938657722958,1.0
39.0,638.0,1.0,SPATIAL_ISLANDS,hops_by_radius,kHops,1,2,p2pRqsRadius,2000,3000,distance,relative percent,city-scenario,10,0.5744645684953775,-0.006298582838910605,-0.5807631513342881,0.843653961622598,-1.1842768390454355,0.02275053637685931,8,0.05746575704235413,1.0
39.0,638.0,1.0,SPATIAL_ISLANDS,hops_by_radius,kHops,1,2,p2pRqsRadius,2000,3000,pickup,percentage points,city-scenario,10,0.15047021943573768,-0.003134796238242199,-0.15360501567397988,0.24375154604200558,-0.3279743674804634,0.020764336132503614,6,0.07744967013560194,1.0
39.0,638.0,1.0,SPATIAL_ISLANDS,hops_by_radius,kHops,1,2,p2pRqsRadius,2000,3000,waiting,relative percent,city-scenario,10,-1.201778052272443,-0.4430948487593723,0.7586832035130708,1.728334664468475,-0.47769293457349304,1.9950593415996347,7,0.19849205164813521,1.0
39.0,638.0,1.0,SPATIAL_ISLANDS,roaming_by_radius,idleRoamingMode,none,past-avg-total,p2pRqsRadius,1000,2000,distance,relative percent,city-scenario,10,272.6388897181145,46.517615237573864,-226.12127448054062,27.005506397634505,-245.43984998180076,-206.80269897928048,10,7.554488166052475e-10,1.1256187367418187e-07
39.0,638.0,1.0,SPATIAL_ISLANDS,roaming_by_radius,idleRoamingMode,none,past-avg-total,p2pRqsRadius,1000,2000,pickup,percentage points,city-scenario,10,40.55120167189133,9.024294670846393,-31.526907001044936,1.7963561551606715,-32.81194278225379,-30.24187121983609,10,1.0071329596561848e-12,1.7524113498017615e-10
39.0,638.0,1.0,SPATIAL_ISLANDS,roaming_by_radius,idleRoamingMode,none,past-avg-total,p2pRqsRadius,1000,2000,waiting,relative percent,city-scenario,10,-92.09189519229719,-78.30020758715457,13.79168760514263,2.2079011976780913,12.212250235643682,15.37112497464158,10,1.0130011006447878e-08,1.3574214748640156e-06
39.0,638.0,1.0,SPATIAL_ISLANDS,roaming_by_radius,idleRoamingMode,none,past-avg-total,p2pRqsRadius,2000,3000,distance,relative percent,city-scenario,10,46.517615237573864,9.336200571608163,-37.1814146659657,5.508161066519534,-41.12171572419655,-33.241113607734846,10,5.1079028483714325e-09,7.151063987720005e-07
39.0,638.0,1.0,SPATIAL_ISLANDS,roaming_by_radius,idleRoamingMode,none,past-avg-total,p2pRqsRadius,2000,3000,pickup,percentage points,city-scenario,10,9.024294670846393,0.46499477533960326,-8.559299895506792,2.021675141358908,-10.00551916954284,-7.113080621470743,10,3.0148136323167107e-07,3.7685170403958884e-05
39.0,638.0,1.0,SPATIAL_ISLANDS,roaming_by_radius,idleRoamingMode,none,past-avg-total,p2pRqsRadius,2000,3000,waiting,relative percent,city-scenario,10,-78.30020758715457,-24.05776888239779,54.24243870475677,6.325902080319067,49.71716096499452,58.767716444519024,10,6.113679246619603e-10,9.292792454861797e-08
39.0,638.0,1.0,SPATIAL_ISLANDS,shortcuts_by_hops,p2pOverlayShortcuts,0,1,kHops,0,1,distance,relative percent,city-scenario,10,0.0,0.596465064754228,0.596465064754228,0.6539648705188231,0.1286467783548173,1.0642833511536387,8,0.0180530274258022,1.0
39.0,638.0,1.0,SPATIAL_ISLANDS,shortcuts_by_hops,p2pOverlayShortcuts,0,1,kHops,0,1,pickup,percentage points,city-scenario,10,0.0,0.2648902821316623,0.2648902821316623,0.1301407799995492,0.17179317640827557,0.3579873878550491,10,0.00012001644370467638,0.01260172658899102
39.0,638.0,1.0,SPATIAL_ISLANDS,shortcuts_by_hops,p2pOverlayShortcuts,0,1,kHops,0,1,waiting,relative percent,city-scenario,10,0.0,-1.967178150847787,-1.967178150847787,1.1010816146449969,-2.7548444879408778,-1.1795118137546963,10,0.00031372718606989883,0.03200017297912968
39.0,638.0,1.0,SPATIAL_ISLANDS,shortcuts_by_hops,p2pOverlayShortcuts,0,1,kHops,1,2,distance,relative percent,city-scenario,10,0.596465064754228,0.8416977572695427,0.24523269251531477,0.4216837003285381,-0.056421654657422604,0.5468870396880521,6,0.09906240412734976,1.0
39.0,638.0,1.0,SPATIAL_ISLANDS,shortcuts_by_hops,p2pOverlayShortcuts,0,1,kHops,1,2,pickup,percentage points,city-scenario,10,0.2648902821316623,0.2868338557993755,0.021943573667713157,0.14265438533820962,-0.0801052260534969,0.12399237338892322,7,0.6382863361140629,1.0
39.0,638.0,1.0,SPATIAL_ISLANDS,shortcuts_by_hops,p2pOverlayShortcuts,0,1,kHops,1,2,waiting,relative percent,city-scenario,10,-1.967178150847787,-2.0472487918090496,-0.08007064096126282,0.903999439736661,-0.7267528831864735,0.5666116012639478,6,0.7857360640662849,1.0
39.0,638.0,1.0,,roaming_by_scenario,idleRoamingMode,random,past-avg-total,spawnScenario,BASELINE,SPATIAL_IMBALANCE,distance,relative percent,city-scenario,10,-33.11685624313568,-44.19734904544454,-11.080492802308862,1.7390527632256616,-12.324536206360445,-9.83644939825728,10,8.505329219166377e-09,1.1567247738066272e-06
39.0,638.0,1.0,,roaming_by_scenario,idleRoamingMode,random,past-avg-total,spawnScenario,BASELINE,SPATIAL_IMBALANCE,pickup,percentage points,city-scenario,10,-0.0909961685823768,-0.040055729710898325,0.05094043887147848,0.12377849542774912,-0.037605362645608015,0.13948624038856497,5,0.22544063231351863,1.0
39.0,638.0,1.0,,roaming_by_scenario,idleRoamingMode,random,past-avg-total,spawnScenario,BASELINE,SPATIAL_IMBALANCE,waiting,relative percent,city-scenario,10,7.369178151823226,-6.939681230272157,-14.308859382095383,3.8141289724073544,-17.037322882837195,-11.58039588135357,10,8.48805034278276e-07,0.0001027054091476714
39.0,638.0,1.0,,roaming_by_scenario,idleRoamingMode,random,past-avg-total,spawnScenario,BASELINE,SPATIAL_ISLANDS,distance,relative percent,city-scenario,10,-33.11685624313568,-44.64529192219568,-11.528435679060005,2.370339899302469,-13.224074695565733,-9.832796662554276,10,9.075549040381116e-08,1.1616702771687829e-05
39.0,638.0,1.0,,roaming_by_scenario,idleRoamingMode,random,past-avg-total,spawnScenario,BASELINE,SPATIAL_ISLANDS,pickup,percentage points,city-scenario,10,-0.0909961685823768,-0.046586555207243086,0.044409613375133716,0.07882012660033595,-0.011974908519291866,0.1007941352695593,7,0.10848084688587144,1.0
39.0,638.0,1.0,,roaming_by_scenario,idleRoamingMode,random,past-avg-total,spawnScenario,BASELINE,SPATIAL_ISLANDS,waiting,relative percent,city-scenario,10,7.369178151823226,-6.545847037761144,-13.91502518958437,5.6789844079658796,-17.977525904822865,-9.852524474345874,10,2.8545774826853528e-05,0.0031114894561270344
1685.0,27762.0,1.0,BASELINE,hops_by_radius,kHops,0,1,p2pRqsRadius,1000,2000,distance,relative percent,city-scenario,10,0.19935696596571795,0.20455861423035904,0.00520164826464109,0.23346668403855128,-0.16181035648053432,0.1722136530098165,5,0.9453716801436315,1.0
1685.0,27762.0,1.0,BASELINE,hops_by_radius,kHops,0,1,p2pRqsRadius,1000,2000,pickup,percentage points,city-scenario,10,0.006789856638568237,0.0010175779842924726,-0.005772278654275764,0.011409515727217023,-0.01393415452372304,0.002389597215171511,7,0.14409543648896553,1.0
1685.0,27762.0,1.0,BASELINE,hops_by_radius,kHops,0,1,p2pRqsRadius,1000,2000,waiting,relative percent,city-scenario,10,-1.543231490394923,-0.6986211680911049,0.8446103223038183,1.1322576811084792,0.03464197076452402,1.6545786738431125,9,0.04267762172708453,1.0
1685.0,27762.0,1.0,BASELINE,hops_by_radius,kHops,0,1,p2pRqsRadius,2000,3000,distance,relative percent,city-scenario,10,0.20455861423035904,0.28317887717942636,0.07862026294906732,0.23573211365249416,-0.09001233251547261,0.24725285841360725,5,0.31906614895661095,1.0
1685.0,27762.0,1.0,BASELINE,hops_by_radius,kHops,0,1,p2pRqsRadius,2000,3000,pickup,percentage points,city-scenario,10,0.0010175779842924726,-0.0001981125279182372,-0.0012156905122107098,0.003349625694219274,-0.003611868385046455,0.0011804873606250355,6,0.2806857913218555,1.0
1685.0,27762.0,1.0,BASELINE,hops_by_radius,kHops,0,1,p2pRqsRadius,2000,3000,waiting,relative percent,city-scenario,10,-0.6986211680911049,0.22462292253189742,0.9232440906230022,1.0324541422757068,0.18467088982980717,1.661817291416197,8,0.01979397208367205,1.0
1685.0,27762.0,1.0,BASELINE,hops_by_radius,kHops,1,2,p2pRqsRadius,1000,2000,distance,relative percent,city-scenario,10,0.0850520323069004,0.05217100066135072,-0.032881031645549674,0.11260417216294333,-0.11343320384541117,0.04767114055431182,7,0.3798880922026887,1.0
1685.0,27762.0,1.0,BASELINE,hops_by_radius,kHops,1,2,p2pRqsRadius,1000,2000,pickup,percentage points,city-scenario,10,0.002161227577264224,0.0004502557452645828,-0.0017109718319996414,0.0035131491252622053,-0.004224127320522856,0.0008021836565235731,7,0.1579245908303344,1.0
1685.0,27762.0,1.0,BASELINE,hops_by_radius,kHops,1,2,p2pRqsRadius,1000,2000,waiting,relative percent,city-scenario,10,-0.9181073904064997,0.3025431305094628,1.2206505209159624,0.6265167446101411,0.7724674409417649,1.6688336008901599,10,0.00016647566946572198,0.017313469624435085
1685.0,27762.0,1.0,BASELINE,hops_by_radius,kHops,1,2,p2pRqsRadius,2000,3000,distance,relative percent,city-scenario,10,0.05217100066135072,0.1553746676894563,0.10320366702810557,0.13065500646231787,0.009738705853335292,0.19666862820287584,8,0.033980621208938654,1.0
1685.0,27762.0,1.0,BASELINE,hops_by_radius,kHops,1,2,p2pRqsRadius,2000,3000,pickup,percentage points,city-scenario,10,0.0004502557452645828,0.00030617390677778467,-0.00014408183848679812,0.0021521198911948324,-0.0016836156651678963,0.0013954519881943,7,0.8370493538463848,1.0
1685.0,27762.0,1.0,BASELINE,hops_by_radius,kHops,1,2,p2pRqsRadius,2000,3000,waiting,relative percent,city-scenario,10,0.3025431305094628,0.3168505537867716,0.014307423277308828,0.6890083836172439,-0.47857948222715,0.5071943287817677,5,0.9490796845721098,1.0
1685.0,27762.0,1.0,BASELINE,roaming_by_radius,idleRoamingMode,none,past-avg-total,p2pRqsRadius,1000,2000,distance,relative percent,city-scenario,10,31.296554737151986,29.61787649316842,-1.6786782439835637,0.9399281685431545,-2.3510623504838817,-1.0062941374832457,9,0.00031451482504295437,0.03200017297912968
1685.0,27762.0,1.0,BASELINE,roaming_by_radius,idleRoamingMode,none,past-avg-total,p2pRqsRadius,1000,2000,pickup,percentage points,city-scenario,10,-0.2328572629253356,-0.020051389189059687,0.2128058737362759,0.04405458409628803,0.18129112276255216,0.24432062470999966,10,9.631234422304143e-08,1.2231667716326261e-05
1685.0,27762.0,1.0,BASELINE,roaming_by_radius,idleRoamingMode,none,past-avg-total,p2pRqsRadius,1000,2000,waiting,relative percent,city-scenario,10,135.47228314901093,36.11700775653208,-99.35527539247884,22.52103792968259,-115.46585540550262,-83.24469537945507,10,2.1140197397763046e-07,2.663664872118144e-05
1685.0,27762.0,1.0,BASELINE,roaming_by_radius,idleRoamingMode,none,past-avg-total,p2pRqsRadius,2000,3000,distance,relative percent,city-scenario,10,29.61787649316842,25.046678752290557,-4.571197740877864,0.7640230387669062,-5.1177468979939675,-4.02464858376176,10,1.4805910962403101e-08,1.954380247037209e-06
1685.0,27762.0,1.0,BASELINE,roaming_by_radius,idleRoamingMode,none,past-avg-total,p2pRqsRadius,2000,3000,pickup,percentage points,city-scenario,10,-0.020051389189059687,-0.0013207501861067783,0.01873063900295291,0.008172199583877982,0.012884599593510756,0.02457667841239506,10,4.827047012465485e-05,0.005164940303338069
1685.0,27762.0,1.0,BASELINE,roaming_by_radius,idleRoamingMode,none,past-avg-total,p2pRqsRadius,2000,3000,waiting,relative percent,city-scenario,10,36.11700775653208,3.9056508763423574,-32.211356880189726,4.0972436820233815,-35.14234844364225,-29.280365316737207,10,1.32290547707316e-09,1.9579001060682768e-07
1685.0,27762.0,1.0,BASELINE,shortcuts_by_hops,p2pOverlayShortcuts,0,1,kHops,0,1,distance,relative percent,city-scenario,10,0.0,0.25091993166875604,0.25091993166875604,0.04110677853771287,0.22151391375886986,0.2803259495786422,10,1.241263403507613e-08,1.6508803266651254e-06
1685.0,27762.0,1.0,BASELINE,shortcuts_by_hops,p2pOverlayShortcuts,0,1,kHops,0,1,pickup,percentage points,city-scenario,10,0.0,0.004100328986865742,0.004100328986865742,0.0023189107208470444,0.0024414801883374092,0.005759177785394075,10,0.0003378961554052826,0.03345171938512297
1685.0,27762.0,1.0,BASELINE,shortcuts_by_hops,p2pOverlayShortcuts,0,1,kHops,0,1,waiting,relative percent,city-scenario,10,0.0,-0.8508954525211943,-0.8508954525211943,0.22962080544648011,-1.015156281455939,-0.6866346235864497,10,9.42429217264074e-07,0.00011309150607168889
1685.0,27762.0,1.0,BASELINE,shortcuts_by_hops,p2pOverlayShortcuts,0,1,kHops,1,2,distance,relative percent,city-scenario,10,0.25091993166875604,0.37790062647860667,0.12698069480985064,0.08015837603871666,0.06963884693774439,0.18432254268195689,10,0.0007295169715943972,0.06930411230146774
1685.0,27762.0,1.0,BASELINE,shortcuts_by_hops,p2pOverlayShortcuts,0,1,kHops,1,2,pickup,percentage points,city-scenario,10,0.004100328986865742,0.007558293110487835,0.0034579641236220926,0.002730536103867376,0.0015046562646700698,0.0054112719825741154,8,0.0030883453507051578,0.2717743908620539
1685.0,27762.0,1.0,BASELINE,shortcuts_by_hops,p2pOverlayShortcuts,0,1,kHops,1,2,waiting,relative percent,city-scenario,10,-0.8508954525211943,-1.1866139283718957,-0.33571847585070147,0.2543506358164965,-0.5176699597245574,-0.1537669919768455,9,0.0023976824682736177,0.21339373967635197
1685.0,27762.0,1.0,RUSH_HOUR,hops_by_radius,kHops,0,1,p2pRqsRadius,1000,2000,distance,relative percent,city-scenario,10,0.7111560583012255,0.4483941310000006,-0.26276192730122494,0.3208231728011304,-0.4922649995656041,-0.03325885503684578,8,0.029214346532569123,1.0
1685.0,27762.0,1.0,RUSH_HOUR,hops_by_radius,kHops,0,1,p2pRqsRadius,1000,2000,pickup,percentage points,city-scenario,10,0.3146207045601901,0.09705712844895631,-0.21756357611123378,0.06797246737153488,-0.2661881500625284,-0.16893900215993918,10,3.2352268472486483e-06,0.0003688158605863459
1685.0,27762.0,1.0,RUSH_HOUR,hops_by_radius,kHops,0,1,p2pRqsRadius,1000,2000,waiting,relative percent,city-scenario,10,-4.275217712023158,-3.0320954891295937,1.2431222228935643,0.7000614604048779,0.7423284225766521,1.7439160232104767,9,0.0003277691413207194,0.03277691413207194
1685.0,27762.0,1.0,RUSH_HOUR,hops_by_radius,kHops,0,1,p2pRqsRadius,2000,3000,distance,relative percent,city-scenario,10,0.4483941310000006,0.4401579579898107,-0.008236173010189862,0.11387071555712967,-0.08969437577381649,0.07322202975343677,7,0.8241953812010377,1.0
1685.0,27762.0,1.0,RUSH_HOUR,hops_by_radius,kHops,0,1,p2pRqsRadius,2000,3000,pickup,percentage points,city-scenario,10,0.09705712844895631,0.05538145666738492,-0.04167567178157139,0.04038023568531934,-0.07056195224450139,-0.012789391318641385,8,0.009780294051613351,0.8117644062839081
1685.0,27762.0,1.0,RUSH_HOUR,hops_by_radius,kHops,0,1,p2pRqsRadius,2000,3000,waiting,relative percent,city-scenario,10,-3.0320954891295937,-1.3510926179865546,1.6810028711430394,0.520487191436554,1.3086687642704253,2.053336978015653,10,3.0013700016030854e-06,0.00034515755018435485
1685.0,27762.0,1.0,RUSH_HOUR,hops_by_radius,kHops,1,2,p2pRqsRadius,1000,2000,distance,relative percent,city-scenario,10,0.7030381078633341,0.45374222866324976,-0.24929587920008434,0.2291498871409992,-0.41321983347284685,-0.08537192492732185,8,0.007387091867239499,0.6279028087153574
1685.0,27762.0,1.0,RUSH_HOUR,hops_by_radius,kHops,1,2,p2pRqsRadius,1000,2000,pickup,percentage points,city-scenario,10,0.24672213817448552,0.06498090915640464,-0.18174122901808087,0.036789927669683566,-0.20805915784740053,-0.15542330018876122,10,7.924821643400488e-08,1.0302268136420635e-05
1685.0,27762.0,1.0,RUSH_HOUR,hops_by_radius,kHops,1,2,p2pRqsRadius,1000,2000,waiting,relative percent,city-scenario,10,-3.8956681468744607,-1.2872006097384348,2.6084675371360255,0.4016163551433096,2.321168503926393,2.895766570345658,10,7.181123272325457e-09,9.909950115809131e-07
1685.0,27762.0,1.0,RUSH_HOUR,hops_by_radius,kHops,1,2,p2pRqsRadius,2000,3000,distance,relative percent,city-scenario,10,0.45374222866324976,0.5167097056569059,0.06296747699365612,0.08943218423743635,-0.0010084536182155268,0.12694340760552777,8,0.052998864812111496,1.0
1685.0,27762.0,1.0,RUSH_HOUR,hops_by_radius,kHops,1,2,p2pRqsRadius,2000,3000,pickup,percentage points,city-scenario,10,0.06498090915640464,0.02531337799870359,-0.03966753115770105,0.02567390564553971,-0.058033536864930915,-0.02130152545047119,9,0.000864324762962582,0.08038220295552012
1685.0,27762.0,1.0,RUSH_HOUR,hops_by_radius,kHops,1,2,p2pRqsRadius,2000,3000,waiting,relative percent,city-scenario,10,-1.2872006097384348,0.09323160387514573,1.3804322136135805,0.3776160850985857,1.1103019393260265,1.6505624879011345,10,1.0576493861507353e-06,0.0001258602769519375
1685.0,27762.0,1.0,RUSH_HOUR,roaming_by_radius,idleRoamingMode,none,past-avg-total,p2pRqsRadius,1000,2000,distance,relative percent,city-scenario,10,21.302082757910007,12.649921699586603,-8.652161058323403,0.7879336417657388,-9.215814830421067,-8.088507286225738,10,6.728895915339944e-11,1.0497077627930312e-08
1685.0,27762.0,1.0,RUSH_HOUR,roaming_by_radius,idleRoamingMode,none,past-avg-total,p2pRqsRadius,1000,2000,pickup,percentage points,city-scenario,10,0.48633623898374223,-0.9445314938885263,-1.4308677328722688,0.367440458960865,-1.6937188027294487,-1.1680166630150888,10,6.175656573830189e-07,7.534301020072831e-05
1685.0,27762.0,1.0,RUSH_HOUR,roaming_by_radius,idleRoamingMode,none,past-avg-total,p2pRqsRadius,1000,2000,waiting,relative percent,city-scenario,10,22.983964123187917,63.741270910447454,40.75730678725954,5.737449524084261,36.65298264744634,44.86163092707273,10,3.251474411201329e-09,4.6821231521299137e-07
1685.0,27762.0,1.0,RUSH_HOUR,roaming_by_radius,idleRoamingMode,none,past-avg-total,p2pRqsRadius,2000,3000,distance,relative percent,city-scenario,10,12.649921699586603,11.69065179745519,-0.9592699021314104,0.26911591531407425,-1.1517838306627066,-0.7667559736001142,10,1.3098126073179514e-06,0.00015324807505620033
1685.0,27762.0,1.0,RUSH_HOUR,roaming_by_radius,idleRoamingMode,none,past-avg-total,p2pRqsRadius,2000,3000,pickup,percentage points,city-scenario,10,-0.9445314938885263,-0.6944744614941302,0.25005703239439625,0.08934401282282523,0.1861441758128774,0.3139698889759151,10,9.788854845863172e-06,0.0010865628878908122
1685.0,27762.0,1.0,RUSH_HOUR,roaming_by_radius,idleRoamingMode,none,past-avg-total,p2pRqsRadius,2000,3000,waiting,relative percent,city-scenario,10,63.741270910447454,42.792516002933965,-20.94875490751349,5.052096455915128,-24.56280699697159,-17.334702818055387,10,3.6058967736141426e-07,4.471311999281537e-05
1685.0,27762.0,1.0,RUSH_HOUR,shortcuts_by_hops,p2pOverlayShortcuts,0,1,kHops,0,1,distance,relative percent,city-scenario,10,0.0,0.5767605362601858,0.5767605362601858,0.05745367301647277,0.535660654493456,0.6178604180269155,10,1.499594250124388e-10,2.3243710876928012e-08
1685.0,27762.0,1.0,RUSH_HOUR,shortcuts_by_hops,p2pOverlayShortcuts,0,1,kHops,0,1,pickup,percentage points,city-scenario,10,0.0,0.16518982782220082,0.16518982782220082,0.023619198046957307,0.14829367138540359,0.18208598425899805,10,3.732594048607591e-09,5.262957608536703e-07
1685.0,27762.0,1.0,RUSH_HOUR,shortcuts_by_hops,p2pOverlayShortcuts,0,1,kHops,0,1,waiting,relative percent,city-scenario,10,0.0,-3.364343386093433,-3.364343386093433,0.28574709156282135,-3.56875454140898,-3.159932230777886,10,3.6066693295961516e-11,5.770670927353842e-09
1685.0,27762.0,1.0,RUSH_HOUR,shortcuts_by_hops,p2pOverlayShortcuts,0,1,kHops,1,2,distance,relative percent,city-scenario,10,0.5767605362601858,1.3358997149835283,0.7591391787233426,0.10818072328885671,0.6817513512238453,0.8365270062228398,10,3.6236362868710763e-09,5.181799890225639e-07
1685.0,27762.0,1.0,RUSH_HOUR,shortcuts_by_hops,p2pOverlayShortcuts,0,1,kHops,1,2,pickup,percentage points,city-scenario,10,0.16518982782220082,0.31550920923084647,0.15031938140864565,0.01791772763220007,0.1375018112073332,0.1631369516099581,10,7.425158954527657e-10,1.1137738431791486e-07
1685.0,27762.0,1.0,RUSH_HOUR,shortcuts_by_hops,p2pOverlayShortcuts,0,1,kHops,1,2,waiting,relative percent,city-scenario,10,-3.364343386093433,-5.614076408157294,-2.2497330220638614,0.40672913902166197,-2.540689520529699,-1.958776523598024,10,2.950665147924849e-08,3.8653713437815524e-06
1685.0,27762.0,1.0,SPATIAL_IMBALANCE,hops_by_radius,kHops,0,1,p2pRqsRadius,1000,2000,distance,relative percent,city-scenario,10,1.2312220963087017,2.711655412032296,1.480433315723595,0.12023399145672044,1.394423099600487,1.566443531846703,10,2.4160195492773544e-11,3.913951669829314e-09
1685.0,27762.0,1.0,SPATIAL_IMBALANCE,hops_by_radius,kHops,0,1,p2pRqsRadius,1000,2000,pickup,percentage points,city-scenario,10,1.2194906707009598,2.495983718752255,1.276493048051295,0.08224134575587042,1.2176611334070584,1.3353249626955317,10,3.0331335613456804e-12,5.1259957186742e-10
1685.0,27762.0,1.0,SPATIAL_IMBALANCE,hops_by_radius,kHops,0,1,p2pRqsRadius,1000,2000,waiting,relative percent,city-scenario,10,-1.983878428180855,-5.81891622245401,-3.835037794273154,0.2587682995549951,-4.0201494844106795,-3.649926104135629,10,4.590693972366445e-12,7.666458933851963e-10
1685.0,27762.0,1.0,SPATIAL_IMBALANCE,hops_by_radius,kHops,0,1,p2pRqsRadius,2000,3000,distance,relative percent,city-scenario,10,2.711655412032296,3.127650470237948,0.4159950582056515,0.13400685425450362,0.3201323295649194,0.5118577868463836,10,4.173379803437035e-06,0.000471591917788385
1685.0,27762.0,1.0,SPATIAL_IMBALANCE,hops_by_radius,kHops,0,1,p2pRqsRadius,2000,3000,pickup,percentage points,city-scenario,10,2.495983718752255,2.5077714141632437,0.011787695410988563,0.10809184562586198,-0.06553655283849734,0.08911194366047447,6,0.7381256851159853,1.0
1685.0,27762.0,1.0,SPATIAL_IMBALANCE,hops_by_radius,kHops,0,1,p2pRqsRadius,2000,3000,waiting,relative percent,city-scenario,10,-5.81891622245401,-7.8800159700210015,-2.0610997475669928,0.24113542811498603,-2.233597641347503,-1.8886018537864826,10,6.288898281303153e-10,9.496236404767762e-08
1685.0,27762.0,1.0,SPATIAL_IMBALANCE,hops_by_radius,kHops,1,2,p2pRqsRadius,1000,2000,distance,relative percent,city-scenario,10,1.3047285615354773,3.6179580190058402,2.3132294574703627,0.14978276878796495,2.206081319419837,2.4203775955208884,10,3.172251056932417e-12,5.32938177564646e-10
1685.0,27762.0,1.0,SPATIAL_IMBALANCE,hops_by_radius,kHops,1,2,p2pRqsRadius,1000,2000,pickup,percentage points,city-scenario,10,1.3807092428499401,2.778167999423675,1.397458756573735,0.0802199938599968,1.340072829967644,1.454844683179826,10,1.0767182557163076e-12,1.862722582389212e-10
1685.0,27762.0,1.0,SPATIAL_IMBALANCE,hops_by_radius,kHops,1,2,p2pRqsRadius,1000,2000,waiting,relative percent,city-scenario,10,-2.8086792558099147,-10.07031981619853,-7.261640560388618,0.3343055884962041,-7.500788371829874,-7.0224927489473625,10,1.4841064948658127e-13,2.6417095608611465e-11
1685.0,27762.0,1.0,SPATIAL_IMBALANCE,hops_by_radius,kHops,1,2,p2pRqsRadius,2000,3000,distance,relative percent,city-scenario,10,3.6179580190058402,3.6713851276141036,0.05342710860826383,0.11652398028629024,-0.029929125402783086,0.13678334261931074,7,0.18101582157451265,1.0
1685.0,27762.0,1.0,SPATIAL_IMBALANCE,hops_by_radius,kHops,1,2,p2pRqsRadius,2000,3000,pickup,percentage points,city-scenario,10,2.778167999423675,2.353162596354732,-0.4250054030689432,0.05839792445388269,-0.46678076162241355,-0.3832300445154728,10,2.6239665648789767e-09,3.804751519074516e-07
1685.0,27762.0,1.0,SPATIAL_IMBALANCE,hops_by_radius,kHops,1,2,p2pRqsRadius,2000,3000,waiting,relative percent,city-scenario,10,-10.07031981619853,-12.76878549657661,-2.6984656803780784,0.3506337718111281,-2.9492939705159085,-2.4476373902402484,10,1.5984732208427414e-09,2.3497556346388297e-07
1685.0,27762.0,1.0,SPATIAL_IMBALANCE,roaming_by_radius,idleRoamingMode,none,past-avg-total,p2pRqsRadius,1000,2000,distance,relative percent,city-scenario,10,294.17339282875184,163.68100511382644,-130.49238771492531,2.381721908862265,-132.19616893057366,-128.78860649927697,10,3.6148568558467566e-17,7.26586228025198e-15
1685.0,27762.0,1.0,SPATIAL_IMBALANCE,roaming_by_radius,idleRoamingMode,none,past-avg-total,p2pRqsRadius,1000,2000,pickup,percentage points,city-scenario,10,43.77317316235622,31.014666330475713,-12.758506831880508,0.20087596145456668,-12.90220483815408,-12.614808825606936,10,9.563735672667502e-18,1.9318746058788356e-15
1685.0,27762.0,1.0,SPATIAL_IMBALANCE,roaming_by_radius,idleRoamingMode,none,past-avg-total,p2pRqsRadius,1000,2000,waiting,relative percent,city-scenario,10,-93.67515881221581,-93.60470996340037,0.07044884881544675,0.3563265299388224,-0.18445179516315088,0.32534949279404435,5,0.5473563477010956,1.0
1685.0,27762.0,1.0,SPATIAL_IMBALANCE,roaming_by_radius,idleRoamingMode,none,past-avg-total,p2pRqsRadius,2000,3000,distance,relative percent,city-scenario,10,163.68100511382644,113.11792887354584,-50.56307624028061,0.9761813798108698,-51.26139433182554,-49.864758148735675,10,5.991674564373466e-17,1.1983349128746932e-14
1685.0,27762.0,1.0,SPATIAL_IMBALANCE,roaming_by_radius,idleRoamingMode,none,past-avg-total,p2pRqsRadius,2000,3000,pickup,percentage points,city-scenario,10,31.014666330475713,22.566457748000865,-8.448208582474845,0.11122130880831092,-8.527771513823932,-8.368645651125757,10,1.9116310587369793e-18,3.880611049236068e-16
1685.0,27762.0,1.0,SPATIAL_IMBALANCE,roaming_by_radius,idleRoamingMode,none,past-avg-total,p2pRqsRadius,2000,3000,waiting,relative percent,city-scenario,10,-93.60470996340037,-93.07477553597076,0.5299344274296047,0.2118092785765934,0.3784151972474305,0.6814536576117789,10,2.4181312478956675e-05,0.0026599443726852343
1685.0,27762.0,1.0,SPATIAL_IMBALANCE,shortcuts_by_hops,p2pOverlayShortcuts,0,1,kHops,0,1,distance,relative percent,city-scenario,10,0.0,3.323852609392881,3.323852609392881,0.08827055396565327,3.2607076590181348,3.3869975597676274,10,1.0551405958334587e-15,2.0047671320835715e-13
1685.0,27762.0,1.0,SPATIAL_IMBALANCE,shortcuts_by_hops,p2pOverlayShortcuts,0,1,kHops,0,1,pickup,percentage points,city-scenario,10,0.0,2.8069843671205237,2.8069843671205237,0.09002481580286371,2.7425844934256167,2.8713842408154306,10,5.758734976162347e-15,1.0653659705900342e-12
1685.0,27762.0,1.0,SPATIAL_IMBALANCE,shortcuts_by_hops,p2pOverlayShortcuts,0,1,kHops,0,1,waiting,relative percent,city-scenario,10,0.0,-7.22484788248623,-7.22484788248623,0.21012104669588177,-7.375159424333628,-7.074536340638833,10,2.3893870094612468e-15,4.4681537076925315e-13
1685.0,27762.0,1.0,SPATIAL_IMBALANCE,shortcuts_by_hops,p2pOverlayShortcuts,0,1,kHops,1,2,distance,relative percent,city-scenario,10,3.323852609392881,7.969199674021847,4.645347064628966,0.12288604972055868,4.557439680311738,4.7332544489461945,10,1.0188540334929247e-15,1.946011203971486e-13
1685.0,27762.0,1.0,SPATIAL_IMBALANCE,shortcuts_by_hops,p2pOverlayShortcuts,0,1,kHops,1,2,pickup,percentage points,city-scenario,10,2.8069843671205237,5.984271065965468,3.177286698844944,0.06259713475617498,3.1325074062020315,3.222065991487857,10,7.190063818965461e-17,1.4308226999741268e-14
1685.0,27762.0,1.0,SPATIAL_IMBALANCE,shortcuts_by_hops,p2pOverlayShortcuts,0,1,kHops,1,2,waiting,relative percent,city-scenario,10,-7.22484788248623,-20.151578278000535,-12.926730395514303,0.25556781602610773,-13.109552597656936,-12.74390819337167,10,7.419987482827398e-17,1.469157521599825e-14
1685.0,27762.0,1.0,SPATIAL_ISLANDS,hops_by_radius,kHops,0,1,p2pRqsRadius,1000,2000,distance,relative percent,city-scenario,10,1.7385121812073792,4.305617626020413,2.5671054448130333,0.21671127367612356,2.412079538583289,2.7221313510427776,10,3.415479432255637e-11,5.498921885931575e-09
1685.0,27762.0,1.0,SPATIAL_ISLANDS,hops_by_radius,kHops,0,1,p2pRqsRadius,1000,2000,pickup,percentage points,city-scenario,10,1.2677851019378983,3.5556876305741696,2.2879025286362706,0.18202702777650942,2.1576882372398134,2.418116820032728,10,2.0093839183283376e-11,3.2826382487537e-09
1685.0,27762.0,1.0,SPATIAL_ISLANDS,hops_by_radius,kHops,0,1,p2pRqsRadius,1000,2000,waiting,relative percent,city-scenario,10,-2.202443101658226,-5.356608065759074,-3.1541649641008482,0.24353375326025936,-3.3283785163368353,-2.979951411864861,10,1.5361602300850487e-11,2.5346643796403304e-09
1685.0,27762.0,1.0,SPATIAL_ISLANDS,hops_by_radius,kHops,0,1,p2pRqsRadius,2000,3000,distance,relative percent,city-scenario,10,4.305617626020413,6.3193114260383565,2.0136938000179443,0.1741324961089773,1.8891269163693996,2.138260683666489,10,4.235756025556074e-11,6.650136960123037e-09
1685.0,27762.0,1.0,SPATIAL_ISLANDS,hops_by_radius,kHops,0,1,p2pRqsRadius,2000,3000,pickup,percentage points,city-scenario,10,3.5556876305741696,4.532616526186877,0.9769288956127076,0.07422002132530447,0.9238350907950491,1.030022700430366,10,1.3291937360060105e-11,2.2064616017699774e-09
1685.0,27762.0,1.0,SPATIAL_ISLANDS,hops_by_radius,kHops,0,1,p2pRqsRadius,2000,3000,waiting,relative percent,city-scenario,10,-5.356608065759074,-8.978913731388428,-3.622305665629354,0.31199551908139106,-3.845493814841644,-3.399117516417064,10,4.088054188713083e-11,6.459125618166672e-09
1685.0,27762.0,1.0,SPATIAL_ISLANDS,hops_by_radius,kHops,1,2,p2pRqsRadius,1000,2000,distance,relative percent,city-scenario,10,2.246361867453679,8.456004390255742,6.2096425228020635,0.13722298166142832,6.1114791152102494,6.307805930393878,10,2.0199118730991813e-16,3.938828152543404e-14
1685.0,27762.0,1.0,SPATIAL_ISLANDS,hops_by_radius,kHops,1,2,p2pRqsRadius,1000,2000,pickup,percentage points,city-scenario,10,1.6832901087817898,5.051482241913407,3.368192133131617,0.11430075087531981,3.286426301633304,3.4499579646299297,10,9.569745654525953e-15,1.7512634547782493e-12
1685.0,27762.0,1.0,SPATIAL_ISLANDS,hops_by_radius,kHops,1,2,p2pRqsRadius,1000,2000,waiting,relative percent,city-scenario,10,-2.98162986575625,-13.92325575433639,-10.941625888580141,0.2454891958613067,-11.11723828018505,-10.766013496975232,10,2.315372104785019e-16,4.4686681622350867e-14
1685.0,27762.0,1.0,SPATIAL_ISLANDS,hops_by_radius,kHops,1,2,p2pRqsRadius,2000,3000,distance,relative percent,city-scenario,10,8.456004390255742,9.51534721761889,1.0593428273631478,0.16460566131701418,0.941591030775244,1.1770946239510516,10,7.786565738255025e-09,1.0667595061409384e-06
1685.0,27762.0,1.0,SPATIAL_ISLANDS,hops_by_radius,kHops,1,2,p2pRqsRadius,2000,3000,pickup,percentage points,city-scenario,10,5.051482241913407,4.792242994020604,-0.25923924789280195,0.11113555379667128,-0.3387408338020894,-0.17973766198351446,10,4.20721367748189e-05,0.004543790771680442
1685.0,27762.0,1.0,SPATIAL_ISLANDS,hops_by_radius,kHops,1,2,p2pRqsRadius,2000,3000,waiting,relative percent,city-scenario,10,-13.92325575433639,-19.638746570809126,-5.715490816472735,0.3127691794586152,-5.939232408978762,-5.491749223966708,10,7.008459855075895e-13,1.2264804746382817e-10
1685.0,27762.0,1.0,SPATIAL_ISLANDS,roaming_by_radius,idleRoamingMode,none,past-avg-total,p2pRqsRadius,1000,2000,distance,relative percent,city-scenario,10,382.00057590892106,219.03760462204872,-162.96297128687232,5.848536871635211,-167.146762527924,-158.77918004582062,10,1.5828405947254056e-14,2.880769882400238e-12
1685.0,27762.0,1.0,SPATIAL_ISLANDS,roaming_by_radius,idleRoamingMode,none,past-avg-total,p2pRqsRadius,1000,2000,pickup,percentage points,city-scenario,10,51.10083027159427,40.98305837715823,-10.117771894436041,0.36425707484857706,-10.378345708484082,-9.857198080388,10,1.628199194039089e-14,2.947040541210751e-12
1685.0,27762.0,1.0,SPATIAL_ISLANDS,roaming_by_radius,idleRoamingMode,none,past-avg-total,p2pRqsRadius,1000,2000,waiting,relative percent,city-scenario,10,-61.4816620553039,-62.71409730373584,-1.2324352484319399,0.3134482467994683,-1.456662616449877,-1.0082078804140027,10,5.687406037042055e-07,6.995509425561727e-05
1685.0,27762.0,1.0,SPATIAL_ISLANDS,roaming_by_radius,idleRoamingMode,none,past-avg-total,p2pRqsRadius,2000,3000,distance,relative percent,city-scenario,10,219.03760462204872,151.14428908201185,-67.89331554003688,1.9641366917986585,-69.29837428682015,-66.48825679325361,10,2.2784279538608302e-15,4.2834445532583606e-13
1685.0,27762.0,1.0,SPATIAL_ISLANDS,roaming_by_radius,idleRoamingMode,none,past-avg-total,p2pRqsRadius,2000,3000,pickup,percentage points,city-scenario,10,40.98305837715823,33.738878683092,-7.24417969406623,0.3419654862841982,-7.488807066289293,-6.999552321843168,10,1.8588689087489087e-13,3.2901979684855686e-11
1685.0,27762.0,1.0,SPATIAL_ISLANDS,roaming_by_radius,idleRoamingMode,none,past-avg-total,p2pRqsRadius,2000,3000,waiting,relative percent,city-scenario,10,-62.71409730373584,-65.41024493849879,-2.696147634762955,0.3845704565132675,-2.9712527666688096,-2.4210425028571003,10,3.6535848221913715e-09,5.188090447511748e-07
1685.0,27762.0,1.0,SPATIAL_ISLANDS,shortcuts_by_hops,p2pOverlayShortcuts,0,1,kHops,0,1,distance,relative percent,city-scenario,10,0.0,7.096734821454521,7.096734821454521,0.210716906349024,6.945997027289248,7.2474726156197935,10,2.878915468915389e-15,5.354782772182624e-13
1685.0,27762.0,1.0,SPATIAL_ISLANDS,shortcuts_by_hops,p2pOverlayShortcuts,0,1,kHops,0,1,pickup,percentage points,city-scenario,10,0.0,5.093647191604832,5.093647191604832,0.11280609956925779,5.012950569240355,5.174343813969309,10,2.0597772458125874e-16,3.9959678568764196e-14
1685.0,27762.0,1.0,SPATIAL_ISLANDS,shortcuts_by_hops,p2pOverlayShortcuts,0,1,kHops,0,1,waiting,relative percent,city-scenario,10,0.0,-8.924640560347116,-8.924640560347116,0.3013517292603919,-9.140214601005066,-8.709066519689166,10,9.149455102551931e-15,1.6834997388695553e-12
1685.0,27762.0,1.0,SPATIAL_ISLANDS,shortcuts_by_hops,p2pOverlayShortcuts,0,1,kHops,1,2,distance,relative percent,city-scenario,10,7.096734821454521,20.007899669601436,12.911164848146914,0.29845567728684796,12.69766251826834,13.124667178025488,10,3.028631054373119e-16,5.814971624396388e-14
1685.0,27762.0,1.0,SPATIAL_ISLANDS,shortcuts_by_hops,p2pOverlayShortcuts,0,1,kHops,1,2,pickup,percentage points,city-scenario,10,5.093647191604832,11.742591792137933,6.648944600533102,0.13321267933951958,6.553649990402366,6.744239210663837,10,8.36305087934518e-17,1.6475210232310005e-14
1685.0,27762.0,1.0,SPATIAL_ISLANDS,shortcuts_by_hops,p2pOverlayShortcuts,0,1,kHops,1,2,waiting,relative percent,city-scenario,10,-8.924640560347116,-28.993694432937026,-20.069053872589905,0.2452447458673164,-20.244491395203443,-19.893616349976366,10,9.778841065584362e-19,1.9948835773792098e-16
1685.0,27762.0,1.0,,roaming_by_scenario,idleRoamingMode,random,past-avg-total,spawnScenario,BASELINE,SPATIAL_IMBALANCE,distance,relative percent,city-scenario,10,-46.12043464180579,-54.01986023477507,-7.8994255929692825,0.4927619106503427,-8.251926228761015,-7.54692495717755,10,2.2700431416601632e-12,3.881773772238879e-10
1685.0,27762.0,1.0,,roaming_by_scenario,idleRoamingMode,random,past-avg-total,spawnScenario,BASELINE,SPATIAL_IMBALANCE,pickup,percentage points,city-scenario,10,-0.11307922900207101,7.896460189387573,8.009539418389647,0.17451518657746704,7.884698774471612,8.134380062307681,10,1.7788651970203388e-16,3.486575786159864e-14
1685.0,27762.0,1.0,,roaming_by_scenario,idleRoamingMode,random,past-avg-total,spawnScenario,BASELINE,SPATIAL_IMBALANCE,waiting,relative percent,city-scenario,10,99.17253187226962,-88.30739229371996,-187.47992416598956,7.231220366117515,-192.65282759361526,-182.30702073836386,10,3.0255548693551307e-14,5.445998764839235e-12
1685.0,27762.0,1.0,,roaming_by_scenario,idleRoamingMode,random,past-avg-total,spawnScenario,BASELINE,SPATIAL_ISLANDS,distance,relative percent,city-scenario,10,-46.12043464180579,-58.84976580949524,-12.729331167689457,0.3423110679033497,-12.974205754110361,-12.484456581268553,10,1.1810086774626112e-15,2.2321064004043353e-13
1685.0,27762.0,1.0,,roaming_by_scenario,idleRoamingMode,random,past-avg-total,spawnScenario,BASELINE,SPATIAL_ISLANDS,pickup,percentage points,city-scenario,10,-0.11307922900207101,2.6572543204540198,2.770333549456091,0.14683659319379835,2.6652929784631065,2.875374120449075,10,5.261437891163614e-13,9.260130688447961e-11
1685.0,27762.0,1.0,,roaming_by_scenario,idleRoamingMode,random,past-avg-total,spawnScenario,BASELINE,SPATIAL_ISLANDS,waiting,relative percent,city-scenario,10,99.17253187226962,-14.78290771736656,-113.95543958963617,6.791694976158862,-118.81392549419773,-109.09695368507461,10,1.507953591435899e-12,2.593680177269746e-10
,,,,hops_by_radius,kHops,0,1,p2pRqsRadius,1000,2000,distance,relative percent,equal-weight overall,10,0.6099592378995575,1.2392662152544265,0.6293069773548692,0.3854538916769918,0.35356987400365153,0.9050440807060869,10,0.0005928149644725997,0.003556889786835598
,,,,hops_by_radius,kHops,0,1,p2pRqsRadius,1000,2000,pickup,percentage points,equal-weight overall,10,0.3868420613221769,0.8853914544621224,0.49854939313994545,0.09824036568405803,0.4282724691010346,0.5688263171788563,10,6.26706229504335e-08,6.26706229504335e-07
,,,,hops_by_radius,kHops,0,1,p2pRqsRadius,1000,2000,waiting,relative percent,equal-weight overall,10,-1.6325242710752934,-3.1202448516266115,-1.487720580551318,0.3190584241397305,-1.7159612276734313,-1.2594799334292048,10,1.3089642338690806e-07,1.1780678104821726e-06
,,,,hops_by_radius,kHops,0,1,p2pRqsRadius,2000,3000,distance,relative percent,equal-weight overall,10,1.2392662152544265,1.3546394090195608,0.11537319376513422,0.2847495196150359,-0.08832434156834404,0.31907072909861245,8,0.2321238559777711,0.4642477119555422
,,,,hops_by_radius,kHops,0,1,p2pRqsRadius,2000,3000,pickup,percentage points,equal-weight overall,10,0.8853914544621224,0.8952732130690348,0.009881758606912355,0.06645267948228029,-0.03765562458216652,0.057419141795991224,6,0.6493684381774627,0.6493684381774627
,,,,hops_by_radius,kHops,0,1,p2pRqsRadius,2000,3000,waiting,relative percent,equal-weight overall,10,-3.1202448516266115,-2.290827712803977,0.8294171388226346,0.560144218326158,0.4287141038935769,1.2301201737516922,10,0.001148228924846079,0.005741144624230395
,,,,hops_by_radius,kHops,1,2,p2pRqsRadius,1000,2000,distance,relative percent,equal-weight overall,10,0.49226616702735077,1.6611595196573696,1.1688933526300187,0.2188870573476395,1.012310984524919,1.3254757207351184,10,4.014775828747177e-08,4.455081956274784e-07
,,,,hops_by_radius,kHops,1,2,p2pRqsRadius,1000,2000,pickup,percentage points,equal-weight overall,10,0.4383070481368859,1.0145105676293742,0.5762035194924883,0.05468533265750059,0.5370839891196755,0.6153230498653011,10,9.731509093601487e-11,1.459726364040223e-09
,,,,hops_by_radius,kHops,1,2,p2pRqsRadius,1000,2000,waiting,relative percent,equal-weight overall,10,-1.3582725825356217,-3.4731287987487436,-2.114856216213122,0.39250265470892154,-2.395635700877906,-1.8340767315483384,10,3.712568296895653e-08,4.455081956274784e-07
,,,,hops_by_radius,kHops,1,2,p2pRqsRadius,2000,3000,distance,relative percent,equal-weight overall,10,1.6611595196573696,1.7565344129448495,0.09537489328747997,0.1555756769444729,-0.015917241618559702,0.20666702819351965,7,0.08449640767493621,0.25348922302480864
,,,,hops_by_radius,kHops,1,2,p2pRqsRadius,2000,3000,pickup,percentage points,equal-weight overall,10,1.0145105676293742,0.8957903684904318,-0.11872019913894236,0.035424732206100616,-0.144061525965364,-0.09337887231252072,10,2.2023336198168135e-06,1.7618668958534508e-05
,,,,hops_by_radius,kHops,1,2,p2pRqsRadius,2000,3000,waiting,relative percent,equal-weight overall,10,-3.4731287987487436,-4.035101591778928,-0.5619727930301851,0.40161560067398255,-0.8492712865249739,-0.2746742995353963,10,0.0016593342748744495,0.006637337099497798
,,,,roaming_by_radius,idleRoamingMode,none,past-avg-total,p2pRqsRadius,1000,2000,distance,relative percent,equal-weight overall,10,166.89244019710716,67.65488500740663,-99.23755518970054,3.2007355896460528,-101.52722349799652,-96.94788688140457,10,6.058594553278829e-15,1.5146486383197073e-13
,,,,roaming_by_radius,idleRoamingMode,none,past-avg-total,p2pRqsRadius,1000,2000,pickup,percentage points,equal-weight overall,10,21.580394548900017,10.57781043966829,-11.002584109231725,0.4399451150803973,-11.317301885560322,-10.687866332903127,10,4.182638373117484e-14,9.620068258170212e-13
,,,,roaming_by_radius,idleRoamingMode,none,past-avg-total,p2pRqsRadius,1000,2000,waiting,relative percent,equal-weight overall,10,-35.249213758409276,-27.29336411538792,7.955849643021351,3.6967485118273307,5.311355065383551,10.60034422065915,10,7.855649736422538e-05,0.0005498954815495777
,,,,roaming_by_radius,idleRoamingMode,none,past-avg-total,p2pRqsRadius,2000,3000,distance,relative percent,equal-weight overall,10,67.65488500740663,40.778621743865074,-26.876263263541546,0.41766727822651734,-27.175044435426237,-26.577482091656854,10,8.504304490164273e-18,2.551291347049282e-16
,,,,roaming_by_radius,idleRoamingMode,none,past-avg-total,p2pRqsRadius,2000,3000,pickup,percentage points,equal-weight overall,10,10.57781043966829,7.008990458069211,-3.568819981599078,0.22258322632913455,-3.72804642971079,-3.409593533487366,10,2.266583801785575e-12,4.5331676035711505e-11
,,,,roaming_by_radius,idleRoamingMode,none,past-avg-total,p2pRqsRadius,2000,3000,waiting,relative percent,equal-weight overall,10,-27.29336411538792,-17.254410665438236,10.038953449949686,1.3890757505306524,9.045268518866648,11.032638381032724,10,2.7915876007716776e-09,3.629063881003181e-08
,,,,roaming_by_scenario,idleRoamingMode,random,past-avg-total,spawnScenario,BASELINE,SPATIAL_IMBALANCE,distance,relative percent,equal-weight overall,10,-39.618645442470736,-49.10860464010981,-9.489959197639072,0.8733440851625436,-10.114711920264167,-8.865206475013977,10,7.390411540746316e-11,1.2378860149408763e-09
,,,,roaming_by_scenario,idleRoamingMode,random,past-avg-total,spawnScenario,BASELINE,SPATIAL_IMBALANCE,pickup,percentage points,equal-weight overall,10,-0.10203769879222391,3.9282022298383383,4.030239928630562,0.1235480335501132,3.941858989609209,4.118620867651915,10,3.836305954517103e-15,1.0358026077196178e-13
,,,,roaming_by_scenario,idleRoamingMode,random,past-avg-total,spawnScenario,BASELINE,SPATIAL_IMBALANCE,waiting,relative percent,equal-weight overall,10,53.270855012046425,-47.62353676199605,-100.89439177404248,4.518369592630487,-104.12663866593842,-97.66214488214653,10,1.157975530288632e-13,2.5475461666349904e-12
,,,,roaming_by_scenario,idleRoamingMode,random,past-avg-total,spawnScenario,BASELINE,SPATIAL_ISLANDS,distance,relative percent,equal-weight overall,10,-39.618645442470736,-51.74752886584547,-12.12888342337473,1.2265746853167596,-13.006322095226547,-11.25144475152291,10,1.7157354789988102e-10,2.4020296705983343e-09
,,,,roaming_by_scenario,idleRoamingMode,random,past-avg-total,spawnScenario,BASELINE,SPATIAL_ISLANDS,pickup,percentage points,equal-weight overall,10,-0.10203769879222391,1.3053338826233885,1.4073715814156125,0.06667490915269847,1.3596752246970845,1.4550679381341405,10,1.9198551374840579e-13,4.031695788716522e-12
,,,,roaming_by_scenario,idleRoamingMode,random,past-avg-total,spawnScenario,BASELINE,SPATIAL_ISLANDS,waiting,relative percent,equal-weight overall,10,53.270855012046425,-10.664377377563854,-63.93523238961028,4.708820808329857,-67.30371987391064,-60.56674490530992,10,1.0063880228362754e-11,1.8114984411052958e-10
,,,,shortcuts_by_hops,p2pOverlayShortcuts,0,1,kHops,0,1,distance,relative percent,equal-weight overall,10,0.0,1.4714268422696244,1.4714268422696244,0.13518844039688568,1.3747188578219192,1.5681348267173296,10,7.281682440828684e-11,1.2378860149408763e-09
,,,,shortcuts_by_hops,p2pOverlayShortcuts,0,1,kHops,0,1,pickup,percentage points,equal-weight overall,10,0.0,1.048382325204603,1.048382325204603,0.02873413533297309,1.027827163056557,1.068937487352649,10,1.4014449579274138e-15,3.9240458821967584e-14
,,,,shortcuts_by_hops,p2pOverlayShortcuts,0,1,kHops,0,1,waiting,relative percent,equal-weight overall,10,0.0,-2.9721875011942904,-2.9721875011942904,0.1969950263935424,-3.1131092537702663,-2.8312657486183146,10,3.910854703450362e-12,7.430623936555688e-11
,,,,shortcuts_by_hops,p2pOverlayShortcuts,0,1,kHops,1,2,distance,relative percent,equal-weight overall,10,1.4714268422696244,3.83767385220803,2.366247009938406,0.0757015729673165,2.312093366922056,2.4204006529547564,10,5.6316859221650364e-15,1.4642383397629096e-13
,,,,shortcuts_by_hops,p2pOverlayShortcuts,0,1,kHops,1,2,pickup,percentage points,equal-weight overall,10,1.048382325204603,2.301826457020065,1.253444131815462,0.03387468755341288,1.229211640135931,1.2776766234949932,10,1.2349125638501143e-15,3.5812464351653314e-14
,,,,shortcuts_by_hops,p2pOverlayShortcuts,0,1,kHops,1,2,waiting,relative percent,equal-weight overall,10,-2.9721875011942904,-7.349176557588079,-4.376989056393789,0.15967750373090578,-4.491215461418672,-4.262762651368907,10,1.8338275571730524e-14,4.4011861372153256e-13
