window,tickBlockSize,series,selectedConfig,algorithm,taxiCount,clientCount,taxiSeatCount,spawnScenario,firstBlock,lastBlock,blocks,activeClientsMean,servedRequestsMean,finishedRequestsMean,meanBlockWaitingTime,waitingTimeMax,waitingTimeSum,waitingTimeCount,calculationTimeMillisMean,pooledClientWaitingTime
all,1000,Central,n/a,TaxiAlgorithmSinglePassenger,39,638,1,BASELINE,0,87,88,4.154285714285714,7.291428571428572,7.291428571428572,1.6900893321506094,4.947619047619048,10910.4,6380,0.002928769142857143,1.7100940438871473
all,1000,Central,n/a,TaxiAlgorithmSinglePassenger,39,638,1,RUSH_HOUR,0,87,88,4.224513172966781,7.308132875143184,7.308132875143184,1.728635663193298,7.466666666666667,12256.1,6380,0.002516193585337915,1.9210188087774296
all,1000,Central,n/a,TaxiAlgorithmSinglePassenger,39,638,1,SPATIAL_IMBALANCE,0,87,88,4.313211845102506,7.266514806378132,7.266514806378132,3.2368565769407254,6.08,20986.866666666665,6380,0.002512215261958998,3.289477533960292
all,1000,Central,n/a,TaxiAlgorithmSinglePassenger,39,638,1,SPATIAL_ISLANDS,0,87,88,4.850627137970354,7.274800456100342,7.274800456100342,3.5319229707074533,7.110185185185185,23297.116666666665,6380,0.0024995895096921327,3.6515856844305117
all,1000,Central,n/a,TaxiAlgorithmSinglePassenger,1685,27762,1,BASELINE,0,90,91,598.5351648351649,305.0769230769231,305.0769230769231,1.3169244251510697,2.3051282051282054,365503.43333333335,277620,0.6205437670329671,1.316560166174387
all,1000,Central,n/a,TaxiAlgorithmSinglePassenger,1685,27762,1,RUSH_HOUR,0,90,91,1319.2444933920706,289.86563876651985,305.7488986784141,25.868450675611474,137.67121749408983,10991428.833333334,263198,0.6379852720264317,41.76106518033318
all,1000,Central,n/a,TaxiAlgorithmSinglePassenger,1685,27762,1,SPATIAL_IMBALANCE,0,90,91,709.7252747252747,305.0769230769231,305.0769230769231,12.052749654422394,29.581481481481482,3325670.316666667,277620,0.6411980142857142,11.979217335446535
all,1000,Central,n/a,TaxiAlgorithmSinglePassenger,1685,27762,1,SPATIAL_ISLANDS,0,92,93,807.2874186550977,301.10629067245117,301.10629067245117,14.890162071225292,47.733333333333334,4080556.55,277620,0.5520524251626898,14.698352244074634
all,1000,Selected P2P,"k=0, r=3000, greedy, shortcuts=0, roam=past-avg, minN=0",TaxiAlgorithmP2PCollector,1685,27762,1,SPATIAL_IMBALANCE,0,91,92,597.7901098901099,304.68461538461537,305.0769230769231,6.016006022608053,22.40741811175337,1679754.1166666667,277263,3.6863746384615386,6.058342139653205
all,1000,Selected P2P,"k=1, r=1000, greedy, shortcuts=1, roam=past-avg, minN=1",TaxiAlgorithmP2PCollector,39,638,1,BASELINE,0,87,88,4.434435575826682,7.248574686431015,7.274800456100342,2.5885448929002233,20.983333333333334,16343.2,6357,0.010934015963511972,2.570898222431965
all,1000,Selected P2P,"k=1, r=2000, greedy, shortcuts=0, roam=none, minN=0",TaxiAlgorithmP2PCollector,1685,27762,1,BASELINE,0,90,91,626.0351648351649,305.0736263736264,305.0769230769231,2.9184356775600815,28.208333333333332,785902.3333333334,277617,3.1564384527472527,2.830886917347761
all,1000,Selected P2P,"k=1, r=2000, greedy, shortcuts=0, roam=random, minN=0",TaxiAlgorithmP2PCollector,39,638,1,RUSH_HOUR,0,87,88,4.565217391304348,7.299771167048055,7.299771167048055,2.7100699675739848,8.783333333333333,17517.85,6380,0.0037797459954233407,2.745744514106583
all,1000,Selected P2P,"k=1, r=2000, greedy, shortcuts=1, roam=past-avg-total, minN=0",TaxiAlgorithmP2PCollector,39,638,1,SPATIAL_IMBALANCE,0,87,88,4.045610034207526,7.273660205245154,7.274800456100342,2.7241508593648054,5.741666666666666,17433.8,6379,0.0034918620296465223,2.7329989026493178
all,1000,Selected P2P,"k=1, r=2000, nearest, shortcuts=0, roam=past-avg-revisit, minN=0",TaxiAlgorithmP2PCollector,1685,27762,1,RUSH_HOUR,0,90,91,783.5236523652366,303.3773377337734,305.4125412541254,8.112616241976504,41.503501945525294,3470287.316666667,275770,4.273205341034104,12.583991430056448
all,1000,Selected P2P,"k=2, r=3000, greedy, shortcuts=0, roam=past-avg, minN=0",TaxiAlgorithmP2PCollector,39,638,1,SPATIAL_ISLANDS,0,87,88,4.94526795895097,7.274800456100342,7.274800456100342,3.847291152499993,5.933333333333334,24588.416666666668,6380,0.0042702223489167615,3.853983803552769
all,1000,Selected P2P,"k=2, r=3000, nearest, shortcuts=1, roam=past-avg-total, minN=1",TaxiAlgorithmP2PCollector,1685,27762,1,SPATIAL_ISLANDS,0,92,93,805.7519042437432,300.6474428726877,302.0892274211099,16.321038096902807,78.16111111111111,4339279.45,276295,8.525134505984767,15.705240594292333
blocks_10_85,1000,Central,n/a,TaxiAlgorithmSinglePassenger,39,638,1,BASELINE,10,85,76,4.2026315789473685,7.406578947368421,7.402631578947369,1.7128574857768937,4.947619047619048,9751.7,5629,0.002947427631578947,1.7324036240895364
blocks_10_85,1000,Central,n/a,TaxiAlgorithmSinglePassenger,39,638,1,RUSH_HOUR,10,85,76,4.668421052631579,8.06842105263158,8.082894736842105,1.780372426366005,7.466666666666667,11924.016666666666,6132,0.002572757894736842,1.9445558817134159
blocks_10_85,1000,Central,n/a,TaxiAlgorithmSinglePassenger,39,638,1,SPATIAL_IMBALANCE,10,85,76,4.389473684210526,7.346052631578948,7.346052631578948,3.32005342529305,6.08,18861.916666666668,5583,0.002521032894736842,3.378455430174936
blocks_10_85,1000,Central,n/a,TaxiAlgorithmSinglePassenger,39,638,1,SPATIAL_ISLANDS,10,85,76,4.980263157894737,7.397368421052631,7.3881578947368425,3.6585320234711682,7.110185185185185,21233.266666666666,5622,0.002506715789473684,3.7768172655045653
blocks_10_85,1000,Central,n/a,TaxiAlgorithmSinglePassenger,1685,27762,1,BASELINE,10,85,76,630.7947368421053,321.25394736842105,321.2368421052632,1.3431788202978223,2.0283582089552237,328087.2,244153,0.6733056407894736,1.3437770578284929
blocks_10_85,1000,Central,n/a,TaxiAlgorithmSinglePassenger,1685,27762,1,RUSH_HOUR,10,85,76,1550.8894736842105,333.275,352.325,29.487225539681717,137.67121749408983,10982898.616666667,253289,0.7210173657894737,43.361135369742335
blocks_10_85,1000,Central,n/a,TaxiAlgorithmSinglePassenger,1685,27762,1,SPATIAL_IMBALANCE,10,85,76,755.5657894736842,320.7934210526316,320.77894736842103,12.401952175004991,15.445399305555556,3029573.783333333,243803,0.698109747368421,12.426318721809547
blocks_10_85,1000,Central,n/a,TaxiAlgorithmSinglePassenger,1685,27762,1,SPATIAL_ISLANDS,10,85,76,871.5631578947368,320.48552631578946,320.3513157894737,15.242278955632113,18.990767045454547,3722659.55,243569,0.5993886684210527,15.283798636115433
blocks_10_85,1000,Selected P2P,"k=0, r=3000, greedy, shortcuts=0, roam=past-avg, minN=0",TaxiAlgorithmP2PCollector,1685,27762,1,SPATIAL_IMBALANCE,10,85,76,619.7618421052632,324.24342105263156,324.11315789473684,5.459624371716993,22.40741811175337,1360875.85,246425,3.6886429486842105,5.522474789489703
blocks_10_85,1000,Selected P2P,"k=1, r=1000, greedy, shortcuts=1, roam=past-avg, minN=1",TaxiAlgorithmP2PCollector,39,638,1,BASELINE,10,85,76,4.503947368421053,7.373684210526315,7.403947368421052,2.5897987211536457,12.827777777777778,14581.683333333332,5604,0.011276030263157894,2.602013442778967
blocks_10_85,1000,Selected P2P,"k=1, r=2000, greedy, shortcuts=0, roam=none, minN=0",TaxiAlgorithmP2PCollector,1685,27762,1,BASELINE,10,85,76,659.4368421052632,321.23026315789474,321.3184210526316,2.8397847162378484,4.208751393534002,693385.3666666667,244135,3.4769560289473684,2.84017189942723
blocks_10_85,1000,Selected P2P,"k=1, r=2000, greedy, shortcuts=0, roam=random, minN=0",TaxiAlgorithmP2PCollector,39,638,1,RUSH_HOUR,10,85,76,5.048684210526316,8.072368421052632,8.082894736842105,2.739928039596485,8.783333333333333,16907.883333333335,6135,0.003994093421052632,2.755971203477316
blocks_10_85,1000,Selected P2P,"k=1, r=2000, greedy, shortcuts=1, roam=past-avg-total, minN=0",TaxiAlgorithmP2PCollector,39,638,1,SPATIAL_IMBALANCE,10,85,76,4.061842105263158,7.343421052631579,7.356578947368421,2.703664208261104,4.483333333333333,15158.483333333334,5581,0.0035606592105263154,2.716087320074061
blocks_10_85,1000,Selected P2P,"k=1, r=2000, nearest, shortcuts=0, roam=past-avg-revisit, minN=0",TaxiAlgorithmP2PCollector,1685,27762,1,RUSH_HOUR,10,85,76,910.4026315789474,349.80263157894734,352.3171052631579,8.797373701132454,41.503501945525294,3442972.783333333,265850,4.989480359210526,12.9508097924895
blocks_10_85,1000,Selected P2P,"k=2, r=3000, greedy, shortcuts=0, roam=past-avg, minN=0",TaxiAlgorithmP2PCollector,39,638,1,SPATIAL_ISLANDS,10,85,76,5.022368421052631,7.402631578947369,7.386842105263158,3.846200996074932,5.933333333333334,21642.383333333335,5626,0.004453840789473684,3.846850930205001
blocks_10_85,1000,Selected P2P,"k=2, r=3000, nearest, shortcuts=1, roam=past-avg-total, minN=1",TaxiAlgorithmP2PCollector,1685,27762,1,SPATIAL_ISLANDS,10,85,76,857.6828947368421,319.58815789473687,321.4,15.70706734808836,21.620077972709552,3820145.0166666666,242887,9.21279812105263,15.728075264080278
