metric,taxiCount,clientCount,taxiSeatCount,spawnScenario,kHops,p2pRequestRepublishTicks,p2pRqsRadius,p2pStrategy,p2pOverlayMinNeighbors,p2pOverlayMaxNeighbors,p2pOverlayShortcuts,p2pOverlayMaxDistanceFactor,p2pTopologyScanTicks,idleRoamingEnabled,idleRoamingStrategy,idleRoamingMode,avgMean,avgStd,countMean,servedRatioMean,runs,communicationTimeMillisMean,singleAvg,singleStd,singleCount,delta,deltaPct
Calculation Time [millis],39,638,1,BASELINE,0,15,3000,greedy,1,4,0,1,2000,True,random,random,0.0041,0.00031622776601683826,87215.7,,10,0.0001563,0.0029000000000000002,0.0005676462121975467,87047.0,0.0012000000000000001,41.37931034482759
Calculation Time [millis],39,638,1,RUSH_HOUR,0,15,3000,greedy,0,4,1,1,2000,True,past-avg,past-avg,0.0041,0.000316227766016838,86956.7,,10,0.00015250000000000002,0.0026000000000000003,0.0005163977794943222,86780.3,0.0015,57.692307692307686
Calculation Time [millis],39,638,1,SPATIAL_IMBALANCE,0,15,3000,nearest,1,4,1,1,2000,True,past-avg-total,past-avg-total,0.004200000000000001,0.00042163702135578394,87159.6,,10,0.0001855,0.0028,0.0004216370213557839,87095.7,0.0014000000000000006,50.00000000000002
Calculation Time [millis],39,638,1,SPATIAL_ISLANDS,0,15,3000,greedy,0,4,1,1,2000,True,past-avg-total,past-avg-total,0.004200000000000001,0.00042163702135578394,87097.6,,10,0.0001628,0.0029000000000000002,0.000316227766016838,87057.1,0.0013000000000000004,44.82758620689656
Calculation Time [millis],1685,27762,1,BASELINE,0,15,3000,greedy,0,4,0,1,2000,False,none,none,1.9706,0.1493513382003061,90628.1,,10,0.3241324,0.6159,0.06474986057471042,90440.1,1.3546999999999998,219.9545380743627
Calculation Time [millis],1685,27762,1,RUSH_HOUR,0,15,2000,greedy,0,4,0,1,2000,True,random,random,2.8146999999999998,0.09707276766540775,90301.5,,10,0.48211899999999996,0.6152,0.06280799666001492,90182.5,2.1994999999999996,357.52600780234064
Calculation Time [millis],1685,27762,1,SPATIAL_IMBALANCE,0,15,2000,nearest,0,4,0,1,2000,True,past-avg-total,past-avg-total,2.7803,0.09850668336040283,90202.6,,10,0.49755209999999994,0.5977,0.04915519640214384,90433.0,2.1826,365.16647147398356
Calculation Time [millis],1685,27762,1,SPATIAL_ISLANDS,0,15,3000,nearest,1,4,1,1,2000,True,past-avg-total,past-avg-total,5.0872,0.23893457960984468,91335.4,,10,0.4324256,0.5511,0.06757950050783813,91597.1,4.5361,823.0992560333877
Client Travel Time [min],39,638,1,BASELINE,0,15,1000,greedy,0,4,0,1,2000,True,random,random,9.652893333333333,0.169211193957415,638.0,,10,,9.456726666666667,0.17423933929519117,638.0,0.1961666666666666,2.0743611778282682
Client Travel Time [min],39,638,1,RUSH_HOUR,2,15,1000,greedy,0,4,1,1,2000,True,random,random,9.841533333333334,0.21270281331031637,638.0,,10,,9.639435,0.23613243818059163,638.0,0.2020983333333337,2.0965786203582857
Client Travel Time [min],39,638,1,SPATIAL_IMBALANCE,2,15,1000,greedy,0,4,0,1,2000,True,past-avg,past-avg,8.488975,0.2106015762151865,638.0,,10,,9.8634,0.21476582754016618,638.0,-1.3744250000000005,-13.934596589411363
Client Travel Time [min],39,638,1,SPATIAL_ISLANDS,0,15,1000,greedy,0,4,0,1,2000,True,past-avg-total,past-avg-total,9.222943333333333,0.18150115671501524,638.0,,10,,11.113866666666667,0.19046139461714054,638.0,-1.8909233333333333,-17.01409050555462
Client Travel Time [min],1685,27762,1,BASELINE,2,15,1000,greedy,1,4,0,1,2000,True,random,random,32.82861333333334,0.10839095755187546,27762.0,,10,,32.715035,0.10691077116334378,27762.0,0.11357833333333645,0.34717472664582644
Client Travel Time [min],1685,27762,1,RUSH_HOUR,2,15,1000,nearest,0,4,0,1,2000,True,random,random,40.79931166666667,0.24370616136960063,27762.0,,10,,71.92939166666666,0.44517820140151265,27762.0,-31.130079999999992,-43.2786643661081
Client Travel Time [min],1685,27762,1,SPATIAL_IMBALANCE,2,15,1000,greedy,0,4,1,1,2000,True,past-avg-total,past-avg-total,29.072401666666668,0.11884347352975456,27762.0,,10,,38.78894666666666,0.14199542328740047,27762.0,-9.716544999999993,-25.049777926426447
Client Travel Time [min],1685,27762,1,SPATIAL_ISLANDS,2,15,3000,greedy,0,4,1,1,2000,True,past-avg-total,past-avg-total,36.00787833333333,0.36790410662257506,27762.0,,10,,44.70061333333333,0.10269045413460168,27762.0,-8.692734999999999,-19.44656762353149
Client Waiting Time [min],39,638,1,BASELINE,0,15,1000,greedy,0,4,0,1,2000,True,random,random,1.980678333333333,0.07514739304925205,637.6,0.9993730407523511,10,,1.7100933333333335,0.1284010608202015,638.0,0.27058499999999963,15.822820586790561
Client Waiting Time [min],39,638,1,RUSH_HOUR,2,15,1000,greedy,0,4,1,1,2000,True,random,random,2.22963,0.14067133501117846,637.6,0.9993730407523511,10,,1.9210166666666666,0.11489445935345828,638.0,0.3086133333333332,16.065104415196807
Client Waiting Time [min],39,638,1,SPATIAL_IMBALANCE,0,15,1000,greedy,0,4,0,1,2000,True,past-avg,past-avg,1.9648116666666666,0.20179052303879794,636.6,0.9978056426332289,10,,3.289476666666667,0.1131523397356605,638.0,-1.3246650000000002,-40.26977948873327
Client Waiting Time [min],39,638,1,SPATIAL_ISLANDS,0,15,1000,greedy,0,4,0,1,2000,True,past-avg-total,past-avg-total,1.8088916666666666,0.08956871086517548,637.2,0.9987460815047022,10,,3.6515883333333337,0.141475308461657,638.0,-1.842696666666667,-50.462880764671816
Client Waiting Time [min],1685,27762,1,BASELINE,2,15,1000,greedy,1,4,0,1,2000,True,random,random,1.4373983333333333,0.00851420907500155,27762.0,1.0,10,,1.31656,0.05099769191097685,27762.0,0.12083833333333338,9.178338498308728
Client Waiting Time [min],1685,27762,1,RUSH_HOUR,1,15,1000,nearest,0,4,0,1,2000,True,random,random,10.573973333333333,0.270248947097685,27612.7,0.9946221453785751,10,,41.76129166666667,0.4000077913014333,26319.8,-31.187318333333337,-74.67996579767349
Client Waiting Time [min],1685,27762,1,SPATIAL_IMBALANCE,2,15,1000,greedy,0,4,1,1,2000,True,past-avg-total,past-avg-total,2.384,0.14679837100048154,27747.1,0.9994632951516461,10,,11.979215,0.11729057260854153,27762.0,-9.595215,-80.0988629054575
Client Waiting Time [min],1685,27762,1,SPATIAL_ISLANDS,2,15,3000,greedy,0,4,1,1,2000,True,past-avg-total,past-avg-total,6.142906666666667,0.38215725046951543,27754.7,0.9997370506447663,10,,14.69835,0.0625885165777825,27762.0,-8.555443333333333,-58.20682820407279
Custom Time [micros],39,638,1,BASELINE,0,15,1000,greedy,0,4,0,1,2000,True,past-avg-revisit,past-avg-revisit,0.0497,0.0028303906287138357,88695.8,,10,,0.0,0.0,87047.0,0.0497,
Custom Time [micros],39,638,1,RUSH_HOUR,0,15,1000,nearest,1,4,0,1,2000,True,past-avg-revisit,past-avg-revisit,0.0593,0.006342975116877989,87488.1,,10,,0.0,0.0,86780.3,0.0593,
Custom Time [micros],39,638,1,SPATIAL_IMBALANCE,0,15,1000,greedy,0,4,0,1,2000,True,past-avg-revisit,past-avg-revisit,0.0376,0.002270584848790187,89511.6,,10,,0.0,0.0,87095.7,0.0376,
Custom Time [micros],39,638,1,SPATIAL_ISLANDS,0,15,1000,greedy,0,4,1,1,2000,True,past-avg-revisit,past-avg-revisit,0.0337,0.004321779468896785,90636.2,,10,,0.0,0.0,87057.1,0.0337,
Custom Time [micros],1685,27762,1,BASELINE,1,15,1000,nearest,0,4,0,1,2000,False,none,none,270.0745,6.289974779140384,93370.2,,10,,0.0,0.0,90440.1,270.0745,
Custom Time [micros],1685,27762,1,RUSH_HOUR,0,15,1000,nearest,1,4,0,1,2000,True,past-avg-revisit,past-avg-revisit,300.0786,14.325333800260607,104777.8,,10,,0.0,0.0,90182.5,300.0786,
Custom Time [micros],1685,27762,1,SPATIAL_IMBALANCE,0,15,1000,nearest,1,4,0,1,2000,False,none,none,130.2683,2.8200427518429936,111545.4,,10,,0.0,0.0,90433.0,130.2683,
Custom Time [micros],1685,27762,1,SPATIAL_ISLANDS,0,15,1000,nearest,1,4,0,1,2000,False,none,none,99.6562,4.3219034592539325,111545.3,,10,,0.0,0.0,91597.1,99.6562,
Simulation Time [millis],39,638,1,BASELINE,0,15,3000,nearest,0,4,0,1,2000,True,random,random,0.010100000000000001,0.0003162277660168378,87215.7,,10,,0.0112,0.0007888106377466152,87047.0,-0.0010999999999999985,-9.821428571428559
Simulation Time [millis],39,638,1,RUSH_HOUR,0,15,3000,nearest,0,4,1,1,2000,False,none,none,0.0101,0.0007378647873726218,86903.0,,10,,0.0103,0.0006749485577105525,86780.3,-0.00020000000000000052,-1.9417475728155391
Simulation Time [millis],39,638,1,SPATIAL_IMBALANCE,0,15,3000,nearest,1,4,1,1,2000,True,past-avg-total,past-avg-total,0.0106,0.0006992058987801011,87159.6,,10,,0.0104,0.0005163977794943217,87095.7,0.00020000000000000052,1.923076923076928
Simulation Time [millis],39,638,1,SPATIAL_ISLANDS,0,15,3000,nearest,1,4,0,1,2000,True,past-avg,past-avg,0.010499999999999999,0.0007071067811865474,87071.0,,10,,0.0106,0.000516397779494322,87057.1,-0.00010000000000000113,-0.943396226415105
Simulation Time [millis],1685,27762,1,BASELINE,0,15,3000,greedy,1,4,0,1,2000,False,none,none,3.0343,0.16962576455244058,90628.1,,10,,2.0078,0.1949089816070853,90440.1,1.0265,51.12561012052993
Simulation Time [millis],1685,27762,1,RUSH_HOUR,0,15,3000,nearest,1,4,0,1,2000,False,none,none,3.9791,0.1437995904800225,90364.0,,10,,2.0522,0.15420318486406906,90182.5,1.9268999999999998,93.89435727511938
Simulation Time [millis],1685,27762,1,SPATIAL_IMBALANCE,0,15,3000,greedy,0,4,0,1,2000,True,past-avg,past-avg,4.0042,0.13628140820457588,90310.3,,10,,2.0672,0.11790278481302587,90433.0,1.9369999999999998,93.7016253869969
Simulation Time [millis],1685,27762,1,SPATIAL_ISLANDS,0,15,3000,nearest,0,4,1,1,2000,True,past-avg-total,past-avg-total,6.8427999999999995,0.3398217833577541,91335.4,,10,,1.9123999999999999,0.28028723362531754,91597.1,4.9304,257.81217318552604
Taxi Travel Distance [km],39,638,1,BASELINE,0,15,1000,greedy,0,4,0,1,2000,False,none,none,67.8687698,1.702821131440397,39.0,,10,,76.5447456,1.4158975599636145,39.0,-8.675975800000003,-11.334515167557111
Taxi Travel Distance [km],39,638,1,RUSH_HOUR,0,15,1000,greedy,0,4,0,1,2000,False,none,none,66.5045254,2.1986811675243048,39.0,,10,,78.07996010000001,1.9019493223686432,39.0,-11.575434700000002,-14.825103246946975
Taxi Travel Distance [km],39,638,1,SPATIAL_IMBALANCE,0,15,1000,greedy,0,4,0,1,2000,False,none,none,35.5196865,1.468711031542453,39.0,,10,,79.8336429,1.7209141516711053,39.0,-44.3139564,-55.50787210788799
Taxi Travel Distance [km],39,638,1,SPATIAL_ISLANDS,0,15,1000,greedy,0,4,0,1,2000,False,none,none,30.9099795,2.990517973542199,39.0,,10,,90.0121192,1.5764617787384057,39.0,-59.1021397,-65.6602024541602
Taxi Travel Distance [km],1685,27762,1,BASELINE,1,15,1000,greedy,0,4,0,1,2000,False,none,none,265.7879385,1.0777165268926727,1685.0,,10,,267.35106940000003,0.8835418370812559,1685.0,-1.5631309000000329,-0.5846735169259184
Taxi Travel Distance [km],1685,27762,1,RUSH_HOUR,0,15,1000,greedy,0,4,0,1,2000,False,none,none,241.6920862,2.045405213461066,1685.0,,10,,349.31721000000005,1.410591520737417,1685.0,-107.62512380000004,-30.810140674145437
Taxi Travel Distance [km],1685,27762,1,SPATIAL_IMBALANCE,0,15,1000,greedy,0,4,0,1,2000,False,none,none,82.5960821,0.8156905495929325,1685.0,,10,,317.1411648,1.1496035250854328,1685.0,-234.54508270000002,-73.95605135268772
Taxi Travel Distance [km],1685,27762,1,SPATIAL_ISLANDS,0,15,1000,greedy,0,4,0,1,2000,False,none,none,53.451375199999994,1.1062655710308356,1685.0,,10,,365.10951059999996,0.8362783712834648,1685.0,-311.6581354,-85.3601799875985
