factor,fromValue,toValue,basis,taxiCount,clientCount,taxiSeatCount,spawnScenario,waitingAvgMeanFrom,travelAvgMeanFrom,distanceAvgMeanFrom,servedRatioFrom,calculationAvgMeanFrom,communicationAvgMeanFrom,kmPerServedClientFrom,calculationMsPerServedClientFrom,pickupPctFrom,communicationSharePctFrom,normalizedWaitingIndexFrom,waitingAvgMeanTo,travelAvgMeanTo,distanceAvgMeanTo,servedRatioTo,calculationAvgMeanTo,communicationAvgMeanTo,kmPerServedClientTo,calculationMsPerServedClientTo,pickupPctTo,communicationSharePctTo,normalizedWaitingIndexTo,waitingMinFrom,waitingMinTo,waitingMinDeltaPct,travelMinFrom,travelMinTo,travelMinDeltaPct,distanceKmFrom,distanceKmTo,distanceKmDeltaPct,calculationMsFrom,calculationMsTo,calculationMsDeltaPct,communicationMicrosFrom,communicationMicrosTo,communicationMicrosDeltaPct,kmPerServedClientDeltaPct,calculationMsPerServedClientDeltaPct,communicationSharePctDeltaPct,pickupDeltaPoints,communicationShareDeltaPoints
p2pRqsRadius,1000,2000,scenario means,39.0,638.0,1.0,BASELINE,3.862978111111111,11.584416000000001,130.75250778666665,0.9827011494252873,0.0164575,0.08102333333333332,8.072962014559925,2.32544802541397,98.27011494252874,0.492318598410046,1.094784469600614,2.836343805555556,10.56786825,95.70547228333334,0.999328631138976,0.006144166666666667,0.13201416666666665,5.85382162174496,0.8380552514108117,99.9328631138976,2.1486097924860976,0.8038319295257357,3.862978111111111,2.836343805555556,-26.5762392647952,11.584416000000001,10.56786825,-8.775131607842823,130.75250778666665,95.70547228333334,-26.804101960717574,0.0164575,0.006144166666666667,-62.66646412476581,0.08102333333333332,0.13201416666666665,62.933517093841296,-27.488552390221233,-63.96155741809696,336.42669592923795,1.662748171368861,1.6562911940760516
p2pRqsRadius,1000,2000,scenario means,39.0,638.0,1.0,RUSH_HOUR,4.550934319444445,12.20445511111111,119.57236351833333,0.9797387669801463,0.0154925,0.08686083333333333,7.407238158947798,2.175983436348183,97.97387669801464,0.5606637620353935,1.1990542538615006,2.922571,10.611792694444445,96.33526585166666,0.9994827586206897,0.006358333333333333,0.13316666666666668,5.8916141562146525,0.8661389404544446,99.94827586206897,2.0943643512450856,0.7700223610764062,4.550934319444445,2.922571,-35.78085740519382,12.20445511111111,10.611792694444445,-13.049844521257514,119.57236351833333,96.33526585166666,-19.43350200910251,0.0154925,0.006358333333333333,-58.958635899090964,0.08686083333333333,0.13316666666666668,53.31037195513899,-20.46139154986263,-60.19551776055651,273.55086828545075,1.9743991640543328,1.5337005892096922
p2pRqsRadius,1000,2000,scenario means,39.0,638.0,1.0,SPATIAL_IMBALANCE,9.997187361111111,16.588950055555554,118.07984167666667,0.8795323928944618,0.018336666666666668,0.08868416666666666,7.600457815114695,3.2426628577535013,87.95323928944619,0.4836438829303763,1.5425836964870714,5.256771805555556,11.63225825,89.80924388833334,0.9842842215256008,0.012864166666666668,0.1335025,5.560688157501744,1.8178345378388314,98.42842215256007,1.0377858392174646,0.8111291896905742,9.997187361111111,5.256771805555556,-47.41749238386479,16.588950055555554,11.63225825,-29.879478743114205,118.07984167666667,89.80924388833334,-23.94193402269761,0.018336666666666668,0.012864166666666668,-29.844573713870204,0.08868416666666666,0.1335025,50.53701806974189,-26.837457785194875,-43.940069702521676,114.57644267711346,10.475182863113886,0.5541419562870883
p2pRqsRadius,1000,2000,scenario means,39.0,638.0,1.0,SPATIAL_ISLANDS,12.467769,20.83044923611111,128.80743527583334,0.8363113897596656,0.018000000000000002,0.079705,8.4106834236277,3.6301650644178585,83.63113897596655,0.4428055555555555,1.5868222004687604,6.826671069444444,14.13963625,97.89044358,0.9661846917450365,0.013212499999999999,0.12421583333333334,6.145853360092778,1.9483076761769194,96.61846917450364,0.9401387574897512,0.8688573880613492,12.467769,6.826671069444444,-45.245447927015306,20.83044923611111,14.13963625,-32.12034896737654,128.80743527583334,97.89044358,-24.002489941381466,0.018000000000000002,0.013212499999999999,-26.59722222222224,0.079705,0.12421583333333334,55.844468142943796,-26.92801463876826,-46.33005272201432,112.31412878508907,12.987330198537094,0.49733320193419567
p2pRqsRadius,1000,2000,scenario means,1685.0,27762.0,1.0,BASELINE,4.496504958333333,35.485453750000005,395.788415985,0.9986821914847633,5.296764166666667,337.137505,24.05008832049614,17.947262988548832,99.86821914847633,6.364971034988813,1.1564910581282934,3.009499111111111,34.37234145833334,410.34255519916667,0.9999463295151646,3.6842975,386.45430666666664,24.906682452272435,12.046608194742792,99.99463295151646,10.48922641742874,0.7740364669218797,4.496504958333333,3.009499111111111,-33.07025925694506,35.485453750000005,34.37234145833334,-3.1368129022914526,395.788415985,410.34255519916667,3.6772524476103685,5.296764166666667,3.6842975,-30.442485561546462,337.137505,386.45430666666664,14.628097122171768,3.5617088817353038,-32.87774184604597,64.79613748072894,0.12641380304013694,4.1242553824399275
p2pRqsRadius,1000,2000,scenario means,1685.0,27762.0,1.0,RUSH_HOUR,20.153268375,50.00417993055556,325.517125925,0.978932323559782,5.958235,635.5628833333334,20.140641424536984,22.38498096315249,97.8932323559782,10.666965692580662,1.1298688744312788,16.416307416666665,46.26575101388889,327.9969715341667,0.9888867576783613,6.1569183333333335,1902.9742816666667,20.12826087171318,20.903144293625015,98.88867576783613,30.907901950948947,0.9203606302487409,20.153268375,16.416307416666665,-18.542704283981102,50.00417993055556,46.26575101388889,-7.476232830652352,325.517125925,327.9969715341667,0.7618172475932994,5.958235,6.1569183333333335,3.3346004871129376,635.5628833333334,1902.9742816666667,199.41557815430428,-0.061470499190363626,-6.619780789479779,189.75345793459084,0.9954434118579343,20.240936258368286
p2pRqsRadius,1000,2000,scenario means,1685.0,27762.0,1.0,SPATIAL_IMBALANCE,55.08197827777778,81.678815,345.58258456916667,0.8046374840909637,6.667495833333334,322.5623758333333,23.76649964991806,33.60897409027316,80.46374840909637,4.8378339319047186,1.125507043321825,48.742221666666666,73.19244287500001,364.3050042258334,0.8666127560454339,6.0543825,1009.6634725,24.211346376734543,27.31447344419142,86.66127560454339,16.676572259846484,0.9959648420093065,55.08197827777778,48.742221666666666,-11.509674868865083,81.678815,73.19244287500001,-10.38993051625442,345.58258456916667,364.3050042258334,5.417639803813534,6.667495833333334,6.0543825,-9.19555630268486,322.5623758333333,1009.6634725,213.01340396304903,1.8717385116407526,-18.72863071980362,244.7115484859295,6.197527195447023,11.838738327941766
p2pRqsRadius,1000,2000,scenario means,1685.0,27762.0,1.0,SPATIAL_ISLANDS,93.49267969444445,120.676719,318.01660764083334,0.7341638450639963,7.81247,339.3564925,22.774801470992436,47.458328444589064,73.41638450639964,4.343779784114371,1.1932127038912355,77.53854195833334,105.49126733333333,342.58459912333336,0.8014317832528877,8.314045833333333,1300.0874391666666,23.453482641000967,42.30291199487507,80.14317832528877,15.637241665835575,0.9895959085595092,93.49267969444445,77.53854195833334,-17.06458493675964,120.676719,105.49126733333333,-12.583580157384521,318.01660764083334,342.58459912333336,7.725380024884432,7.81247,8.314045833333333,6.420195320216693,339.3564925,1300.0874391666666,283.1037472096299,2.9799652518286424,-10.863038414286564,259.9915843575335,6.726793818889135,11.293461881721203
p2pRqsRadius,1000,2000,equal-weight normalized index,,,,ALL_NORMALIZED,,,,,,,,,,,,,,,,,,,,,,,1.2535405375238224,0.8667248395116877,-30.85785313143762,,,,,,,,,,,,,,,,,
p2pRqsRadius,2000,3000,scenario means,39.0,638.0,1.0,BASELINE,2.836343805555556,10.56786825,95.70547228333334,0.999328631138976,0.006144166666666667,0.13201416666666665,5.85382162174496,0.8380552514108117,99.9328631138976,2.1486097924860976,0.8038319295257357,3.8862633333333334,11.631842777777779,99.05926411333333,0.9999895506792059,0.004953333333333334,0.19195083333333332,6.055407555569583,0.6760212118427382,99.99895506792059,3.8751850605652756,1.1013836008736502,2.836343805555556,3.8862633333333334,37.01665241432639,10.56786825,11.631842777777779,10.06801468950731,95.70547228333334,99.05926411333333,3.5042842901095383,0.006144166666666667,0.004953333333333334,-19.381527193815263,0.13201416666666665,0.19195083333333332,45.401693000119934,3.4436637610514076,-19.33452947109391,80.35778642158216,0.06609195402299406,1.726575268079178
p2pRqsRadius,2000,3000,scenario means,39.0,638.0,1.0,RUSH_HOUR,2.922571,10.611792694444445,96.33526585166666,0.9994827586206897,0.006358333333333333,0.13316666666666668,5.8916141562146525,0.8661389404544446,99.94827586206897,2.0943643512450856,0.7700223610764062,3.912804277777778,11.628306222222223,98.70520725666667,0.9999320794148381,0.005150833333333333,0.2050975,6.034108993064565,0.7027999511986294,99.9932079414838,3.9818314188642616,1.0309233850620934,2.922571,3.912804277777778,33.88226591510619,10.611792694444445,11.628306222222223,9.579093344991097,96.33526585166666,98.70520725666667,2.4600974358125027,0.006358333333333333,0.005150833333333333,-18.9908256880734,0.13316666666666668,0.2050975,54.015644555694585,2.4186043598867446,-18.858289545337236,90.12123733375662,0.0449320794148349,1.887467067619176
p2pRqsRadius,2000,3000,scenario means,39.0,638.0,1.0,SPATIAL_IMBALANCE,5.256771805555556,11.63225825,89.80924388833334,0.9842842215256008,0.012864166666666668,0.1335025,5.560688157501744,1.8178345378388314,98.42842215256007,1.0377858392174646,0.8111291896905742,4.188462111111111,10.762157,91.96211871666667,1.0,0.005311666666666667,0.22951166666666667,5.6215088243730404,0.7251136363636363,100.0,4.32089739566991,0.6462871138223545,5.256771805555556,4.188462111111111,-20.32254269274948,11.63225825,10.762157,-7.480071636133079,89.80924388833334,91.96211871666667,2.3971639612178075,0.012864166666666668,0.005311666666666667,-58.70959383299864,0.1335025,0.22951166666666667,71.91563204184692,1.0937615120395705,-60.11113105895204,316.3573284954489,1.5715778474399258,3.283111556452445
p2pRqsRadius,2000,3000,scenario means,39.0,638.0,1.0,SPATIAL_ISLANDS,6.826671069444444,14.13963625,97.89044358,0.9661846917450365,0.013212499999999999,0.12421583333333334,6.145853360092778,1.9483076761769194,96.61846917450364,0.9401387574897512,0.8688573880613492,4.276762166666667,11.697948361111111,98.59505327333333,0.9985841170323929,0.007188333333333334,0.17921916666666665,6.034973699679015,0.9838733434364769,99.8584117032393,2.4931949918849985,0.5443204114698904,6.826671069444444,4.276762166666667,-37.35215710320271,14.13963625,11.697948361111111,-17.26839252239526,97.89044358,98.59505327333333,0.7197941571870592,0.013212499999999999,0.007188333333333334,-45.59444970040995,0.12421583333333334,0.17921916666666665,44.28045270664634,-1.804137748123702,-49.50113088056557,165.1943632812285,3.2399425287356536,1.5530562343952474
p2pRqsRadius,2000,3000,scenario means,1685.0,27762.0,1.0,BASELINE,3.009499111111111,34.37234145833334,410.34255519916667,0.9999463295151646,3.6842975,386.45430666666664,24.906682452272435,12.046608194742792,99.99463295151646,10.48922641742874,0.7740364669218797,4.158171611111111,35.55351238888889,416.65682566833334,0.9999973584996279,2.8825008333333333,511.40326166666665,25.28882379898933,9.416676798303032,99.99973584996279,17.74165182374911,1.0694724749498272,3.009499111111111,4.158171611111111,38.168228585251484,34.37234145833334,35.55351238888889,3.4363993852073893,410.34255519916667,416.65682566833334,1.538780316387589,3.6842975,2.8825008333333333,-21.76253862959402,386.45430666666664,511.40326166666665,32.33214194913185,1.5342924431994254,-21.83130183969524,69.14166133614819,0.005102898446324389,7.252425406320368
p2pRqsRadius,2000,3000,scenario means,1685.0,27762.0,1.0,RUSH_HOUR,16.416307416666665,46.26575101388889,327.9969715341667,0.9888867576783613,6.1569183333333335,1902.9742816666667,20.12826087171318,20.903144293625015,98.88867576783613,30.907901950948947,0.9203606302487409,16.940885902777776,46.852619680555556,336.14126075166666,0.9898282124246571,7.967884166666667,4509.5817625,20.611040136896598,26.499387831711477,98.98282124246572,56.596979426052144,0.9497704953199803,16.416307416666665,16.940885902777776,3.195471873160294,46.26575101388889,46.852619680555556,1.2684732308581692,327.9969715341667,336.14126075166666,2.4830379315412765,6.1569183333333335,7.967884166666667,29.413510709226554,1902.9742816666667,4509.5817625,136.9754444894762,2.3985145475825975,26.77225712781015,83.11491836576919,0.09414547462958467,25.689077475103197
p2pRqsRadius,2000,3000,scenario means,1685.0,27762.0,1.0,SPATIAL_IMBALANCE,48.742221666666666,73.19244287500001,364.3050042258334,0.8666127560454339,6.0543825,1009.6634725,24.211346376734543,27.31447344419142,86.66127560454339,16.676572259846484,0.9959648420093065,42.99490333333333,67.07051358333334,374.04954505250004,0.9044300062435463,7.2813025,2547.0568599999997,24.299493146353974,29.806256634647763,90.44300062435462,34.980786198623115,0.8785281146688685,48.742221666666666,42.99490333333333,-11.791252299982357,73.19244287500001,67.07051358333334,-8.364154892496034,364.3050042258334,374.04954505250004,2.6748303519393835,6.0543825,7.2813025,20.264989864779757,1009.6634725,2547.0568599999997,152.26790206575487,0.3640721513287426,9.122574504493098,109.76004932889687,3.7817250198112333,18.30421393877663
p2pRqsRadius,2000,3000,scenario means,1685.0,27762.0,1.0,SPATIAL_ISLANDS,77.53854195833334,105.49126733333333,342.58459912333336,0.8014317832528877,8.314045833333333,1300.0874391666666,23.453482641000967,42.30291199487507,80.14317832528877,15.637241665835575,0.9895959085595092,64.03000269444445,92.97922979166667,362.4847274408333,0.8447094949931561,9.55141,3023.7470083333333,24.12693676289793,44.273653499628594,84.47094949931561,31.65759828479076,0.8171913875492554,77.53854195833334,64.03000269444445,-17.421709156135456,105.49126733333333,92.97922979166667,-11.860732985727507,342.58459912333336,362.4847274408333,5.808821636589601,8.314045833333333,9.55141,14.882816278276078,1300.0874391666666,3023.7470083333333,132.58028015957927,2.8714461396007973,4.658642660326273,102.45001619407499,4.327771174026836,16.020356618955187
p2pRqsRadius,2000,3000,equal-weight normalized index,,,,ALL_NORMALIZED,,,,,,,,,,,,,,,,,,,,,,,0.8667248395116877,0.87973462296449,1.5010281071593745,,,,,,,,,,,,,,,,,
kHops,0,2,scenario means,39.0,638.0,1.0,BASELINE,3.527616888888889,11.258547555555555,108.28081563999999,0.9940229885057472,0.0087575,0.1153275,6.647000598703714,1.2222047917391248,99.40229885057472,1.3168998001712817,0.9997416691407464,3.530257138888889,11.264939777777778,108.63402383166667,0.9939707419017764,0.009494166666666666,0.14347583333333333,6.6686614429503805,1.3212719765946155,99.39707419017763,1.5111998595628895,1.0004899272495742,3.527616888888889,3.530257138888889,0.07484514569358058,11.258547555555555,11.264939777777778,0.056776615195519575,108.28081563999999,108.63402383166667,0.3261964638694437,0.0087575,0.009494166666666666,8.411837472642492,0.1153275,0.14347583333333333,24.40730383762184,0.32587396262444557,8.105612539329353,14.754354079660148,-0.00522466039709002,0.19430005939160777
kHops,0,2,scenario means,39.0,638.0,1.0,RUSH_HOUR,3.807399888888889,11.498815555555556,104.9245431,0.9927586206896551,0.0085025,0.1172825,6.44880095441317,1.1851109366147163,99.27586206896551,1.3793884151720084,1.0031520370263953,3.790287430555556,11.470488111111111,104.79678177833333,0.993307210031348,0.009385000000000001,0.15702416666666666,6.438786080589015,1.2993819996573959,99.3307210031348,1.6731397620316102,0.9986433439716654,3.807399888888889,3.790287430555556,-0.4494526141914368,11.498815555555556,11.470488111111111,-0.2463509768252492,104.9245431,104.79678177833333,-0.12176495402501653,0.0085025,0.009385000000000001,10.379300205821828,0.1172825,0.15702416666666666,33.88541910913108,-0.15529823132937048,9.64222500292642,21.29576728560325,0.05485893416928889,0.2937513468596018
kHops,0,2,scenario means,39.0,638.0,1.0,SPATIAL_IMBALANCE,6.5569411111111116,13.067436888888889,99.83496168666667,0.9535527690700104,0.011638333333333334,0.12363833333333334,6.257364803897856,1.854744860802969,95.35527690700104,1.0623371043963914,1.011747613751,6.426074888888889,12.943358472222222,100.04507655333333,0.9551985370950888,0.012581666666666666,0.16489833333333334,6.2647831484896335,1.9891445660775633,95.51985370950888,1.3106239236985033,0.9915547241382541,6.5569411111111116,6.426074888888889,-1.9958425736119945,13.067436888888889,12.943358472222222,-0.9495237491613184,99.83496168666667,100.04507655333333,0.210462209948159,0.011638333333333334,0.012581666666666666,8.10539882571959,0.12363833333333334,0.16489833333333334,33.37152716929754,0.11855381337455562,7.246263791582042,23.37175443412436,0.16457680250783824,0.24828681930211194
kHops,0,2,scenario means,39.0,638.0,1.0,SPATIAL_ISLANDS,7.988059111111111,15.69129011111111,107.86979167333332,0.9316300940438872,0.011957500000000001,0.1040375,6.837638783062385,2.0656199441525533,93.16300940438872,0.8700606314028851,1.016671830875906,7.770582583333334,15.459614277777778,108.77198512333334,0.9352324973876698,0.013414166666666668,0.14016833333333334,6.878910187458831,2.2788249030036383,93.52324973876698,1.0449276262657639,0.9889927342902508,7.988059111111111,7.770582583333334,-2.722520261214334,15.69129011111111,15.459614277777778,-1.4764613469817944,107.86979167333332,108.77198512333334,0.8363726637501623,0.011957500000000001,0.013414166666666668,12.182033591191033,0.1040375,0.14016833333333334,34.72866354279307,0.603591469304865,10.321596644853992,20.098253909146923,0.3602403343782612,0.1748669948628787
kHops,0,2,scenario means,1685.0,27762.0,1.0,BASELINE,3.8996626666666665,35.14551644444444,407.4922057,0.9995230891146172,3.4869491666666668,334.8101766666667,24.742591446847026,11.5881481615175,99.95230891146171,9.601808362085386,1.0029845503358181,3.876962222222222,35.1289945,407.66146212583334,0.9995604303244242,4.2448575,466.14955000000003,24.75215111985056,14.094335366215548,99.95604303244242,10.98151233580868,0.9971460465959561,3.8996626666666665,3.876962222222222,-0.5821130283519604,35.14551644444444,35.1289945,-0.047010105742961716,407.4922057,407.66146212583334,0.04153611368900023,3.4869491666666668,4.2448575,21.735571615970883,334.8101766666667,466.14955000000003,39.22801111989298,0.03863650670572483,21.627158798510358,14.369209649833525,0.0037341209807095765,1.379703973723295
kHops,0,2,scenario means,1685.0,27762.0,1.0,RUSH_HOUR,18.304462722222222,48.21112044444444,328.29897127333334,0.9844858679730086,4.6767475,509.04280666666665,20.22011968481212,16.573845024679258,98.44858679730086,10.88454757642286,1.0262177979370317,17.43491526388889,47.27408244444444,331.5121373041667,0.9871455286602789,9.176350000000001,4787.506731666666,20.37132335019923,31.484494222648785,98.71455286602789,52.172233313536054,0.9774676602556215,18.304462722222222,17.43491526388889,-4.7504669846314185,48.21112044444444,47.27408244444444,-1.943613820549528,328.29897127333334,331.5121373041667,0.9787316781319166,4.6767475,9.176350000000001,96.2122179997958,509.04280666666665,4787.506731666666,840.4919721813573,0.7477881819892618,89.9649367769932,379.323857489005,0.26596606872702466,41.28768573711319
kHops,0,2,scenario means,1685.0,27762.0,1.0,SPATIAL_IMBALANCE,51.856972222222225,77.30204761111112,353.86503910666664,0.8380278798357467,5.337329166666667,411.6813191666667,23.843198547556465,25.75469037464536,83.80278798357466,7.7132458259788175,1.0596095003545327,45.575810805555555,70.33475116666666,369.3736910833333,0.8794234325096656,7.875000833333333,2273.1369366666668,24.356113630262428,34.04853734978344,87.94234325096656,28.865227887277477,0.9312645927143557,51.856972222222225,45.575810805555555,-12.112472339785018,77.30204761111112,70.33475116666666,-9.013081360399832,353.86503910666664,369.3736910833333,4.382645998547452,5.337329166666667,7.875000833333333,47.545721603892076,411.6813191666667,2273.1369366666668,452.1593598825408,2.15120082015392,32.203248629628625,274.2293262592141,4.1395552673918985,21.15198206129866
kHops,0,2,scenario means,1685.0,27762.0,1.0,SPATIAL_ISLANDS,84.00524055555556,112.70075655555554,327.91519908666663,0.7610866171985687,6.761209166666666,327.1054675,22.957084935462504,39.11518677116098,76.10866171985687,4.837972904501426,1.072128005656943,71.34504475,98.88813125,356.40861541916667,0.8278856890713925,10.226211666666668,3000.7351991666665,24.03492178232416,49.288627386935836,82.78856890713925,29.34356628806985,0.9105505803621468,84.00524055555556,71.34504475,-15.07072144764937,112.70075655555554,98.88813125,-12.25601826261623,327.91519908666663,356.40861541916667,8.689263691302497,6.761209166666666,10.226211666666668,51.24826661306023,327.1054675,3000.7351991666665,817.3601475085911,4.695007444942156,26.008927620091484,506.5260568277993,6.679907187282382,24.505593383568424
kHops,0,2,equal-weight normalized index,,,,ALL_NORMALIZED,,,,,,,,,,,,,,,,,,,,,,,1.0240316256347968,0.974513701197228,-4.835585464157188,,,,,,,,,,,,,,,,,
p2pStrategy,nearest,greedy,scenario means,39.0,638.0,1.0,BASELINE,3.528528416666667,11.261375675925926,108.5057480611111,0.9940064437478231,0.009207222222222223,0.13446944444444445,6.6607303972914895,1.2838021180529904,99.4006443747823,1.4604778857177336,1.0,3.528528416666667,11.261375675925926,108.5057480611111,0.9940064437478231,0.009162777777777778,0.1355227777777778,6.6607303972914895,1.2758808743920231,99.4006443747823,1.4790577820893713,1.0,3.528528416666667,3.528528416666667,0.0,11.261375675925926,11.261375675925926,0.0,108.5057480611111,108.5057480611111,0.0,0.009207222222222223,0.009162777777777778,-0.48271284619562094,0.13446944444444445,0.1355227777777778,0.7833254146956348,0.0,-0.6170143785851234,1.2721792334778659,0.0,0.018579896371637705
p2pStrategy,nearest,greedy,scenario means,39.0,638.0,1.0,RUSH_HOUR,3.7954600648148147,11.481651185185186,104.87070683722222,0.9930485893416927,0.009004444444444445,0.14117055555555555,6.44431689640576,1.248682626059117,99.30485893416927,1.5677875123395852,1.0000062001846708,3.7954130000000004,11.481384833333333,104.87118424722222,0.9930538140020898,0.008996666666666667,0.1422461111111111,6.444323975745584,1.2479322592750541,99.30538140020899,1.5810979375077188,0.9999937998153292,3.7954600648148147,3.7954130000000004,-0.001240029245741514,11.481651185185186,11.481384833333333,-0.002319804421480054,104.87070683722222,104.87118424722222,0.00045523675238356986,0.009004444444444445,0.008996666666666667,-0.08637709772952862,0.14117055555555555,0.1422461111111111,0.7618837733710526,0.00010985399907514903,-0.06009267434360366,0.84899420765705,0.0005224660397118441,0.013310425168133522
p2pStrategy,nearest,greedy,scenario means,39.0,638.0,1.0,SPATIAL_IMBALANCE,6.480807092592593,12.994455101851852,99.95040142722222,0.9546055381400208,0.01213611111111111,0.15014777777777777,6.2608849323298275,1.9235415717008597,95.46055381400208,1.2371984435797667,1.0,6.480807092592593,12.994455101851852,99.95040142722222,0.9546055381400208,0.012205555555555556,0.15098444444444445,6.2608849323298275,1.9335324496031197,95.46055381400208,1.2370141101502048,1.0,6.480807092592593,6.480807092592593,0.0,12.994455101851852,12.994455101851852,0.0,99.95040142722222,99.95040142722222,0.0,0.01213611111111111,0.012205555555555556,0.572213321126136,0.15014777777777777,0.15098444444444445,0.5572288042151152,0.0,0.5194001548625593,-0.014899261352818716,0.0,-0.00018433342956192256
p2pStrategy,nearest,greedy,scenario means,39.0,638.0,1.0,SPATIAL_ISLANDS,7.857304925925925,15.556180268518519,108.43113282722223,0.9336903517938001,0.012814444444444444,0.12634833333333334,6.863860343847161,2.1886851821961764,93.36903517938,0.9859836989508369,1.0000302293306693,7.856829898148147,15.555842296296298,108.43082192555555,0.93369644723093,0.012786111111111111,0.12907833333333335,6.863813311752502,2.1862122071579937,93.369644723093,1.009519878340213,0.9999697706693308,7.857304925925925,7.856829898148147,-0.0060456833768873786,15.556180268518519,15.555842296296298,-0.0021725913198933355,108.43113282722223,108.43082192555555,-0.00028672730660872503,0.012814444444444444,0.012786111111111111,-0.22110465620394093,0.12634833333333334,0.12907833333333335,2.1606933213734525,-0.0006852134557311373,-0.11298907025546479,2.387075913569414,0.0006095437129971515,0.023536179389376133
p2pStrategy,nearest,greedy,scenario means,1685.0,27762.0,1.0,BASELINE,3.8879489166666663,35.13702073148148,407.5938818688889,0.999541859776353,3.9637455555555556,413.21938277777775,24.748409292935868,13.167580088730707,99.9541859776353,10.424972465717751,0.9999717999312969,3.8881682037037035,35.13718433333334,407.5979826994444,0.9995420598900175,3.945296111111111,410.1106661111111,24.748653754902737,13.106118565665726,99.95420598900175,10.394927391029514,1.000028200068703,3.8879489166666663,3.8881682037037035,0.005640172793874854,35.13702073148148,35.13718433333334,0.00046561105198072994,407.5938818688889,407.5979826994444,0.0010061069947164825,3.9637455555555556,3.945296111111111,-0.46545481252160403,413.21938277777775,410.1106661111111,-0.7523162746551293,0.0009877886048226259,-0.46676399650367184,-0.2882029164780975,2.001136644480539e-05,-0.03004507468823725
p2pStrategy,nearest,greedy,scenario means,1685.0,27762.0,1.0,RUSH_HOUR,17.828285944444442,47.69873188888889,329.82990394666666,0.9859029128545013,6.650562222222223,2316.5743333333335,20.28950025249689,23.097319499485128,98.59029128545012,34.83275933563512,0.9995215167221445,17.845355185185184,47.71630186111111,329.94033486055554,0.9858619495873656,6.738129444444445,2382.1716183333333,20.29712803626762,23.4276892261742,98.58619495873656,35.35360426026577,1.0004784832778553,17.828285944444442,17.845355185185184,0.09574246674040054,47.69873188888889,47.71630186111111,0.03683530258866696,329.82990394666666,329.94033486055554,0.03348117092096814,6.650562222222223,6.738129444444445,1.316689015097472,2316.5743333333335,2382.1716183333333,2.8316503405962923,0.03759473459574725,1.4303379519707171,1.495273227170979,-0.00409632671356519,0.5208449246306515
p2pStrategy,nearest,greedy,scenario means,1685.0,27762.0,1.0,SPATIAL_IMBALANCE,48.94566308333333,73.9820691111111,361.3059322683333,0.8585888784829783,6.662581666666666,1286.9429672222223,24.09148730070024,30.19922020011465,85.85888784829783,19.315980375308307,1.0001218231948221,48.933739101851856,73.97911186111111,361.31882363,0.8585312857703176,6.672872222222222,1299.2455049999999,24.093405481304142,30.287249245960247,85.85312857703175,19.47055872991557,0.999878176805178,48.94566308333333,48.933739101851856,-0.02436167114779897,73.9820691111111,73.97911186111111,-0.003997252355236736,361.3059322683333,361.31882363,0.0035679905906249587,6.662581666666666,6.672872222222222,0.15445297439340422,1286.9429672222223,1299.2455049999999,0.9559505037221472,0.007962068011657664,0.29149443350615645,0.8002615016365455,-0.005759271266072119,0.15457835460726344
p2pStrategy,nearest,greedy,scenario means,1685.0,27762.0,1.0,SPATIAL_ISLANDS,78.36378915740741,106.3862227962963,341.00519214444444,0.7934424953373516,8.549679444444443,1549.3094583333334,23.4497337622878,44.57285671592422,79.34424953373515,18.121257860025032,1.0001282352080132,78.34369374074075,106.3785879537037,341.05209732555556,0.7934275868693418,8.568937777777778,1559.4845016666666,23.453746820973095,44.78373924347093,79.34275868693418,18.199274427116855,0.9998717647919868,78.36378915740741,78.34369374074075,-0.025643753170612182,106.3862227962963,106.3785879537037,-0.007176533193786749,341.00519214444444,341.05209732555556,0.013754975640156708,8.549679444444443,8.568937777777778,0.22525210984194466,1549.3094583333334,1559.4845016666666,0.6567469964508632,0.01711345094992378,0.47311871637649716,0.43052511969339236,-0.001490846800976442,0.07801656709182225
p2pStrategy,nearest,greedy,equal-weight normalized index,,,,ALL_NORMALIZED,,,,,,,,,,,,,,,,,,,,,,,0.9999724755714521,1.000027524428548,0.005505037232578225,,,,,,,,,,,,,,,,,
p2pOverlayMinNeighbors,0,1,scenario means,39.0,638.0,1.0,BASELINE,3.5298645185185187,11.261426,108.50917031555556,0.9940543364681296,0.009219999999999999,0.13554000000000002,6.660727097968536,1.2835153227483096,99.40543364681295,1.4700650759219094,1.0003786569623587,3.527192314814815,11.261325351851852,108.50232580666666,0.9939585510275165,0.00915,0.13445222222222222,6.660733696614443,1.2761676696967041,99.39585510275165,1.4694231936854887,0.999621343037641,3.5298645185185187,3.527192314814815,-0.07570272710707426,11.261426,11.261325351851852,-0.0008937424811783501,108.50917031555556,108.50232580666666,-0.006307769996760637,0.009219999999999999,0.00915,-0.7592190889370798,0.13554000000000002,0.13445222222222222,-0.8025511124227558,9.906795173098004e-05,-0.5724632126613338,-0.04366352530469353,-0.009578544061298544,-0.0006418822364206989
p2pOverlayMinNeighbors,0,1,scenario means,39.0,638.0,1.0,RUSH_HOUR,3.7972178055555554,11.483803499999999,104.84770751111111,0.9930320445837688,0.008991666666666667,0.14159666666666668,6.442991774785562,1.2480178855943949,99.30320445837688,1.5747544022242816,1.0004693197035277,3.793655259259259,11.479232518518518,104.89418357333332,0.9930703587600139,0.009009444444444443,0.14182,6.445649097365782,1.2485969997397763,99.3070358760014,1.5741259172473332,0.9995306802964721,3.7972178055555554,3.793655259259259,-0.09381990917360916,11.483803499999999,11.479232518518518,-0.03980372427550005,104.84770751111111,104.89418357333332,0.04432720879212759,0.008991666666666667,0.009009444444444443,0.19771393265366477,0.14159666666666668,0.14182,0.15772499352619818,0.04124361279831401,0.04640271201767909,-0.039910031434786664,0.003831417624510891,-0.0006284849769484513
p2pOverlayMinNeighbors,0,1,scenario means,39.0,638.0,1.0,SPATIAL_IMBALANCE,6.484131814814815,12.998698074074074,100.02569898555555,0.9544827586206898,0.01215111111111111,0.1489272222222222,6.265760120397105,1.9288098903698694,95.44827586206898,1.2256263716166786,1.0005130105208688,6.477482370370371,12.99021212962963,99.87510386888889,0.9547283176593521,0.012190555555555557,0.15220499999999998,6.256009744262548,1.9282641309341095,95.47283176593521,1.2485485120539577,0.999486989479131,6.484131814814815,6.477482370370371,-0.10254949520384082,12.998698074074074,12.99021212962963,-0.0652830337014243,100.02569898555555,99.87510386888889,-0.15055642519270496,0.01215111111111111,0.012190555555555557,0.3246159473299315,0.1489272222222222,0.15220499999999998,2.2009258810231636,-0.15561361985142463,-0.02829513880474588,1.8702388401649062,0.0245559038662293,0.022922140437279026
p2pOverlayMinNeighbors,0,1,scenario means,39.0,638.0,1.0,SPATIAL_ISLANDS,7.865347018518518,15.566715055555555,108.38810673666667,0.9334918146987111,0.012784444444444445,0.12684,6.8617714900430125,2.186808050902268,93.34918146987111,0.992143229619329,1.0010537782161315,7.848787805555556,15.54530750925926,108.4738480161111,0.9338949843260187,0.012816111111111111,0.12858666666666668,6.8659021655566495,2.1880893384519022,93.38949843260187,1.0033204733625212,0.9989462217838685,7.865347018518518,7.848787805555556,-0.2105337873074653,15.566715055555555,15.54530750925926,-0.13752128319876045,108.38810673666667,108.4738480161111,0.07910580046641691,0.012784444444444445,0.012816111111111111,0.24769685381540452,0.12684,0.12858666666666668,1.3770629664669354,0.06019838345872053,0.05859167882182881,1.1265756202842425,0.040316962730756245,0.011177243743192178
p2pOverlayMinNeighbors,0,1,scenario means,1685.0,27762.0,1.0,BASELINE,3.888782537037037,35.13773041666666,407.59924298111116,0.9995426802423778,3.948932777777778,410.6960094444445,24.748719955835046,13.114261245206078,99.95426802423778,10.400177277151817,1.0001862052334463,3.8873345833333337,35.13647464814815,407.5926215872222,0.9995412394239929,3.960108888888889,412.63403944444445,24.748343092003562,13.15943740919036,99.95412394239929,10.419764986821349,0.9998137947665539,3.888782537037037,3.8873345833333337,-0.03723411350243788,35.13773041666666,35.13647464814815,-0.0035738464141510384,407.59924298111116,407.5926215872222,-0.00162448630682821,3.948932777777778,3.960108888888889,0.2830159878639549,410.6960094444445,412.63403944444445,0.4718891723884955,-0.0015227609030166178,0.34448119600176685,0.18834015178341712,-0.00014408183848502176,0.019587709669531606
p2pOverlayMinNeighbors,0,1,scenario means,1685.0,27762.0,1.0,RUSH_HOUR,17.839307833333333,47.708875453703705,329.85990914444443,0.9858906859095967,6.675335555555556,2338.2950166666665,20.29162013108411,23.197991539896254,98.58906859095967,35.02887603486266,1.0001394457330262,17.834333296296297,47.706158296296294,329.91032966277777,0.9858741765322704,6.713356111111111,2360.4509350000003,20.2950081576804,23.327017185763072,98.58741765322704,35.160520251462245,0.9998605542669737,17.839307833333333,17.834333296296297,-0.027885258124982215,47.708875453703705,47.706158296296294,-0.005695287054185982,329.85990914444443,329.91032966277777,0.015285433887402,6.675335555555556,6.713356111111111,0.5695677054603276,2338.2950166666665,2360.4509350000003,0.9475245071906224,0.016696678601335613,0.556193175796782,0.3758162736039905,-0.001650937732634361,0.13164421659958236
p2pOverlayMinNeighbors,0,1,scenario means,1685.0,27762.0,1.0,SPATIAL_IMBALANCE,48.9511140925926,74.00060644444444,361.2760289066667,0.8583916064324536,6.650033333333334,1289.6647983333335,24.091424747898316,30.168557075655386,85.83916064324536,19.393358404218525,1.0002332053475034,48.92828809259259,73.96057452777777,361.3487269916667,0.8587285578208423,6.685420555555556,1296.5236738888889,24.09346803410607,30.317912370419506,85.87285578208423,19.393300138934162,0.9997667946524967,48.9511140925926,48.92828809259259,-0.04663019508980293,74.00060644444444,73.96057452777777,-0.05409674135133935,361.2760289066667,361.3487269916667,0.020122587490800647,6.650033333333334,6.685420555555556,0.5321360126849806,1289.6647983333335,1296.5236738888889,0.5318339745660428,0.008481383849789914,0.495069400865189,-0.00030043937284673916,0.033695138838865546,-5.826528436259082e-05
p2pOverlayMinNeighbors,0,1,scenario means,1685.0,27762.0,1.0,SPATIAL_ISLANDS,78.37965529629629,106.4245075462963,340.9351371455556,0.7930813101841846,8.558161666666667,1555.4600538888888,23.447563221208352,44.68129195113851,79.30813101841846,18.17516558430156,1.0003307289064052,78.32782760185185,106.3403032037037,341.12215232444447,0.7937887720225087,8.560455555555556,1553.3339061111112,23.45591736205254,44.67530400825664,79.37887720225088,18.145458451717914,0.9996692710935946,78.37965529629629,78.32782760185185,-0.06612391219190661,106.4245075462963,106.3403032037037,-0.07912119542199392,340.9351371455556,341.12215232444447,0.054853594866943745,8.558161666666667,8.560455555555556,0.026803523679896912,1555.4600538888888,1553.3339061111112,-0.1366893204657882,0.03562903643918869,-0.013401454211359187,-0.16344903404513778,0.07074618383241216,-0.029707132583645546
p2pOverlayMinNeighbors,0,1,equal-weight normalized index,,,,ALL_NORMALIZED,,,,,,,,,,,,,,,,,,,,,,,1.0004130438279084,0.9995869561720915,-0.08257465862860913,,,,,,,,,,,,,,,,,
p2pOverlayShortcuts,0,1,scenario means,39.0,638.0,1.0,BASELINE,3.530731444444444,11.26410112962963,108.49100815666667,0.9939515848136539,0.00923111111111111,0.13478166666666666,6.66006807370333,1.286513998032629,99.39515848136539,1.4600806451612904,1.0006243474666017,3.5263253888888886,11.258650222222222,108.52048796555555,0.9940613026819924,0.009138888888888889,0.13521055555555556,6.661392720879648,1.2731689944123845,99.40613026819925,1.4795075987841946,0.9993756525333984,3.530731444444444,3.5263253888888886,-0.12479158001349466,11.26410112962963,11.258650222222222,-0.04839185430490778,108.49100815666667,108.52048796555555,0.02717258267737055,0.00923111111111111,0.009138888888888889,-0.9990370727009923,0.13478166666666666,0.13521055555555556,0.31821010935382255,0.019889393946992406,-1.0372995273002839,1.3305397676001807,0.010971786833863462,0.019426953622904142
p2pOverlayShortcuts,0,1,scenario means,39.0,638.0,1.0,RUSH_HOUR,3.800375546296296,11.487872666666666,104.81339356222222,0.9929919888540578,0.009013888888888889,0.13724833333333333,6.441044335516195,1.249544343019594,99.29919888540579,1.522631741140216,1.001301303248445,3.790497518518518,11.475163351851853,104.92849752222222,0.9931104144897249,0.008987222222222221,0.14616833333333334,6.447596536635148,1.2470705423145771,99.31104144897249,1.626401681399518,0.9986986967515549,3.800375546296296,3.790497518518518,-0.25992241181018727,11.487872666666666,11.475163351851853,-0.11063244852713705,104.81339356222222,104.92849752222222,0.10981798803382237,0.009013888888888889,0.008987222222222221,-0.2958397534668866,0.13724833333333333,0.14616833333333334,6.4991681744769325,0.10172575715436949,-0.19797622380001156,6.815169909803287,0.011842563566702324,0.10376994025930197
p2pOverlayShortcuts,0,1,scenario means,39.0,638.0,1.0,SPATIAL_IMBALANCE,6.486104462962963,12.9988585,99.95678348333333,0.9544914663880181,0.01213888888888889,0.14773944444444445,6.261453345703449,1.9260949612866474,95.4491466388018,1.2170755148741417,1.000817393620067,6.475509722222222,12.990051703703703,99.9440193711111,0.9547196098920238,0.012202777777777778,0.1533927777777778,6.260316518956204,1.9309790600173318,95.47196098920237,1.2570316412474392,0.999182606379933,6.486104462962963,6.475509722222222,-0.1633452066835961,12.9988585,12.990051703703703,-0.06775053591281388,99.95678348333333,99.9440193711111,-0.012769630811859667,0.01213888888888889,0.012202777777777778,0.5263157894736636,0.14773944444444445,0.1533927777777778,3.826556512779633,-0.01815595652446822,0.2535751782156037,3.2829619760635254,0.022814350400565786,0.039956126373297485
p2pOverlayShortcuts,0,1,scenario means,39.0,638.0,1.0,SPATIAL_ISLANDS,7.910306537037037,15.61583849074074,108.19389637277777,0.9327324973876697,0.01278722222222222,0.12279166666666666,6.852493793582626,2.1914154623193163,93.27324973876698,0.9602684971977236,1.0067759536997782,7.803828287037037,15.496184074074076,108.66805838,0.9346543016370603,0.012813333333333333,0.132635,6.8751798620170375,2.1834819270348538,93.46543016370603,1.0351326742976068,0.9932240463002217,7.910306537037037,7.803828287037037,-1.34606983308998,15.61583849074074,15.496184074074076,-0.7662375397748389,108.19389637277777,108.66805838,0.4382520854859795,0.01278722222222222,0.012813333333333333,0.20419689794499707,0.12279166666666666,0.132635,8.016287750254513,0.3310629548567645,-0.36202789570837224,7.796171312331235,0.1921804249390533,0.07486417709988324
p2pOverlayShortcuts,0,1,scenario means,1685.0,27762.0,1.0,BASELINE,3.89696912037037,35.14319721296296,407.38540947499996,0.9995279918993988,3.951522222222222,403.57318999999995,24.736032129988285,13.128328236943844,99.95279918993988,10.213106932068373,1.0022917762289982,3.879148,35.131007851851855,407.80645509333334,0.9995559277669717,3.957519444444445,419.75685888888887,24.761030917850324,13.145370417452593,99.95559277669716,10.606564662067356,0.9977082237710019,3.89696912037037,3.879148,-0.4573072000292444,35.14319721296296,35.131007851851855,-0.03468483825543878,407.38540947499996,407.80645509333334,0.1033531414087685,3.951522222222222,3.957519444444445,0.1517699227020941,403.57318999999995,419.75685888888887,4.0100951425660725,0.10106223880479437,0.12981226703938642,3.8524783165008847,0.0027935867572779216,0.39345772999898365
p2pOverlayShortcuts,0,1,scenario means,1685.0,27762.0,1.0,RUSH_HOUR,18.109602074074076,47.9910277037037,328.8820559661111,0.9850813662160107,5.956180555555555,1571.4769927777777,20.246311487680863,20.8681803769156,98.50813662160107,26.38397171005841,1.0152931688844453,17.564039055555558,47.4240060462963,330.88818284111113,0.9866834962258564,7.432511111111111,3127.2689588888893,20.34031680108365,25.656828348743723,98.66834962258564,42.07553695027551,0.9847068311155549,18.109602074074076,17.564039055555558,-3.01256215507657,47.9910277037037,47.4240060462963,-1.1815159719191448,328.8820559661111,330.88818284111113,0.6099836821765514,5.956180555555555,7.432511111111111,24.78653126420969,1571.4769927777777,3127.2689588888893,99.00189269465913,0.46430834307762403,22.94712756616446,59.47385561452438,0.16021300098456948,15.691565240217102
p2pOverlayShortcuts,0,1,scenario means,1685.0,27762.0,1.0,SPATIAL_IMBALANCE,51.169738898148154,76.42043625925926,355.53732183277776,0.8440082166670669,6.520539444444445,1082.8830699999999,23.89381591106274,30.777763467119744,84.40082166670669,16.607262009934246,1.0455670499772034,46.70966328703703,71.54074471296296,367.08743406555556,0.8731119475862289,6.814914444444445,1503.305402222222,24.291076870941648,29.708705978955155,87.31119475862289,22.05905025627614,0.9544329500227966,51.169738898148154,46.70966328703703,-8.716236797668186,76.42043625925926,71.54074471296296,-6.385322807817739,355.53732183277776,367.08743406555556,3.2486356631246327,6.520539444444445,6.814914444444445,4.514580465436935,1082.8830699999999,1503.305402222222,38.82435175777772,1.6626099462621946,-3.473473598257637,32.827736703863096,2.910373091916199,5.451788246341895
p2pOverlayShortcuts,0,1,scenario means,1685.0,27762.0,1.0,SPATIAL_ISLANDS,83.2676558425926,111.83862271296296,329.5345538161111,0.7663308759375325,8.411028333333334,1228.6435355555554,23.02260481944508,46.846288861297005,76.63308759375325,14.607530576093513,1.062714483094752,73.43982705555555,100.92618803703704,352.5227356538889,0.8205392062691609,8.707588888888889,1880.1504244444445,23.880875763815816,42.510307098098146,82.05392062691608,21.59208993942704,0.937285516905248,83.2676558425926,73.43982705555555,-11.802696602406304,111.83862271296296,100.92618803703704,-9.757304239996767,329.5345538161111,352.5227356538889,6.97595489503835,8.411028333333334,8.707588888888889,3.525853722074279,1228.6435355555554,1880.1504244444445,53.026518272795656,3.727948905441991,-9.255763623105517,47.81478516816773,5.420833033162836,6.984559363333528
p2pOverlayShortcuts,0,1,equal-weight normalized index,,,,ALL_NORMALIZED,,,,,,,,,,,,,,,,,,,,,,,1.0169231845275364,0.9830768154724636,-3.328311279558227,,,,,,,,,,,,,,,,,
idleRoamingMode,past-avg,past-avg-total,scenario means,39.0,638.0,1.0,BASELINE,3.0736046296296298,10.772420509259259,105.60900804722222,0.9987678509230233,0.007959722222222222,0.13294583333333335,6.4646926583457285,1.0911268669844594,99.87678509230233,1.6702320711917642,0.8710726588205303,3.033571388888889,10.73764550925926,113.654435125,0.9991988854057818,0.007858333333333333,0.14142500000000002,6.954148801234371,1.0741258961046332,99.91988854057819,1.7996818663838816,0.8597270676807091,3.0736046296296298,3.033571388888889,-1.3024850481685002,10.772420509259259,10.73764550925926,-0.32281509963437705,105.60900804722222,113.654435125,7.618125789213304,0.007959722222222222,0.007858333333333333,-1.2737742104344751,0.13294583333333335,0.14142500000000002,6.377910803272013,7.571220609486651,-1.558111287902908,7.750407708298335,0.04310344827585766,0.1294497951921174
idleRoamingMode,past-avg,past-avg-total,scenario means,39.0,638.0,1.0,RUSH_HOUR,3.49869212962963,11.149264953703703,103.74961019722222,0.996686694531522,0.008561111111111111,0.1406777777777778,6.364706059380233,1.176452778543763,99.6686694531522,1.6432186891628815,0.9218154749146719,3.3921426851851852,11.034328055555555,111.25931838055556,0.9975400557297108,0.008306944444444443,0.14830277777777778,6.820334092641368,1.1332455681861442,99.75400557297108,1.7852867413476012,0.8937424341630561,3.49869212962963,3.3921426851851852,-3.045407840892933,11.149264953703703,11.034328055555555,-1.0308921585899466,103.74961019722222,111.25931838055556,7.238300143063481,0.008561111111111111,0.008306944444444443,-2.9688513951979356,0.1406777777777778,0.14830277777777778,5.420187978832636,7.1586657578575075,-3.672668478126395,8.645717890239823,0.08533611981887645,0.14206805218471974
idleRoamingMode,past-avg,past-avg-total,scenario means,39.0,638.0,1.0,SPATIAL_IMBALANCE,2.9480751388888886,9.501986342592593,95.38129105277777,0.9992859630790666,0.006984722222222222,0.1731111111111111,5.8350291262222775,0.9504850028294278,99.92859630790666,2.4784251342215153,0.45489320956003576,2.9649175000000003,9.51552898148148,102.89478424444445,0.9993599791013583,0.007169444444444444,0.1807486111111111,6.294376110388987,0.9776329543526621,99.93599791013582,2.5210964742347923,0.45749201567638537,2.9480751388888886,2.9649175000000003,0.5713002660257649,9.501986342592593,9.51552898148148,0.14252429334888905,95.38129105277777,102.89478424444445,7.877323853279794,0.006984722222222222,0.007169444444444444,2.644660966394907,0.1731111111111111,0.1807486111111111,4.411906290115519,7.872231213078806,2.8562209232570135,1.7217118816332588,0.00740160222916586,0.04267134001327699
idleRoamingMode,past-avg,past-avg-total,scenario means,39.0,638.0,1.0,SPATIAL_ISLANDS,2.9673818055555556,10.399741574074074,106.14943116666667,0.9991292232671543,0.007259722222222223,0.14589722222222223,6.494912506606718,0.9897748261504672,99.91292232671543,2.00968050506983,0.37767040168314236,2.837342222222222,10.279019907407408,113.53311616388889,0.9996168582375478,0.006779166666666667,0.1765,6.943177177428763,0.9241864495327837,99.96168582375478,2.6035648432698215,0.3611197503378182,2.9673818055555556,2.837342222222222,-4.382300352784818,10.399741574074074,10.279019907407408,-1.1608141010697626,106.14943116666667,113.53311616388889,6.955934587750168,0.007259722222222223,0.006779166666666667,-6.619475798737328,0.14589722222222223,0.1765,20.975572606286754,6.901781515394756,-6.626595755397869,29.55118172773219,0.04876349703934579,0.5938843381999916
idleRoamingMode,past-avg,past-avg-total,scenario means,1685.0,27762.0,1.0,BASELINE,5.464519212962963,36.50929460648148,356.5620155986111,0.9988729098127737,4.980201388888889,408.5644291666666,21.665346754384515,16.774271980071116,99.88729098127736,8.203773246563822,1.4054621679110442,4.239608333333333,35.443524143518516,456.9257640055555,0.9993848505951379,4.026080555555556,429.7408111111111,27.74852065323437,13.503056930707572,99.9384850595138,10.673924805555997,1.0904178184835271,5.464519212962963,4.239608333333333,-22.415711829210693,36.50929460648148,35.443524143518516,-2.9191757179930833,356.5620155986111,456.9257640055555,28.147627626136675,4.980201388888889,4.026080555555556,-19.158278126302907,408.5644291666666,429.7408111111111,5.183119339986875,28.077897703708675,-19.501383149444294,30.10994434819132,0.05119407823643485,2.4701515589921748
idleRoamingMode,past-avg,past-avg-total,scenario means,1685.0,27762.0,1.0,RUSH_HOUR,22.784981828703703,52.06099803240741,301.6591603472222,0.9811486424288997,8.321977777777779,2805.996216666667,18.6595073326169,29.48789780110197,98.11486424288996,33.71790085957131,1.2774127398943345,22.589580972222222,51.89028863425926,354.5190457,0.9813297953237439,8.43093611111111,2893.5318833333336,21.92557395903093,29.876256174767384,98.13297953237439,34.320410511947244,1.2664578247079963,22.784981828703703,22.589580972222222,-0.8575861852798239,52.06099803240741,51.89028863425926,-0.3279026614931402,301.6591603472222,354.5190457,17.52304995211611,8.321977777777779,8.43093611111111,1.3092841178245385,2805.996216666667,2893.5318833333336,3.1195931821552225,17.503498716201005,1.3170093584999654,1.7869132923940656,0.01811528948442742,0.6025096523759359
idleRoamingMode,past-avg,past-avg-total,scenario means,1685.0,27762.0,1.0,SPATIAL_IMBALANCE,6.219779722222222,32.68145472222222,341.1111315930555,0.9968396048955808,4.2791041666666665,719.8618638888888,20.770061839568346,14.002721535263001,99.68396048955807,16.82272353864305,0.12709067655428805,3.3493016898148147,30.100594537037036,457.3046084027778,0.9997268448478737,4.681697222222223,1273.4784347222221,27.763241723580506,15.248998267298141,99.97268448478737,27.20121302756419,0.0684373139810974,6.219779722222222,3.3493016898148147,-46.15079891256718,32.68145472222222,30.100594537037036,-7.897017458743328,341.1111315930555,457.3046084027778,34.06323219857295,4.2791041666666665,4.681697222222223,9.408349034633744,719.8618638888888,1273.4784347222221,76.90594523823593,33.66951883932137,8.900246490631458,61.69327734050303,0.28872399522929015,10.37848948892114
idleRoamingMode,past-avg,past-avg-total,scenario means,1685.0,27762.0,1.0,SPATIAL_ISLANDS,50.35277233796297,74.04447310185185,306.10254092499997,0.9538679469938925,8.176193055555556,1625.8309902777778,19.459999720835768,28.98036149549246,95.38679469938926,19.88493886128409,0.642633924133536,22.8254437037037,50.38983627314815,444.6991327236111,0.9827202851219492,6.834075,751.6054847222222,27.442365510199664,23.29781978547985,98.27202851219492,10.99791097876775,0.2913127475672501,50.35277233796297,22.8254437037037,-54.66894344863176,74.04447310185185,50.38983627314815,-31.94652596982569,306.10254092499997,444.6991327236111,45.27783120642881,8.176193055555556,6.834075,-16.41495065534948,1625.8309902777778,751.6054847222222,-53.77099531152323,41.019352024024954,-19.608249920886813,-44.69225650886639,2.885233812805666,-8.88702788251634
idleRoamingMode,past-avg,past-avg-total,equal-weight normalized index,,,,ALL_NORMALIZED,,,,,,,,,,,,,,,,,,,,,,,0.7597564066839478,0.66108837157473,-12.98679869510635,,,,,,,,,,,,,,,,,
idleRoamingMode,random,past-avg-total,scenario means,39.0,638.0,1.0,BASELINE,2.8516956481481484,10.571052592592592,158.43206577777778,0.9998171368861024,0.006422222222222222,0.13549722222222224,9.687662980440155,0.8763819616466131,99.98171368861024,2.1098183391003467,0.8081827071813951,3.033571388888889,10.73764550925926,113.654435125,0.9991988854057818,0.007858333333333333,0.14142500000000002,6.954148801234371,1.0741258961046332,99.91988854057819,1.7996818663838816,0.8597270676807091,2.8516956481481484,3.033571388888889,6.37781036902898,10.571052592592592,10.73764550925926,1.57593499046067,158.43206577777778,113.654435125,-28.262984789698066,0.006422222222222222,0.007858333333333333,22.361591695501737,0.13549722222222224,0.14142500000000002,4.374833432419689,-28.216445852058204,22.563670079023957,-14.699676601005907,-0.06182514803205663,-0.31013647271646505
idleRoamingMode,random,past-avg-total,scenario means,39.0,638.0,1.0,RUSH_HOUR,2.968913240740741,10.644371342592594,144.93152560833335,0.9997823058167885,0.006881944444444444,0.14826944444444445,8.862444234785494,0.9380876181913916,99.97823058167884,2.1544702320887996,0.7822323507166088,3.3921426851851852,11.034328055555555,111.25931838055556,0.9975400557297108,0.008306944444444443,0.14830277777777778,6.820334092641368,1.1332455681861442,99.75400557297108,1.7852867413476012,0.8937424341630561,2.968913240740741,3.3921426851851852,14.25536585699787,10.644371342592594,11.034328055555555,3.6635015860690734,144.93152560833335,111.25931838055556,-23.233183454353767,0.006881944444444444,0.008306944444444443,20.70635721493439,0.14826944444444445,0.14830277777777778,0.022481593195577965,-23.04229045672018,20.803808323471106,-17.135696991425498,-0.22422500870776219,-0.3691834907411984
idleRoamingMode,random,past-avg-total,scenario means,39.0,638.0,1.0,SPATIAL_IMBALANCE,3.173360185185185,9.703126203703704,171.40086029444444,0.999734413096482,0.008013888888888888,0.1486263888888889,10.482296136416855,1.0943921071581337,99.97344130964821,1.8546100519930677,0.4896550907698301,2.9649175000000003,9.51552898148148,102.89478424444445,0.9993599791013583,0.007169444444444444,0.1807486111111111,6.294376110388987,0.9776329543526621,99.93599791013582,2.5210964742347923,0.45749201567638537,3.173360185185185,2.9649175000000003,-6.568516431204319,9.703126203703704,9.51552898148148,-1.9333688780695968,171.40086029444444,102.89478424444445,-39.96833850910401,0.008013888888888888,0.007169444444444444,-10.537261698440204,0.1486263888888889,0.1807486111111111,21.612731401444684,-39.95231551872009,-10.66885918143785,35.93674160913132,-0.037443399512383735,0.6664864222417246
idleRoamingMode,random,past-avg-total,scenario means,39.0,638.0,1.0,SPATIAL_ISLANDS,3.172207222222222,10.583673680555556,191.91918702916666,0.9995515499825844,0.008134722222222222,0.13368055555555555,11.740932328009881,1.1110463149266163,99.95515499825845,1.6433327642137614,0.40373934139376183,2.837342222222222,10.279019907407408,113.53311616388889,0.9996168582375478,0.006779166666666667,0.1765,6.943177177428763,0.9241864495327837,99.96168582375478,2.6035648432698215,0.3611197503378182,3.172207222222222,2.837342222222222,-10.556214539017972,10.583673680555556,10.279019907407408,-2.878525759045858,191.91918702916666,113.53311616388889,-40.84326954415722,0.008134722222222222,0.006779166666666667,-16.66382106880655,0.13368055555555555,0.1765,32.031168831168834,-40.863493771574696,-16.818368674952545,58.43199259253345,0.006530825496326997,0.9602320790560601
idleRoamingMode,random,past-avg-total,scenario means,1685.0,27762.0,1.0,BASELINE,2.748943703703704,34.145247731481476,664.4444701333333,0.9999985992043481,2.9263916666666665,448.2595527777778,40.32816570607336,9.542399796142647,99.9998599204348,15.317824947484626,0.7070221965928347,4.239608333333333,35.443524143518516,456.9257640055555,0.9993848505951379,4.026080555555556,429.7408111111111,27.74852065323437,13.503056930707572,99.9384850595138,10.673924805555997,1.0904178184835271,2.748943703703704,4.239608333333333,54.2268154717475,34.145247731481476,35.443524143518516,3.8022169944312623,664.4444701333333,456.9257640055555,-31.231911085983644,2.9263916666666665,4.026080555555556,37.57832218479149,448.2595527777778,429.7408111111111,-4.131254214641855,-31.193199176288132,41.505881321027374,-30.31696835451312,-0.0613748609210063,-4.643900141928629
idleRoamingMode,random,past-avg-total,scenario means,1685.0,27762.0,1.0,RUSH_HOUR,12.203017546296296,42.41107157407407,463.76291693888885,0.9940466184792963,4.6920375000000005,1998.797323611111,28.31588805061843,15.35783573082763,99.40466184792963,42.59977299011594,0.6841475756261267,22.589580972222222,51.89028863425926,354.5190457,0.9813297953237439,8.43093611111111,2893.5318833333336,21.92557395903093,29.876256174767384,98.13297953237439,34.320410511947244,1.2664578247079963,12.203017546296296,22.589580972222222,85.11471352492093,42.41107157407407,51.89028863425926,22.35080772158522,463.76291693888885,354.5190457,-23.555973806608645,4.6920375000000005,8.43093611111111,79.68603428917842,1998.797323611111,2893.5318833333336,44.763646076219345,-22.56794517679954,94.53428659089688,-19.435226755996293,-1.271682315555239,-8.279362478168693
idleRoamingMode,random,past-avg-total,scenario means,1685.0,27762.0,1.0,SPATIAL_IMBALANCE,52.375995208333336,74.0169855324074,745.7048681763889,0.9179796624482707,8.129684722222223,1364.6808069444444,49.33708635597404,30.122341064494687,91.79796624482707,16.786392751666433,1.070214857038856,3.3493016898148147,30.100594537037036,457.3046084027778,0.9997268448478737,4.681697222222223,1273.4784347222221,27.763241723580506,15.248998267298141,99.97268448478737,27.20121302756419,0.0684373139810974,52.375995208333336,3.3493016898148147,-93.60527341486788,74.0169855324074,30.100594537037036,-59.332855397281925,745.7048681763889,457.3046084027778,-38.67485275761845,8.129684722222223,4.681697222222223,-42.41231508738637,1364.6808069444444,1273.4784347222221,-6.683055243256975,-43.72743959125434,-49.37645040719564,62.043230073142716,8.1747182399603,10.414820275897757
idleRoamingMode,random,past-avg-total,scenario means,1685.0,27762.0,1.0,SPATIAL_ISLANDS,57.78573465277778,82.78920120370371,750.8937788124999,0.9284741233020356,8.56722361111111,1731.9588833333335,49.19080489230396,31.721657009599184,92.84741233020355,20.21610456259248,0.7374980898689509,22.8254437037037,50.38983627314815,444.6991327236111,0.9827202851219492,6.834075,751.6054847222222,27.442365510199664,23.29781978547985,98.27202851219492,10.99791097876775,0.2913127475672501,57.78573465277778,22.8254437037037,-60.499864125883406,82.78920120370371,50.38983627314815,-39.13477175705148,750.8937788124999,444.6991327236111,-40.7773582267681,8.56722361111111,6.834075,-20.22999153265165,1731.9588833333335,751.6054847222222,-56.60373395956837,-44.21240805008031,-26.555476662427267,-45.59826822859786,5.424616181991368,-9.21819358382473
idleRoamingMode,random,past-avg-total,equal-weight normalized index,,,,ALL_NORMALIZED,,,,,,,,,,,,,,,,,,,,,,,0.7103365261485455,0.66108837157473,-6.933073657473265,,,,,,,,,,,,,,,,,
