rank,kHops,p2pRequestRepublishTicks,p2pRqsRadius,p2pStrategy,p2pOverlayMinNeighbors,p2pOverlayMaxNeighbors,p2pOverlayShortcuts,p2pOverlayMaxDistanceFactor,p2pTopologyScanTicks,idleRoamingMode,groups,groupsWithin5,groupsWithin5WithTravel,meanWaitingDeltaPct,worstWaitingDeltaPct,meanDistanceDeltaPct,worstDistanceDeltaPct,meanTravelDeltaPct,worstTravelDeltaPct,worstPickupGapPoints,worstReferenceDeltaPct
1,2,15,2000,greedy,1,4,0,1,2000,past-avg-total,8,1,1,14.665221148240608,110.93683538919609,31.86862550836105,79.0920711761327,-3.26173908276966,12.947137787222008,1.6230819105251704,110.93683538919609
2,2,15,2000,nearest,1,4,0,1,2000,past-avg-total,8,1,1,14.561652555958851,110.93683538919609,31.867284028873335,79.0920711761327,-3.2898014009910295,12.705198526731621,1.6234421151213874,110.93683538919609
3,2,15,2000,greedy,0,4,0,1,2000,past-avg-total,8,1,1,14.554455950938891,110.95506471410346,31.795913054376815,79.10204802045948,-3.2968416172708195,12.801837767475831,1.6238023197175933,110.95506471410346
4,2,15,2000,nearest,0,4,0,1,2000,past-avg-total,8,1,1,14.51005981626355,110.95506471410346,31.79180567007102,79.10204802045948,-3.3108273533001213,12.67463593340703,1.619840069159284,110.95506471410346
5,1,15,2000,greedy,0,4,0,1,2000,past-avg-total,8,1,1,15.257844386759745,111.44345871057912,31.60132525304909,78.85022280744987,-3.12437447982151,14.089355522638636,1.6605431885310828,111.44345871057912
6,1,15,2000,greedy,1,4,0,1,2000,past-avg-total,8,1,1,15.25267535603085,111.44345871057912,31.665308628253893,78.85022280744987,-3.1290047405683166,14.066906166239047,1.6619840069159286,111.44345871057912
7,1,15,2000,nearest,0,4,0,1,2000,past-avg-total,8,1,1,15.310536733933171,111.44345871057912,31.606808230026118,78.85022280744987,-3.1134456552089294,14.337387167842008,1.7044881492687902,111.44345871057912
8,1,15,2000,nearest,1,4,0,1,2000,past-avg-total,8,1,1,15.324240141188916,111.44345871057912,31.668597425525824,78.85022280744987,-3.1125533524152136,14.325981656925823,1.7026871262877386,111.44345871057912
9,0,15,2000,greedy,0,4,0,1,2000,past-avg-total,8,1,1,15.567150007881903,111.58131798019078,32.24775616768627,79.65069980004351,-3.033484484118386,14.96020859967322,1.7538361789496526,111.58131798019078
10,0,15,2000,greedy,0,4,1,1,2000,past-avg-total,8,1,1,15.567150007881903,111.58131798019078,32.24775616768627,79.65069980004351,-3.033484484118386,14.96020859967322,1.7538361789496526,111.58131798019078
11,0,15,2000,greedy,1,4,0,1,2000,past-avg-total,8,1,1,15.567150007881903,111.58131798019078,32.24775616768627,79.65069980004351,-3.033484484118386,14.96020859967322,1.7538361789496526,111.58131798019078
12,0,15,2000,greedy,1,4,1,1,2000,past-avg-total,8,1,1,15.567150007881903,111.58131798019078,32.24775616768627,79.65069980004351,-3.033484484118386,14.96020859967322,1.7538361789496526,111.58131798019078
13,0,15,2000,nearest,0,4,0,1,2000,past-avg-total,8,1,1,15.567150007881903,111.58131798019078,32.24775616768627,79.65069980004351,-3.033484484118386,14.96020859967322,1.7538361789496526,111.58131798019078
14,0,15,2000,nearest,0,4,1,1,2000,past-avg-total,8,1,1,15.567150007881903,111.58131798019078,32.24775616768627,79.65069980004351,-3.033484484118386,14.96020859967322,1.7538361789496526,111.58131798019078
15,0,15,2000,nearest,1,4,0,1,2000,past-avg-total,8,1,1,15.567150007881903,111.58131798019078,32.24775616768627,79.65069980004351,-3.033484484118386,14.96020859967322,1.7538361789496526,111.58131798019078
16,0,15,2000,nearest,1,4,1,1,2000,past-avg-total,8,1,1,15.567150007881903,111.58131798019078,32.24775616768627,79.65069980004351,-3.033484484118386,14.96020859967322,1.7538361789496526,111.58131798019078
17,1,15,2000,greedy,0,4,1,1,2000,past-avg-total,8,1,1,11.339412912350829,112.22605375625369,32.48265314029727,78.79016379950934,-4.4100157365279005,11.000670422253233,1.1450904113536553,112.22605375625369
18,1,15,2000,nearest,0,4,1,1,2000,past-avg-total,8,1,1,11.22872254884703,112.22605375625369,32.48448238075236,78.79016379950934,-4.441428879790793,11.000670422253233,1.1259995677544765,112.22605375625369
19,1,15,2000,greedy,1,4,1,1,2000,past-avg-total,8,1,1,11.326183855171937,112.24542241396769,32.505199953281775,78.76897521772167,-4.407820140586038,11.000670422253233,1.14653122973849,112.24542241396769
20,1,15,2000,nearest,1,4,1,1,2000,past-avg-total,8,1,1,11.237605947159114,112.24542241396769,32.50019741272182,78.76897521772167,-4.434968257210291,11.000670422253233,1.129961818312808,112.24542241396769
21,2,15,2000,greedy,1,4,1,1,2000,past-avg-total,8,1,1,6.487079420134922,113.08030017621684,32.98963203654095,78.74180409019903,-5.889584388899505,10.960416888437074,0.5763273539370339,113.08030017621684
22,2,15,2000,nearest,1,4,1,1,2000,past-avg-total,8,1,1,6.547611774222266,113.08030017621684,32.99561593418176,78.74180409019903,-5.871974788074145,10.960416888437074,0.5817304228802,113.08030017621684
23,2,15,2000,greedy,0,4,1,1,2000,past-avg-total,8,1,1,6.407725885252297,113.1232150452695,32.99201683833158,78.76172953883082,-5.918176966274812,10.960416888437074,0.5601181471075578,113.1232150452695
24,2,15,2000,nearest,0,4,1,1,2000,past-avg-total,8,1,1,6.508988701050491,113.1232150452695,32.98009939469238,78.76172953883082,-5.892478225919443,10.960416888437074,0.5748865355521882,113.1232150452695
25,2,15,2000,greedy,0,4,1,1,2000,past-avg,8,1,1,39.76163605985697,190.40453910190195,13.961764552537192,35.71898747751931,1.1979153195458503,44.17993817236214,2.8593040847201157,190.40453910190195
26,2,15,2000,nearest,0,4,1,1,2000,past-avg,8,1,1,39.61241218833227,190.40605821231088,13.959327517328708,35.71891031306269,1.1575469254382202,43.8643272903638,2.833729558389164,190.40605821231088
27,2,15,2000,greedy,1,4,1,1,2000,past-avg,8,1,1,39.76092258710912,190.81317980190798,13.947718550334528,35.571405273757975,1.186603837005161,44.0956999546017,2.8387724227361133,190.81317980190798
28,2,15,2000,nearest,1,4,1,1,2000,past-avg,8,1,1,39.77551761802788,190.813179801908,13.930718353859204,35.571405273757975,1.1839208204778977,44.13117672360052,2.84597651466032,190.813179801908
29,1,15,3000,greedy,0,4,0,1,2000,past-avg-total,8,1,1,41.10556715765995,214.1258279151729,32.270396016070706,77.80066175415116,0.09776993957421976,23.112877676489884,0.23917585188387713,214.1258279151729
30,1,15,3000,greedy,1,4,0,1,2000,past-avg-total,8,1,1,41.07139201985544,214.1258279151729,32.27229480494776,77.80066175415116,0.08669087558693511,23.112877676489884,0.23701462430660847,214.1258279151729
31,1,15,3000,nearest,0,4,0,1,2000,past-avg-total,8,1,1,41.066490177459386,214.1258279151729,32.27078001933887,77.80066175415116,0.07817510790698967,23.112877676489884,0.24421871623081515,214.1258279151729
32,1,15,3000,nearest,1,4,0,1,2000,past-avg-total,8,1,1,41.048682852746985,214.1258279151729,32.270874601938246,77.80066175415116,0.07244589535736878,23.112877676489884,0.2416972840573406,214.1258279151729
33,2,15,3000,greedy,0,4,0,1,2000,past-avg-total,8,1,1,41.06030006044452,214.21735431731182,31.974402882777703,75.94772785300104,0.06807585788015658,23.18073061221324,0.23161155536344236,214.21735431731182
34,2,15,3000,greedy,1,4,0,1,2000,past-avg-total,8,1,1,41.05969401615953,214.21735431731182,31.974101466695505,75.94772785300104,0.06865999024945046,23.18073061221324,0.23161155536344236,214.21735431731182
35,2,15,3000,nearest,0,4,0,1,2000,past-avg-total,8,1,1,40.83815664133114,214.21735431731182,31.989202765873955,75.94772785300104,-0.008029017061224497,23.18073061221324,0.22476766803545267,214.21735431731182
36,2,15,3000,nearest,1,4,0,1,2000,past-avg-total,8,1,1,40.84386018857535,214.21735431731182,31.991834389005266,75.94772785300104,-0.006870183867513369,23.18073061221324,0.22476766803545267,214.21735431731182
37,0,15,3000,greedy,0,4,0,1,2000,past-avg-total,8,1,1,41.16278545820894,214.25102793137674,32.40802518397274,78.61049618079441,0.12270619191573595,22.875973998050057,0.28095958504430474,214.25102793137674
38,0,15,3000,greedy,0,4,1,1,2000,past-avg-total,8,1,1,41.16278545820894,214.25102793137674,32.40802518397274,78.61049618079441,0.12270619191573595,22.875973998050057,0.28095958504430474,214.25102793137674
39,0,15,3000,greedy,1,4,0,1,2000,past-avg-total,8,1,1,41.16278545820894,214.25102793137674,32.40802518397274,78.61049618079441,0.12270619191573595,22.875973998050057,0.28095958504430474,214.25102793137674
40,0,15,3000,greedy,1,4,1,1,2000,past-avg-total,8,1,1,41.16278545820894,214.25102793137674,32.40802518397274,78.61049618079441,0.12270619191573595,22.875973998050057,0.28095958504430474,214.25102793137674
41,0,15,3000,nearest,0,4,0,1,2000,past-avg-total,8,1,1,41.16278545820894,214.25102793137674,32.40802518397274,78.61049618079441,0.12270619191573595,22.875973998050057,0.28095958504430474,214.25102793137674
42,0,15,3000,nearest,0,4,1,1,2000,past-avg-total,8,1,1,41.16278545820894,214.25102793137674,32.40802518397274,78.61049618079441,0.12270619191573595,22.875973998050057,0.28095958504430474,214.25102793137674
43,0,15,3000,nearest,1,4,0,1,2000,past-avg-total,8,1,1,41.16278545820894,214.25102793137674,32.40802518397274,78.61049618079441,0.12270619191573595,22.875973998050057,0.28095958504430474,214.25102793137674
44,0,15,3000,nearest,1,4,1,1,2000,past-avg-total,8,1,1,41.16278545820894,214.25102793137674,32.40802518397274,78.61049618079441,0.12270619191573595,22.875973998050057,0.28095958504430474,214.25102793137674
45,1,15,3000,greedy,0,4,1,1,2000,past-avg-total,8,1,1,39.68428492442727,216.36892102651356,32.301619783280714,76.79656324576494,-0.4603339826230797,23.199570816963444,0.10049708234277643,216.36892102651356
46,1,15,3000,greedy,1,4,1,1,2000,past-avg-total,8,1,1,39.69987901025834,216.36892102651356,32.301449429521156,76.79656324576494,-0.4538026933158683,23.199570816963444,0.10049708234277643,216.36892102651356
47,1,15,3000,nearest,0,4,1,1,2000,past-avg-total,8,1,1,39.67946390604827,216.36892102651356,32.2968754667438,76.79656324576494,-0.4627738742855043,23.199570816963444,0.0904113536488671,216.36892102651356
48,1,15,3000,nearest,1,4,1,1,2000,past-avg-total,8,1,1,39.67174693129793,216.36892102651356,32.3010803340047,76.79656324576494,-0.4665197352438266,23.199570816963444,0.0904113536488671,216.36892102651356
49,2,15,3000,greedy,0,4,1,1,2000,past-avg-total,8,1,1,38.68375434001355,217.40166291952767,32.25332621881227,75.23566599206575,-0.8105333678761468,23.302830648236995,0.026294935523374363,217.40166291952767
50,2,15,3000,greedy,1,4,1,1,2000,past-avg-total,8,1,1,38.678738231595766,217.40166291952767,32.24948887924918,75.23566599206575,-0.8133793301259309,23.302830648236995,0.026294935523374363,217.40166291952767
51,2,15,3000,nearest,0,4,1,1,2000,past-avg-total,8,1,1,38.65381665888742,217.40166291952767,32.22482555251766,75.23566599206575,-0.8354589901445286,23.302830648236995,0.027375549312003145,217.40166291952767
52,2,15,3000,nearest,1,4,1,1,2000,past-avg-total,8,1,1,38.64135745374231,217.40166291952767,32.224465059972786,75.23566599206575,-0.8418564676708122,23.302830648236995,0.027375549312003145,217.40166291952767
53,2,15,3000,greedy,0,4,1,1,2000,random,8,0,0,95.71367122615003,218.2202812677347,63.34747153009875,147.36093735632534,15.031486922247264,58.17825765484395,3.9327137814278434,218.2202812677347
54,2,15,3000,greedy,1,4,1,1,2000,random,8,0,0,95.71367122615003,218.2202812677347,63.34747153009875,147.36093735632534,15.031486922247264,58.17825765484395,3.9327137814278434,218.2202812677347
55,2,15,3000,nearest,0,4,1,1,2000,random,8,0,0,95.67125264636121,219.35108713996146,63.326875455899156,147.36093735632534,15.006052239327403,58.4845003954735,3.9399178733520612,219.35108713996146
56,2,15,3000,nearest,1,4,1,1,2000,random,8,0,0,95.6570391165348,219.35108713996146,63.335341863673385,147.36093735632534,15.004075411311419,58.4845003954735,3.9399178733520612,219.35108713996146
57,1,15,3000,greedy,0,4,0,1,2000,past-avg,8,1,1,76.51089937369676,223.32346828045326,11.640317337948103,34.41411459714172,9.868991197002927,60.72898776034694,4.168287587349617,223.32346828045326
58,1,15,3000,nearest,1,4,0,1,2000,past-avg,8,1,1,76.5219976391174,223.38159271845709,11.635630431143905,34.41411459714172,9.864108034091716,60.740169560686155,4.144874288595924,223.38159271845709
59,1,15,3000,nearest,0,4,0,1,2000,past-avg,8,1,1,76.51881130235596,223.38617373151862,11.634651402518786,34.41411459714172,9.861876786449983,60.74219786991737,4.1380304012679225,223.38617373151862
60,1,15,3000,greedy,1,4,0,1,2000,past-avg,8,1,1,76.53901141713692,223.54830077298925,11.638413447066528,34.41411459714172,9.877496565703073,60.792130070698526,4.167567178157194,223.54830077298925
61,2,15,3000,greedy,0,4,0,1,2000,past-avg,8,1,1,75.96421526178555,224.01080593870896,11.661258929726507,34.425100713661095,9.694198651840852,59.734538318042496,4.090123189971906,224.01080593870896
62,2,15,3000,greedy,1,4,0,1,2000,past-avg,8,1,1,75.9650839074379,224.01080593870896,11.65964391127512,34.425100713661095,9.694692530522893,59.747748427612926,4.102370146243073,224.01080593870896
63,2,15,3000,nearest,0,4,0,1,2000,past-avg,8,1,1,76.15319555427166,224.15537461262684,11.62253375096678,34.41753425804699,9.74670446447141,60.05210293907977,4.0894027807794835,224.15537461262684
64,2,15,3000,nearest,1,4,0,1,2000,past-avg,8,1,1,76.13424679198542,224.15537461262684,11.6272423061779,34.41753425804699,9.740068251654998,60.02196166734179,4.084359916432534,224.15537461262684
65,1,15,3000,greedy,0,4,1,1,2000,past-avg,8,1,1,67.55138784029887,224.53730428794233,12.95791618009505,34.74563722841049,7.269537116430396,42.36478037885239,2.8103162596354703,224.53730428794233
66,1,15,3000,greedy,1,4,1,1,2000,past-avg,8,1,1,67.54879822132355,224.53730428794233,12.94914676890572,34.74563722841049,7.2681115285825,42.36478037885239,2.8103162596354703,224.53730428794233
67,1,15,3000,nearest,0,4,1,1,2000,past-avg,8,1,1,67.46772014861249,224.53730428794233,12.966671737285633,34.74563722841049,7.240492409691341,42.20294069044843,2.7861825516893646,224.53730428794233
68,1,15,3000,nearest,1,4,1,1,2000,past-avg,8,1,1,67.45991049983245,224.53730428794233,12.964410997076918,34.74563722841049,7.238605961708104,42.18826154808912,2.7807794827461985,224.53730428794233
69,2,15,3000,greedy,0,4,1,1,2000,past-avg,8,1,1,53.74866804028621,226.1565493913431,14.555567967104137,34.6906038596156,3.2792741231040243,23.045341975271217,0.930048267415895,226.1565493913431
70,2,15,3000,greedy,1,4,1,1,2000,past-avg,8,1,1,53.75945622456404,226.1565493913431,14.553803791437451,34.6906038596156,3.2889010032497477,23.045341975271217,0.9390533823211644,226.1565493913431
71,2,15,3000,nearest,0,4,1,1,2000,past-avg,8,1,1,53.780872704196256,226.1565493913431,14.538129749881481,34.6906038596156,3.2767723920294713,23.045341975271217,0.9232043800878831,226.1565493913431
72,2,15,3000,nearest,1,4,1,1,2000,past-avg,8,1,1,53.776349957342134,226.1565493913431,14.535428427165197,34.6906038596156,3.276521799861082,23.045341975271217,0.9253656076651628,226.1565493913431
73,0,15,3000,greedy,0,4,0,1,2000,past-avg,8,2,2,76.64419288903429,226.35779979839006,11.573682829612213,34.43603753170548,9.9227427346243,61.57028121314367,4.216194798645634,226.35779979839006
74,0,15,3000,greedy,0,4,1,1,2000,past-avg,8,2,2,76.64419288903429,226.35779979839006,11.573682829612213,34.43603753170548,9.9227427346243,61.57028121314367,4.216194798645634,226.35779979839006
75,0,15,3000,greedy,1,4,0,1,2000,past-avg,8,2,2,76.64419288903429,226.35779979839006,11.573682829612213,34.43603753170548,9.9227427346243,61.57028121314367,4.216194798645634,226.35779979839006
76,0,15,3000,greedy,1,4,1,1,2000,past-avg,8,2,2,76.64419288903429,226.35779979839006,11.573682829612213,34.43603753170548,9.9227427346243,61.57028121314367,4.216194798645634,226.35779979839006
77,0,15,3000,nearest,0,4,0,1,2000,past-avg,8,2,2,76.64419288903429,226.35779979839006,11.573682829612213,34.43603753170548,9.9227427346243,61.57028121314367,4.216194798645634,226.35779979839006
78,0,15,3000,nearest,0,4,1,1,2000,past-avg,8,2,2,76.64419288903429,226.35779979839006,11.573682829612213,34.43603753170548,9.9227427346243,61.57028121314367,4.216194798645634,226.35779979839006
79,0,15,3000,nearest,1,4,0,1,2000,past-avg,8,2,2,76.64419288903429,226.35779979839006,11.573682829612213,34.43603753170548,9.9227427346243,61.57028121314367,4.216194798645634,226.35779979839006
80,0,15,3000,nearest,1,4,1,1,2000,past-avg,8,2,2,76.64419288903429,226.35779979839006,11.573682829612213,34.43603753170548,9.9227427346243,61.57028121314367,4.216194798645634,226.35779979839006
81,1,15,2000,nearest,1,4,1,1,2000,past-avg,8,1,1,48.30698311694884,227.4472871671537,12.617695696720151,35.47870412969441,3.687422783695851,61.495166658414234,4.148476334558026,227.4472871671537
82,1,15,2000,greedy,1,4,1,1,2000,past-avg,8,1,1,48.23172718547657,227.44913544717608,12.649231837928387,35.61657408504084,3.6719353371180725,61.48591622605626,4.124702831208116,227.44913544717608
83,1,15,2000,greedy,0,4,1,1,2000,past-avg,8,1,1,48.294110640384034,227.5532174246316,12.648362058304198,35.622398112614384,3.689111137325554,61.53422279664471,4.12830487717023,227.5532174246316
84,1,15,2000,nearest,0,4,1,1,2000,past-avg,8,1,1,48.26632233817608,227.95221912663663,12.633280410087835,35.61792425730987,3.703618809645418,61.64061209003546,4.179093725235939,227.95221912663663
85,2,15,2000,greedy,0,4,0,1,2000,past-avg,8,1,1,55.99119331353927,271.45522003036626,11.382917992178408,34.554361352406836,5.694508892157906,73.70666576983584,5.150925725812261,271.45522003036626
86,2,15,2000,nearest,1,4,0,1,2000,past-avg,8,1,1,55.97097683620875,272.1345706604256,11.297585363811706,34.4426158483883,5.710414798339222,73.8804366890119,5.1728982061811095,272.1345706604256
87,2,15,2000,greedy,1,4,0,1,2000,past-avg,8,1,1,55.952804267268874,272.4413057701488,11.322844512565977,34.59028333327472,5.726832589030449,73.99947308702104,5.195591095742391,272.4413057701488
88,2,15,2000,nearest,0,4,0,1,2000,past-avg,8,1,1,56.07114058026295,272.4428478933576,11.358706232279816,34.52780570774108,5.732165449298172,73.96942502802348,5.176500252143212,272.4428478933576
89,1,15,2000,nearest,1,4,0,1,2000,past-avg,8,1,1,56.197050866709006,274.3315519542443,11.558799663506338,34.733952891381236,5.821823806475322,74.48260217756895,5.231611555363447,274.3315519542443
90,1,15,2000,nearest,0,4,0,1,2000,past-avg,8,1,1,56.19606477274715,274.5584028139213,11.56435705625834,34.80336091747085,5.8309602942685945,74.54748943042095,5.230530941574807,274.5584028139213
91,1,15,2000,greedy,1,4,0,1,2000,past-avg,8,1,1,56.26652352879864,274.8025798814153,11.562194875016825,34.75403936424275,5.825826918425143,74.5900242681234,5.222606440458188,274.8025798814153
92,1,15,3000,greedy,0,4,1,1,2000,random,8,0,0,108.73310806411558,274.9683792580176,63.805173191202094,147.38155769651092,18.644011370813782,73.64954655467145,5.669980548951803,274.9683792580176
93,1,15,3000,greedy,1,4,1,1,2000,random,8,0,0,108.72973173176635,274.9683792580176,63.80989464838424,147.38155769651092,18.642735235084846,73.64954655467145,5.669980548951803,274.9683792580176
94,1,15,2000,greedy,0,4,0,1,2000,past-avg,8,1,1,56.274188687058285,275.17663547268916,11.566289605164148,34.823490292722916,5.836211978274552,74.70324419113119,5.232692169152076,275.17663547268916
95,1,15,3000,nearest,0,4,1,1,2000,random,8,0,0,108.71847122508548,275.5537403744736,63.81442130564205,147.38155769651092,18.62820165586664,73.7562049463576,5.649088682371584,275.5537403744736
96,1,15,3000,nearest,1,4,1,1,2000,random,8,0,0,108.71971739503353,275.5537403744736,63.81708225383868,147.38155769651092,18.62898077640927,73.7562049463576,5.649088682371584,275.5537403744736
97,0,15,2000,greedy,0,4,0,1,2000,past-avg,8,1,1,56.42371017274243,275.8458375713374,11.515567278710968,34.77334024084513,5.864155224836061,74.90180224223619,5.253584035732295,275.8458375713374
98,0,15,2000,greedy,0,4,1,1,2000,past-avg,8,1,1,56.42371017274243,275.8458375713374,11.515567278710968,34.77334024084513,5.864155224836061,74.90180224223619,5.253584035732295,275.8458375713374
99,0,15,2000,greedy,1,4,0,1,2000,past-avg,8,1,1,56.42371017274243,275.8458375713374,11.515567278710968,34.77334024084513,5.864155224836061,74.90180224223619,5.253584035732295,275.8458375713374
100,0,15,2000,greedy,1,4,1,1,2000,past-avg,8,1,1,56.42371017274243,275.8458375713374,11.515567278710968,34.77334024084513,5.864155224836061,74.90180224223619,5.253584035732295,275.8458375713374
101,0,15,2000,nearest,0,4,0,1,2000,past-avg,8,1,1,56.42371017274243,275.8458375713374,11.515567278710968,34.77334024084513,5.864155224836061,74.90180224223619,5.253584035732295,275.8458375713374
102,0,15,2000,nearest,0,4,1,1,2000,past-avg,8,1,1,56.42371017274243,275.8458375713374,11.515567278710968,34.77334024084513,5.864155224836061,74.90180224223619,5.253584035732295,275.8458375713374
103,0,15,2000,nearest,1,4,0,1,2000,past-avg,8,1,1,56.42371017274243,275.8458375713374,11.515567278710968,34.77334024084513,5.864155224836061,74.90180224223619,5.253584035732295,275.8458375713374
104,0,15,2000,nearest,1,4,1,1,2000,past-avg,8,1,1,56.42371017274243,275.8458375713374,11.515567278710968,34.77334024084513,5.864155224836061,74.90180224223619,5.253584035732295,275.8458375713374
105,2,15,3000,greedy,0,4,1,1,2000,past-avg-revisit,8,1,1,121.02370617578049,293.4164022155598,2.5063739407172174,25.555166650132556,22.16569580411469,79.24351559258636,5.894748216987244,293.4164022155598
106,2,15,3000,greedy,1,4,1,1,2000,past-avg-revisit,8,1,1,120.92901452993647,293.4164022155598,2.512356128628087,25.555166650132556,22.132894618241163,79.24351559258636,5.894748216987244,293.4164022155598
107,2,15,3000,nearest,0,4,1,1,2000,past-avg-revisit,8,1,1,121.29960471636727,293.8004702311462,2.4493399141878958,25.555166650132556,22.214444645410644,79.27584009327747,5.883942079100935,293.8004702311462
108,2,15,3000,nearest,1,4,1,1,2000,past-avg-revisit,8,1,1,121.33889308198437,293.8004702311462,2.449818698122826,25.555166650132556,22.225004116357322,79.27584009327747,5.883942079100935,293.8004702311462
109,2,15,2000,greedy,0,4,1,1,2000,random,8,0,0,76.31320216612514,295.1993654564733,73.5865963357211,144.07521161761247,13.456603185092348,79.10082889592951,6.2999783877242255,295.1993654564733
110,2,15,2000,greedy,1,4,1,1,2000,random,8,0,0,76.34271876991323,295.19957415128346,73.6203418081252,144.07521161761247,13.461549266352183,79.10079452187584,6.2999783877242255,295.19957415128346
111,2,15,2000,nearest,0,4,1,1,2000,random,8,0,0,76.41333503198172,296.26683941031746,73.56422689723695,144.07521161761247,13.477668722665433,79.39674223344042,6.360132555291409,296.26683941031746
112,2,15,2000,nearest,1,4,1,1,2000,random,8,0,0,76.41257880028903,296.2688846194569,73.5994497699783,144.07521161761247,13.474353541023007,79.39729651505533,6.360132555291409,296.2688846194569
113,2,15,3000,greedy,0,4,0,1,2000,random,8,0,0,116.64270473835573,299.86621271371564,64.14786896204463,147.3488131108257,20.990551130954916,80.4678291513287,6.563648152150425,299.86621271371564
114,2,15,3000,greedy,1,4,0,1,2000,random,8,0,0,116.63878364316291,299.86621271371564,64.1472700329223,147.3488131108257,20.9890519755911,80.4678291513287,6.563648152150425,299.86621271371564
115,2,15,3000,nearest,0,4,0,1,2000,random,8,0,0,116.57064671583497,300.03475464238136,64.16586099258245,147.3488131108257,20.94217663479251,80.47222903019453,6.557884878611042,300.03475464238136
116,2,15,3000,nearest,1,4,0,1,2000,random,8,0,0,116.57036286047051,300.03475464238136,64.16020379206834,147.3488131108257,20.942154622464912,80.47222903019453,6.557884878611042,300.03475464238136
117,1,15,3000,nearest,0,4,0,1,2000,random,8,0,0,117.17495313080393,300.9740204178654,64.2409094722733,147.3358118910894,21.168959316826147,80.70034814041527,6.533390966068719,300.9740204178654
118,1,15,3000,nearest,1,4,0,1,2000,random,8,0,0,117.17495313080393,300.9740204178654,64.2409094722733,147.3358118910894,21.168959316826147,80.70034814041527,6.533390966068719,300.9740204178654
119,1,15,3000,greedy,0,4,0,1,2000,random,8,0,0,117.43005406453027,301.6545463677434,64.28657634116793,147.3358118910894,21.249112026978267,80.92337989069742,6.592104315251057,301.6545463677434
120,1,15,3000,greedy,1,4,0,1,2000,random,8,0,0,117.43006803280831,301.6545463677434,64.28657191467546,147.3358118910894,21.24912853622397,80.92337989069742,6.592104315251057,301.6545463677434
121,0,15,3000,greedy,0,4,0,1,2000,random,8,0,0,117.45003699762174,302.45671356595574,64.27493600320683,147.35434512535375,21.238412950769497,81.11954831806038,6.617318636985803,302.45671356595574
122,0,15,3000,greedy,0,4,1,1,2000,random,8,0,0,117.45003699762174,302.45671356595574,64.27493600320683,147.35434512535375,21.238412950769497,81.11954831806038,6.617318636985803,302.45671356595574
123,0,15,3000,greedy,1,4,0,1,2000,random,8,0,0,117.45003699762174,302.45671356595574,64.27493600320683,147.35434512535375,21.238412950769497,81.11954831806038,6.617318636985803,302.45671356595574
124,0,15,3000,greedy,1,4,1,1,2000,random,8,0,0,117.45003699762174,302.45671356595574,64.27493600320683,147.35434512535375,21.238412950769497,81.11954831806038,6.617318636985803,302.45671356595574
125,0,15,3000,nearest,0,4,0,1,2000,random,8,0,0,117.45003699762174,302.45671356595574,64.27493600320683,147.35434512535375,21.238412950769497,81.11954831806038,6.617318636985803,302.45671356595574
126,0,15,3000,nearest,0,4,1,1,2000,random,8,0,0,117.45003699762174,302.45671356595574,64.27493600320683,147.35434512535375,21.238412950769497,81.11954831806038,6.617318636985803,302.45671356595574
127,0,15,3000,nearest,1,4,0,1,2000,random,8,0,0,117.45003699762174,302.45671356595574,64.27493600320683,147.35434512535375,21.238412950769497,81.11954831806038,6.617318636985803,302.45671356595574
128,0,15,3000,nearest,1,4,1,1,2000,random,8,0,0,117.45003699762174,302.45671356595574,64.27493600320683,147.35434512535375,21.238412950769497,81.11954831806038,6.617318636985803,302.45671356595574
129,2,15,1000,greedy,0,4,1,1,2000,past-avg-total,8,1,1,46.79226702696482,330.0135707196533,42.66421221228146,76.57585787312358,-1.90709294044078,35.33496259260873,2.9399899142713126,330.0135707196533
130,2,15,1000,nearest,0,4,1,1,2000,past-avg-total,8,1,1,46.7252338567102,330.0135707196533,42.65705492127614,76.57585787312358,-1.9351613310858742,35.223043919457034,2.9385490958864557,330.0135707196533
131,2,15,1000,greedy,1,4,1,1,2000,past-avg-total,8,1,1,46.35674094864031,330.2501721658463,42.62925300805355,76.31642804754452,-2.014555567490669,34.75182368862353,2.9136949787479383,330.2501721658463
132,2,15,1000,nearest,1,4,1,1,2000,past-avg-total,8,1,1,46.38731325370466,330.3899303234692,42.626798606858316,76.31642804754452,-2.0164452445966603,34.77450794112893,2.9068510914199264,330.3899303234692
133,1,15,2000,nearest,0,4,1,1,2000,random,8,0,0,88.88383027040597,331.7766370055689,73.95599996330166,144.11350882743093,17.270639793183616,89.12270454366555,7.736114112816084,331.7766370055689
134,1,15,2000,nearest,1,4,1,1,2000,random,8,0,0,88.88162321260884,331.8793287651431,73.97553599764808,144.11350882743093,17.264918580201538,89.14801244065754,7.73251206685398,331.8793287651431
135,1,15,2000,greedy,1,4,1,1,2000,random,8,0,0,88.53071323483343,332.6827620452035,73.96466648274364,144.11350882743093,17.139705037681175,89.42886994267442,7.808155032058217,332.6827620452035
136,1,15,2000,greedy,0,4,1,1,2000,random,8,0,0,88.53587977920199,332.7392209478389,73.9560562070031,144.11350882743093,17.14225424106816,89.43162846047896,7.793746848209782,332.7392209478389
137,1,15,1000,greedy,1,4,1,1,2000,past-avg-total,8,1,1,50.77029534764835,337.6714062911426,42.27574379182435,76.3511476090137,-0.9724162946004427,41.0637057627248,3.353144586124923,337.6714062911426
138,1,15,1000,nearest,1,4,1,1,2000,past-avg-total,8,1,1,50.71774913741156,337.6714062911426,42.281751113488816,76.3511476090137,-0.9790962088710033,40.96211506121019,3.3794395216482975,337.6714062911426
139,2,15,1000,nearest,1,4,0,1,2000,past-avg-total,8,1,1,52.77117016380535,338.75845638127646,41.9652767796767,76.66959454889088,-0.29900892842702476,45.6180392453974,3.723434911029466,338.75845638127646
140,2,15,1000,greedy,1,4,0,1,2000,past-avg-total,8,1,1,52.72260575410435,338.76567215571896,41.97614318084828,76.66959454889088,-0.31276508797685754,45.52368930955759,3.712628773143145,338.76567215571896
141,0,15,1000,greedy,0,4,0,1,2000,past-avg-total,8,1,1,53.47676734896642,340.3165572907173,41.95397904922885,75.8972645929076,-0.1644325346491886,46.820983216934245,3.8365391542396043,340.3165572907173
142,0,15,1000,greedy,0,4,1,1,2000,past-avg-total,8,1,1,53.47676734896642,340.3165572907173,41.95397904922885,75.8972645929076,-0.1644325346491886,46.820983216934245,3.8365391542396043,340.3165572907173
143,0,15,1000,greedy,1,4,0,1,2000,past-avg-total,8,1,1,53.47676734896642,340.3165572907173,41.95397904922885,75.8972645929076,-0.1644325346491886,46.820983216934245,3.8365391542396043,340.3165572907173
144,0,15,1000,greedy,1,4,1,1,2000,past-avg-total,8,1,1,53.47676734896642,340.3165572907173,41.95397904922885,75.8972645929076,-0.1644325346491886,46.820983216934245,3.8365391542396043,340.3165572907173
145,0,15,1000,nearest,0,4,0,1,2000,past-avg-total,8,1,1,53.47676734896642,340.3165572907173,41.95397904922885,75.8972645929076,-0.1644325346491886,46.820983216934245,3.8365391542396043,340.3165572907173
146,0,15,1000,nearest,0,4,1,1,2000,past-avg-total,8,1,1,53.47676734896642,340.3165572907173,41.95397904922885,75.8972645929076,-0.1644325346491886,46.820983216934245,3.8365391542396043,340.3165572907173
147,0,15,1000,nearest,1,4,0,1,2000,past-avg-total,8,1,1,53.47676734896642,340.3165572907173,41.95397904922885,75.8972645929076,-0.1644325346491886,46.820983216934245,3.8365391542396043,340.3165572907173
148,0,15,1000,nearest,1,4,1,1,2000,past-avg-total,8,1,1,53.47676734896642,340.3165572907173,41.95397904922885,75.8972645929076,-0.1644325346491886,46.820983216934245,3.8365391542396043,340.3165572907173
149,2,15,1000,greedy,0,4,0,1,2000,past-avg-total,8,1,1,52.973895829087255,342.05467278361795,41.98901620047474,76.6150652671318,-0.32182319332866527,45.54780530975564,3.725596138606724,342.05467278361795
150,2,15,1000,nearest,0,4,0,1,2000,past-avg-total,8,1,1,53.067415482535765,342.05467278361795,41.98268090570178,76.6150652671318,-0.29250636423422804,45.690390974501184,3.718392046682517,342.05467278361795
151,1,15,1000,greedy,1,4,0,1,2000,past-avg-total,8,1,1,53.76673980081438,342.80321443762534,41.97968394290002,75.9733028624763,-0.17304935731320015,46.00001014154618,3.743246163821057,342.80321443762534
152,1,15,1000,nearest,1,4,0,1,2000,past-avg-total,8,1,1,53.82431073290276,342.8035942152276,41.97315603427592,75.9733028624763,-0.15383096647439753,46.104084030465216,3.7385635040703136,342.8035942152276
153,1,15,1000,greedy,0,4,1,1,2000,past-avg-total,8,1,1,51.407743311350266,342.80448036296616,42.29579454315158,76.61073851684472,-0.954667704417651,41.099458441435274,3.3797997262445034,342.80448036296616
154,1,15,1000,nearest,0,4,1,1,2000,past-avg-total,8,1,1,51.30110536430373,342.83992627250814,42.32059626369204,76.61073851684472,-0.9954511516068507,40.79007789900571,3.3444996758158596,342.83992627250814
155,1,15,1000,greedy,0,4,0,1,2000,past-avg-total,8,1,1,53.67038911521159,344.0553411921979,41.99869595290742,75.86909296619311,-0.19346571330040163,46.13307319273174,3.7605359844391617,344.0553411921979
156,1,15,1000,nearest,0,4,0,1,2000,past-avg-total,8,1,1,53.644732816650205,344.0553411921979,42.0080638659472,75.86909296619311,-0.20826270684412318,46.06138886684925,3.7403645270513652,344.0553411921979
157,2,15,2000,nearest,1,4,0,1,2000,random,8,0,0,96.39567968722076,350.6771520504474,74.82269655281208,144.03729211340868,19.74746026804585,94.36149078208192,8.566385707081626,350.6771520504474
158,2,15,2000,nearest,0,4,0,1,2000,random,8,0,0,96.41625650340137,350.7073432329804,74.82611886351516,144.03729211340868,19.74912148018647,94.38174998994559,8.576471435775524,350.7073432329804
159,2,15,2000,greedy,1,4,0,1,2000,random,8,0,0,96.14157270794338,350.9685178313715,74.85295661813679,144.03729211340868,19.678518679297003,94.41987081543164,8.561703047330893,350.9685178313715
160,2,15,2000,greedy,0,4,0,1,2000,random,8,0,0,96.11479630814134,351.02180457289285,74.87696323803736,144.03729211340868,19.6672637700743,94.44416038108454,8.571068366832357,351.02180457289285
161,1,15,2000,greedy,0,4,0,1,2000,random,8,0,0,96.6322297884326,352.63893891767253,74.95023480457847,143.9739050095604,19.8154353558857,94.91260139056801,8.673366472156186,352.63893891767253
162,1,15,2000,greedy,1,4,0,1,2000,random,8,0,0,96.67170251576486,352.63893891767253,74.92388290785651,143.9739050095604,19.834213376901133,94.91260139056801,8.673366472156186,352.63893891767253
163,0,15,2000,greedy,0,4,0,1,2000,random,8,0,0,96.79027888437082,352.940516831306,74.61222223004822,144.03904666034592,19.86955171686617,95.0004142073464,8.660399106692596,352.940516831306
164,0,15,2000,greedy,0,4,1,1,2000,random,8,0,0,96.79027888437082,352.940516831306,74.61222223004822,144.03904666034592,19.86955171686617,95.0004142073464,8.660399106692596,352.940516831306
165,0,15,2000,greedy,1,4,0,1,2000,random,8,0,0,96.79027888437082,352.940516831306,74.61222223004822,144.03904666034592,19.86955171686617,95.0004142073464,8.660399106692596,352.940516831306
166,0,15,2000,greedy,1,4,1,1,2000,random,8,0,0,96.79027888437082,352.940516831306,74.61222223004822,144.03904666034592,19.86955171686617,95.0004142073464,8.660399106692596,352.940516831306
167,0,15,2000,nearest,0,4,0,1,2000,random,8,0,0,96.79027888437082,352.940516831306,74.61222223004822,144.03904666034592,19.86955171686617,95.0004142073464,8.660399106692596,352.940516831306
168,0,15,2000,nearest,0,4,1,1,2000,random,8,0,0,96.79027888437082,352.940516831306,74.61222223004822,144.03904666034592,19.86955171686617,95.0004142073464,8.660399106692596,352.940516831306
169,0,15,2000,nearest,1,4,0,1,2000,random,8,0,0,96.79027888437082,352.940516831306,74.61222223004822,144.03904666034592,19.86955171686617,95.0004142073464,8.660399106692596,352.940516831306
170,0,15,2000,nearest,1,4,1,1,2000,random,8,0,0,96.79027888437082,352.940516831306,74.61222223004822,144.03904666034592,19.86955171686617,95.0004142073464,8.660399106692596,352.940516831306
171,1,15,2000,nearest,0,4,0,1,2000,random,8,0,0,96.58154110788206,352.96162283310446,74.88767324032918,143.9739050095604,19.776258484100925,95.02039412602423,8.674086881348597,352.96162283310446
172,1,15,2000,nearest,1,4,0,1,2000,random,8,0,0,96.59803907991851,352.9649480370792,74.87726377717262,143.9739050095604,19.7838051366587,95.02012772710854,8.673006267559968,352.9649480370792
173,2,15,1000,greedy,1,4,1,1,2000,random,8,0,0,78.0123875259057,367.9501814879634,177.54999187000354,276.26097275576643,17.586964064019988,102.08453888477594,9.585404509761542,367.9501814879634
174,2,15,1000,nearest,1,4,1,1,2000,random,8,0,0,77.89112802608274,368.2764132151675,177.54532543199102,276.26097275576643,17.558908319279517,101.8016419461508,9.569555507528282,368.2764132151675
175,2,15,1000,greedy,0,4,1,1,2000,random,8,0,0,78.23100066237082,368.99910942968023,177.64782167511146,276.26097275576643,17.667277158068458,102.38800601095406,9.619984150997773,368.99910942968023
176,2,15,1000,nearest,0,4,1,1,2000,random,8,0,0,78.46844390200424,369.35785580830355,177.52961309251495,276.26097275576643,17.73954839828298,102.85512860971933,9.613860672862184,369.35785580830355
177,1,15,1000,greedy,1,4,1,1,2000,random,8,0,0,83.77185306111943,381.8286089697864,178.33340615056892,277.00346632878745,19.49561956072301,113.52304711106127,10.604783517037674,381.8286089697864
178,1,15,1000,greedy,0,4,1,1,2000,random,8,0,0,83.44471580765764,382.38930235968434,178.14062385782069,277.00346632878745,19.38968190304655,112.84007363359069,10.481233340537422,382.38930235968434
179,1,15,1000,nearest,0,4,1,1,2000,random,8,0,0,83.51165933119728,382.8849664467441,178.0703156731827,277.00346632878745,19.396818943534722,112.66019914417286,10.45277717743679,382.8849664467441
180,1,15,1000,nearest,1,4,1,1,2000,random,8,0,0,83.96291706482381,384.0105827746921,178.2706149225392,277.00346632878745,19.518320979889083,113.12871247702496,10.528780347237232,384.0105827746921
181,1,15,1000,greedy,0,4,0,1,2000,random,8,0,0,88.04348392236926,401.1402867215254,178.0515489203261,274.91392554253594,20.892703054165764,121.1247698018163,11.766803544413229,401.1402867215254
182,2,15,1000,nearest,1,4,0,1,2000,random,8,0,0,87.97190320497063,401.78247898573653,176.7822898601958,271.60329528159804,20.895753222600497,121.29108370175979,11.793458684532808,401.78247898573653
183,2,15,1000,nearest,0,4,0,1,2000,random,8,0,0,87.98890898991158,401.9781472069995,177.3886037959105,274.2401314120666,20.90625692753048,121.51505527440935,11.855053670484839,401.9781472069995
184,2,15,1000,greedy,0,4,0,1,2000,random,8,0,0,88.01610785311189,402.02255128410104,177.38135566700615,274.2401314120666,20.916378468649746,121.53668435869336,11.861897557812828,402.02255128410104
185,1,15,1000,nearest,0,4,0,1,2000,random,8,0,0,88.25871407741775,402.4576341335365,178.1176757705042,274.91392554253594,20.946951923985097,121.46668159064787,11.802824004034296,402.4576341335365
186,1,15,1000,nearest,1,4,0,1,2000,random,8,0,0,88.28961632620295,402.648914107139,177.11913344625225,272.59826485676166,20.98030914561627,121.67377420026453,11.82623730278799,402.648914107139
187,1,15,1000,greedy,1,4,0,1,2000,random,8,0,0,88.28393460703629,402.8811623980469,177.1304055084752,272.3457180863707,20.988742748320657,121.78699412327232,11.85577407967726,402.8811623980469
188,2,15,1000,greedy,1,4,0,1,2000,random,8,0,0,88.103884232165,402.97359907744743,176.7783150001894,271.60329528159804,20.939281285538527,121.68040721887188,11.845688350983352,402.97359907744743
189,0,15,1000,greedy,0,4,0,1,2000,random,8,0,0,88.24776280045867,403.9217553897774,177.36696142512434,273.59192048093297,20.979358437243455,122.1374031855193,11.927094589726972,403.9217553897774
190,0,15,1000,greedy,0,4,1,1,2000,random,8,0,0,88.24776280045867,403.9217553897774,177.36696142512434,273.59192048093297,20.979358437243455,122.1374031855193,11.927094589726972,403.9217553897774
191,0,15,1000,greedy,1,4,0,1,2000,random,8,0,0,88.24776280045867,403.9217553897774,177.36696142512434,273.59192048093297,20.979358437243455,122.1374031855193,11.927094589726972,403.9217553897774
192,0,15,1000,greedy,1,4,1,1,2000,random,8,0,0,88.24776280045867,403.9217553897774,177.36696142512434,273.59192048093297,20.979358437243455,122.1374031855193,11.927094589726972,403.9217553897774
193,0,15,1000,nearest,0,4,0,1,2000,random,8,0,0,88.24776280045867,403.9217553897774,177.36696142512434,273.59192048093297,20.979358437243455,122.1374031855193,11.927094589726972,403.9217553897774
194,0,15,1000,nearest,0,4,1,1,2000,random,8,0,0,88.24776280045867,403.9217553897774,177.36696142512434,273.59192048093297,20.979358437243455,122.1374031855193,11.927094589726972,403.9217553897774
195,0,15,1000,nearest,1,4,0,1,2000,random,8,0,0,88.24776280045867,403.9217553897774,177.36696142512434,273.59192048093297,20.979358437243455,122.1374031855193,11.927094589726972,403.9217553897774
196,0,15,1000,nearest,1,4,1,1,2000,random,8,0,0,88.24776280045867,403.9217553897774,177.36696142512434,273.59192048093297,20.979358437243455,122.1374031855193,11.927094589726972,403.9217553897774
197,2,15,2000,greedy,1,4,1,1,2000,past-avg-revisit,8,1,1,167.24893750223282,407.5760431159507,-10.674757809858543,11.077103769223307,40.83677160613612,122.06051013170294,10.814062387436064,407.5760431159507
198,2,15,2000,greedy,0,4,1,1,2000,past-avg-revisit,8,1,1,167.84995064403836,409.42910825591537,-10.728734796017903,11.215357935685667,41.052606239895105,122.84222200083161,10.91744110654852,409.42910825591537
199,2,15,2000,nearest,1,4,1,1,2000,past-avg-revisit,8,1,1,167.53346293161167,410.58233293759736,-10.712477393607006,11.077103769223307,40.91997247876074,122.91577431003185,10.876377782580505,410.58233293759736
200,2,15,2000,nearest,0,4,1,1,2000,past-avg-revisit,8,1,1,168.00289647093945,410.6495967234417,-10.77182023763935,11.215357935685667,41.13734683125322,123.40310170240767,11.043512715222247,410.6495967234417
201,2,15,3000,greedy,1,4,1,1,2000,none,8,1,1,166.4005324533918,440.42344733496026,-3.0878784098396173,22.95483061870678,36.66254528123811,134.69814433567802,12.598515957063604,440.42344733496026
202,2,15,3000,greedy,0,4,1,1,2000,none,8,1,1,166.31580842003095,440.4338820754671,-3.0879872269835977,22.95483061870678,36.64709835203197,134.66984121918085,12.597435343274977,440.4338820754671
203,2,15,3000,nearest,0,4,1,1,2000,none,8,1,1,166.45875819122435,441.02448838815116,-3.1123512654837633,22.95483061870678,36.652814583562716,134.56977174958973,12.55276997334487,441.02448838815116
204,2,15,3000,nearest,1,4,1,1,2000,none,8,1,1,166.31147568567258,441.0324883558731,-3.0945004660184017,22.95483061870678,36.59750527677092,134.04650152451305,12.477487212736838,441.0324883558731
205,2,15,1000,greedy,1,4,1,1,2000,past-avg,8,1,1,92.70640494161074,511.30091551720636,21.326369443982212,55.69850270689254,5.2625445615902295,70.52851027249143,4.956055039262308,511.30091551720636
206,2,15,1000,nearest,1,4,1,1,2000,past-avg,8,1,1,92.75430871328152,511.30091551720636,21.321570088812496,55.69850270689254,5.271895935337801,70.53188830220378,4.941286650817666,511.30091551720636
207,2,15,1000,greedy,0,4,1,1,2000,past-avg,8,1,1,92.81499625355235,512.5111401429989,21.341359502760266,55.75118052257264,5.249904467876433,70.5966413287096,4.95389381168504,512.5111401429989
208,2,15,1000,nearest,0,4,1,1,2000,past-avg,8,1,1,92.81131729197173,512.5111401429989,21.34383395354393,55.75118052257264,5.243301242702255,70.64391137362472,4.962178517397875,512.5111401429989
209,1,15,1000,greedy,1,4,1,1,2000,past-avg,8,1,1,97.09474858148789,518.0620961698163,20.697743965416663,55.5545966828584,6.335647192318876,76.47042725140835,5.465744542900374,518.0620961698163
210,1,15,1000,nearest,1,4,1,1,2000,past-avg,8,1,1,97.17055452399053,518.0620961698163,20.679641308230938,55.5545966828584,6.361982635783714,76.59687219802504,5.4787119083639535,518.0620961698163
211,1,15,1000,nearest,0,4,1,1,2000,past-avg,8,1,1,97.13658522620045,519.2069990480242,20.74286726569887,55.71920758986755,6.313615367132189,76.40800827192231,5.474749657805644,519.2069990480242
212,1,15,1000,greedy,0,4,1,1,2000,past-avg,8,1,1,97.24884649326796,519.2221901521136,20.71920882832353,55.71920758986755,6.3481125416956115,76.66441042121421,5.468626179670055,519.2221901521136
213,2,15,1000,nearest,0,4,0,1,2000,past-avg,8,1,1,102.93910900108618,532.1403252921755,20.01492636030286,56.17332236583985,7.570256153150712,83.0064859661881,6.066205604783514,532.1403252921755
214,2,15,1000,greedy,0,4,0,1,2000,past-avg,8,1,1,102.938656062008,532.4568066273724,20.03198119275782,56.17332236583985,7.555626107270728,82.97484210507477,6.074850515092578,532.4568066273724
215,2,15,1000,nearest,1,4,0,1,2000,past-avg,8,1,1,103.23601802583491,533.3925786392822,19.98674998150797,56.17077366052412,7.588780448438753,82.94517062554849,6.046754556588141,533.3925786392822
216,1,15,1000,nearest,0,4,0,1,2000,past-avg,8,1,1,103.31655229355293,534.0268072350165,20.057363013087617,56.17332236583985,7.624817318303419,83.11583196770455,6.065845400187309,534.0268072350165
217,1,15,1000,nearest,1,4,0,1,2000,past-avg,8,1,1,103.52264119600785,534.1007372749184,20.01817189448476,56.143854503841986,7.65252483896451,83.25902537951755,6.040991283048768,534.1007372749184
218,0,15,1000,greedy,0,4,0,1,2000,past-avg,8,1,1,103.05816685227907,534.5406463308419,20.030253748223608,56.10784759078224,7.560608324400186,83.1729378209874,6.08853828974858,534.5406463308419
219,0,15,1000,greedy,0,4,1,1,2000,past-avg,8,1,1,103.05816685227907,534.5406463308419,20.030253748223608,56.10784759078224,7.560608324400186,83.1729378209874,6.08853828974858,534.5406463308419
220,0,15,1000,greedy,1,4,0,1,2000,past-avg,8,1,1,103.05816685227907,534.5406463308419,20.030253748223608,56.10784759078224,7.560608324400186,83.1729378209874,6.08853828974858,534.5406463308419
221,0,15,1000,greedy,1,4,1,1,2000,past-avg,8,1,1,103.05816685227907,534.5406463308419,20.030253748223608,56.10784759078224,7.560608324400186,83.1729378209874,6.08853828974858,534.5406463308419
222,0,15,1000,nearest,0,4,0,1,2000,past-avg,8,1,1,103.05816685227907,534.5406463308419,20.030253748223608,56.10784759078224,7.560608324400186,83.1729378209874,6.08853828974858,534.5406463308419
223,0,15,1000,nearest,0,4,1,1,2000,past-avg,8,1,1,103.05816685227907,534.5406463308419,20.030253748223608,56.10784759078224,7.560608324400186,83.1729378209874,6.08853828974858,534.5406463308419
224,0,15,1000,nearest,1,4,0,1,2000,past-avg,8,1,1,103.05816685227907,534.5406463308419,20.030253748223608,56.10784759078224,7.560608324400186,83.1729378209874,6.08853828974858,534.5406463308419
225,0,15,1000,nearest,1,4,1,1,2000,past-avg,8,1,1,103.05816685227907,534.5406463308419,20.030253748223608,56.10784759078224,7.560608324400186,83.1729378209874,6.08853828974858,534.5406463308419
226,1,15,1000,greedy,0,4,0,1,2000,past-avg,8,1,1,103.56966576122196,534.6541998339105,20.026194600078302,56.17332236583985,7.682257728013727,83.50444706798955,6.105467905770478,534.6541998339105
227,1,15,1000,greedy,1,4,0,1,2000,past-avg,8,1,1,103.72140983702207,534.7847167365458,19.998642634963062,56.143854503841986,7.68819988090607,83.49358964798697,6.067286218572154,534.7847167365458
228,2,15,1000,greedy,1,4,0,1,2000,past-avg,8,1,1,103.4251189620511,534.9063721617954,19.976876250044892,56.17077366052412,7.583671750688673,82.96330609632203,6.053598443916142,534.9063721617954
229,1,15,3000,greedy,0,4,1,1,2000,past-avg-revisit,8,1,1,194.04952280069745,616.8687641810136,-4.726669448576577,25.21985872273902,46.27552153654945,198.8417384877046,25.462862906130677,616.8687641810136
230,1,15,3000,nearest,0,4,1,1,2000,past-avg-revisit,8,1,1,194.00771113072003,616.8792642258032,-4.732789116356796,25.21985872273902,46.24074275920789,198.80116111755063,25.466464952092792,616.8792642258032
231,1,15,3000,greedy,1,4,1,1,2000,past-avg-revisit,8,1,1,194.05211702672386,616.885455396921,-4.715135288335955,25.21985872273902,46.240132761436215,198.55987434624316,25.35480152726749,616.885455396921
232,1,15,3000,nearest,1,4,1,1,2000,past-avg-revisit,8,1,1,194.06803151488668,617.3558029756174,-4.727891833490377,25.21985872273902,46.22902523368718,198.70923844147111,25.354441322671285,617.3558029756174
233,2,15,2000,greedy,0,4,1,1,2000,none,8,1,1,222.83540685581758,628.1447690840583,-16.067670247283964,9.405314817585598,59.494470163086774,198.25551983477632,24.194942727469204,628.1447690840583
234,2,15,2000,nearest,0,4,1,1,2000,none,8,1,1,222.8958557869259,629.342363825418,-16.068986637628647,9.405314817585598,59.45641301193581,198.20886872245745,24.054102730350845,629.342363825418
235,2,15,2000,nearest,1,4,1,1,2000,none,8,1,1,222.7471817541284,629.7704617638489,-16.023923447156854,9.366176402838544,59.24622669874102,198.09133864233334,24.069951732584105,629.7704617638489
236,2,15,2000,greedy,1,4,1,1,2000,none,8,1,1,222.89117036663276,631.2301040592993,-16.029602975350464,9.366176402838544,59.27324701050715,198.74124396801713,24.254016281247758,631.2301040592993
237,1,15,3000,greedy,1,4,1,1,2000,none,8,1,1,208.6215310154714,661.2206131980801,-7.543947194629891,23.002161757788908,51.17884891145533,214.898714290572,29.11821914847633,661.2206131980801
238,1,15,3000,greedy,0,4,1,1,2000,none,8,1,1,208.7571743160452,661.3594383042995,-7.549896272737643,23.002161757788908,51.23343222486514,215.05578148666714,29.174411065485206,661.3594383042995
239,1,15,3000,nearest,0,4,1,1,2000,none,8,1,1,208.91689716226716,661.492922674994,-7.566279977325992,23.002161757788908,51.25386577436104,214.98386226467892,29.19782436423889,661.492922674994
240,1,15,3000,nearest,1,4,1,1,2000,none,8,1,1,208.8938663729456,662.2352168780851,-7.574159050255396,23.002161757788908,51.27733873339349,215.4408470457974,29.315971471795987,662.2352168780851
241,2,15,3000,greedy,0,4,0,1,2000,past-avg-revisit,8,1,1,212.0561245433053,713.6933283894678,-6.868214708026871,25.36396253957893,53.45413955111401,241.58925410717706,38.457964123622226,713.6933283894678
242,2,15,3000,nearest,0,4,0,1,2000,past-avg-revisit,8,1,1,212.3077748045677,714.5095084368882,-6.902059138800695,25.36396253957893,53.5145066061409,241.7217280538433,38.47849578560623,714.5095084368882
243,2,15,3000,greedy,1,4,0,1,2000,past-avg-revisit,8,1,1,212.16637016751213,714.5649681767001,-6.862162150228828,25.36396253957893,53.433199180927076,241.42343237050295,38.43455082486853,714.5649681767001
244,2,15,3000,nearest,1,4,0,1,2000,past-avg-revisit,8,1,1,212.53157964542123,716.3162531848814,-6.913891074295614,25.36396253957893,53.5702555146766,242.16209486760215,38.61933578272458,716.3162531848814
245,1,15,3000,greedy,0,4,0,1,2000,past-avg-revisit,8,1,1,219.8237011981667,738.1343710915398,-7.970009949248478,25.12689518952429,56.50925971457872,252.60493815744815,41.71349326417405,738.1343710915398
246,1,15,3000,nearest,0,4,0,1,2000,past-avg-revisit,8,1,1,219.78728647540038,738.1894566396909,-7.970770986476554,25.12689518952429,56.480007294937096,252.53936858733636,41.66018298393488,738.1894566396909
247,1,15,3000,greedy,1,4,0,1,2000,past-avg-revisit,8,1,1,219.9944426443251,739.543576886748,-7.966144474370175,25.12689518952429,56.507074738050676,252.5868101436938,41.5967869750018,739.543576886748
248,1,15,3000,nearest,1,4,0,1,2000,past-avg-revisit,8,1,1,219.97293030303302,739.6164648866483,-7.963182465470425,25.12689518952429,56.454901952807,252.34658226911728,41.48908580073481,739.6164648866483
249,2,15,3000,greedy,0,4,0,1,2000,none,8,1,1,229.29640104162826,753.5993949434234,-10.461479913016923,23.088999854223815,60.173276007464125,261.117669973805,44.43267776096823,753.5993949434234
250,2,15,3000,nearest,0,4,0,1,2000,none,8,1,1,229.62412930770694,755.7641844152575,-10.48073976735558,23.088999854223815,60.186260366237555,261.04781634614415,44.25509689503638,755.7641844152575
251,2,15,3000,greedy,1,4,0,1,2000,none,8,1,1,229.7265890393412,757.4845929418382,-10.457416243412187,23.088999854223815,60.13342373080813,260.97790679083903,44.23888768820691,757.4845929418382
252,2,15,3000,nearest,1,4,0,1,2000,none,8,1,1,229.87762106859424,757.9302665491932,-10.487272874443695,23.088999854223815,60.1979579366741,261.23234401556317,44.24861321230459,757.9302665491932
253,1,15,2000,nearest,1,4,1,1,2000,past-avg-revisit,8,1,1,239.0149456080975,758.0948768625957,-17.74155641623811,10.79600936056937,65.32578300002531,245.7172437007576,36.3291549600173,758.0948768625957
254,1,15,2000,nearest,0,4,1,1,2000,past-avg-revisit,8,1,1,239.19254106545884,759.5362291232236,-17.722619360876593,10.797624886220781,65.3264771653134,246.09322661046264,36.459188819249334,759.5362291232236
255,1,15,2000,greedy,1,4,1,1,2000,past-avg-revisit,8,1,1,239.14081120360902,759.9947046210402,-17.72582317241651,10.79600936056937,65.3244763689805,246.00864909832706,36.45954902384555,759.9947046210402
256,1,15,2000,greedy,0,4,1,1,2000,past-avg-revisit,8,1,1,239.34713598083925,761.3270877343376,-17.729312406840876,10.797624886220781,65.36855171941104,246.52213198566108,36.609033931272975,761.3270877343376
257,1,15,3000,greedy,1,4,0,1,2000,none,8,1,1,231.1578452219512,763.7154170366064,-10.66799887929479,23.1018674912155,60.829490255353164,263.9825971067959,45.07204091924213,763.7154170366064
258,1,15,3000,greedy,0,4,0,1,2000,none,8,1,1,231.40328026684728,764.2558745255988,-10.675987762168965,23.1018674912155,60.867017588772434,263.8511820568607,44.94056624162525,764.2558745255988
259,1,15,3000,nearest,1,4,0,1,2000,none,8,1,1,231.47695156582455,765.0337622930467,-10.683294693764754,23.1018674912155,60.87095622120498,264.4501820407536,45.136517541963826,765.0337622930467
260,0,15,3000,greedy,0,4,0,1,2000,past-avg-revisit,8,1,1,228.87724332336126,765.2198149225367,-9.521650119000817,24.449523025131057,60.24444690126641,264.6461301351272,45.22620848642029,765.2198149225367
261,0,15,3000,greedy,0,4,1,1,2000,past-avg-revisit,8,1,1,228.87724332336126,765.2198149225367,-9.521650119000817,24.449523025131057,60.24444690126641,264.6461301351272,45.22620848642029,765.2198149225367
262,0,15,3000,greedy,1,4,0,1,2000,past-avg-revisit,8,1,1,228.87724332336126,765.2198149225367,-9.521650119000817,24.449523025131057,60.24444690126641,264.6461301351272,45.22620848642029,765.2198149225367
263,0,15,3000,greedy,1,4,1,1,2000,past-avg-revisit,8,1,1,228.87724332336126,765.2198149225367,-9.521650119000817,24.449523025131057,60.24444690126641,264.6461301351272,45.22620848642029,765.2198149225367
264,0,15,3000,nearest,0,4,0,1,2000,past-avg-revisit,8,1,1,228.91177187969822,765.2198149225367,-9.523053192929364,24.449523025131057,60.25220093583502,264.6461301351272,45.22620848642029,765.2198149225367
265,0,15,3000,nearest,0,4,1,1,2000,past-avg-revisit,8,1,1,228.91177187969822,765.2198149225367,-9.523053192929364,24.449523025131057,60.25220093583502,264.6461301351272,45.22620848642029,765.2198149225367
266,0,15,3000,nearest,1,4,0,1,2000,past-avg-revisit,8,1,1,228.91177187969822,765.2198149225367,-9.523053192929364,24.449523025131057,60.25220093583502,264.6461301351272,45.22620848642029,765.2198149225367
267,0,15,3000,nearest,1,4,1,1,2000,past-avg-revisit,8,1,1,228.91177187969822,765.2198149225367,-9.523053192929364,24.449523025131057,60.25220093583502,264.6461301351272,45.22620848642029,765.2198149225367
268,1,15,3000,nearest,0,4,0,1,2000,none,8,1,1,231.69000201303447,765.3125690978919,-10.68864998167423,23.1018674912155,60.8954633972843,264.2169861353133,45.01584900223327,765.3125690978919
269,0,15,3000,greedy,0,4,0,1,2000,none,8,1,1,232.15287469007825,767.3405858480713,-10.874638722584564,23.063370139412932,61.284018175828564,265.51747910394073,45.46574454290037,767.3405858480713
270,0,15,3000,greedy,0,4,1,1,2000,none,8,1,1,232.15287469007825,767.3405858480713,-10.874638722584564,23.063370139412932,61.284018175828564,265.51747910394073,45.46574454290037,767.3405858480713
271,0,15,3000,greedy,1,4,0,1,2000,none,8,1,1,232.15287469007825,767.3405858480713,-10.874638722584564,23.063370139412932,61.284018175828564,265.51747910394073,45.46574454290037,767.3405858480713
272,0,15,3000,greedy,1,4,1,1,2000,none,8,1,1,232.15287469007825,767.3405858480713,-10.874638722584564,23.063370139412932,61.284018175828564,265.51747910394073,45.46574454290037,767.3405858480713
273,0,15,3000,nearest,0,4,0,1,2000,none,8,1,1,232.15287469007825,767.3405858480713,-10.874638722584564,23.063370139412932,61.284018175828564,265.51747910394073,45.46574454290037,767.3405858480713
274,0,15,3000,nearest,0,4,1,1,2000,none,8,1,1,232.15287469007825,767.3405858480713,-10.874638722584564,23.063370139412932,61.284018175828564,265.51747910394073,45.46574454290037,767.3405858480713
275,0,15,3000,nearest,1,4,0,1,2000,none,8,1,1,232.15287469007825,767.3405858480713,-10.874638722584564,23.063370139412932,61.284018175828564,265.51747910394073,45.46574454290037,767.3405858480713
276,0,15,3000,nearest,1,4,1,1,2000,none,8,1,1,232.15287469007825,767.3405858480713,-10.874638722584564,23.063370139412932,61.284018175828564,265.51747910394073,45.46574454290037,767.3405858480713
277,1,15,2000,greedy,1,4,1,1,2000,none,8,1,1,257.60226845586374,796.1954346349535,-19.983499536617355,9.564424367229197,71.67650843624133,258.50975273717347,39.93840501404799,796.1954346349535
278,1,15,2000,greedy,0,4,1,1,2000,none,8,1,1,256.59589034436755,796.2356772472193,-19.954239862950804,9.63141381189725,71.36704038984468,259.20762161056115,40.287083063179885,796.2356772472193
279,1,15,2000,nearest,1,4,1,1,2000,none,8,1,1,257.51906667534973,796.6381260481619,-19.98978055094195,9.564424367229197,71.70288818393834,258.89025087202384,40.06807866868382,796.6381260481619
280,1,15,2000,nearest,0,4,1,1,2000,none,8,1,1,256.7414379444635,797.4126801080846,-19.946600413378032,9.63141381189725,71.36452646591168,259.214657308207,40.21216050716807,797.4126801080846
281,2,15,2000,greedy,0,4,0,1,2000,past-avg-revisit,8,1,1,251.61852269590477,810.6519325865376,-19.667866375535734,10.867329736085773,71.07201483159216,274.6278872832767,46.95807218500108,810.6519325865376
282,2,15,2000,nearest,0,4,0,1,2000,past-avg-revisit,8,1,1,251.67462042162649,811.7480760312098,-19.667190420176446,10.867329736085773,71.0588095012918,274.76414193869374,47.038758014552265,811.7480760312098
283,2,15,2000,nearest,1,4,0,1,2000,past-avg-revisit,8,1,1,251.4695129314775,812.2200337679627,-19.58131763275523,11.001604792060338,70.85114903224928,273.35624552206,46.36193357827246,812.2200337679627
284,2,15,2000,greedy,1,4,0,1,2000,past-avg-revisit,8,1,1,251.70635315299188,813.3087954316869,-19.588814135055358,11.001604792060338,70.88815218755603,273.4352600978481,46.305741661263596,813.3087954316869
285,2,15,1000,nearest,1,4,1,1,2000,past-avg-revisit,8,1,1,410.13484395909074,823.1572478089945,-37.672364008929875,-0.2179433212321613,119.61527372819853,270.01744345938874,44.11425689791801,823.1572478089945
286,2,15,1000,greedy,1,4,1,1,2000,past-avg-revisit,8,1,1,410.39827568917445,823.6539021953712,-37.687389148909205,-0.2179433212321613,119.67177672301175,270.0077642484249,44.133347741517184,823.6539021953712
287,1,15,2000,greedy,0,4,0,1,2000,past-avg-revisit,8,1,1,260.5367843717072,830.4155568482179,-20.71747467390967,10.815094014761485,74.39647973799333,281.7100123309271,49.13226712772855,830.4155568482179
288,1,15,2000,nearest,0,4,0,1,2000,past-avg-revisit,8,1,1,260.52696274960994,832.6296942627348,-20.70384869455338,10.815094014761485,74.34738639092828,282.021682178261,49.16972840573446,832.6296942627348
289,1,15,2000,greedy,1,4,0,1,2000,past-avg-revisit,8,1,1,260.13584511531116,833.4563289983796,-20.594214059372174,10.99156844019873,74.10474112891697,281.7074172882342,49.02888840861609,833.4563289983796
290,1,15,2000,nearest,1,4,0,1,2000,past-avg-revisit,8,1,1,260.1942692129287,834.6277530017542,-20.57753407363444,10.99156844019873,74.03341723774167,281.4627077450988,48.86967797709099,834.6277530017542
291,2,15,1000,greedy,0,4,1,1,2000,past-avg-revisit,8,1,1,413.22176544703393,836.7659295090946,-38.08389377740372,-0.2187402134999794,121.13407476463999,276.1070914463217,46.28016713493264,836.7659295090946
292,2,15,1000,nearest,0,4,1,1,2000,past-avg-revisit,8,1,1,413.1851263663242,837.6737411568872,-38.06081217065243,-0.2187402134999794,121.03763847297574,276.11032779266867,46.27944672574023,837.6737411568872
293,2,15,2000,greedy,0,4,0,1,2000,none,8,1,1,274.86455730913724,844.6139646060046,-22.682385869753645,9.287954573853874,79.81800958310006,288.9412218355841,51.80714645918882,844.6139646060046
294,2,15,2000,nearest,0,4,0,1,2000,none,8,1,1,275.19722048532475,846.4713839762061,-22.699214661915732,9.287954573853874,79.87236994882143,289.0726629850866,51.76248108925869,846.4713839762061
295,2,15,2000,greedy,1,4,0,1,2000,none,8,1,1,273.58082798450164,846.7843896310355,-22.446251944662,9.408411960284834,79.04102246398138,288.52479578207135,51.59534615661696,846.7843896310355
296,2,15,2000,nearest,1,4,0,1,2000,none,8,1,1,273.77573377332345,847.9174873370141,-22.453583673960352,9.408411960284834,79.0636448454866,288.5827554640563,51.502773575390826,847.9174873370141
297,1,15,2000,greedy,0,4,0,1,2000,none,8,1,1,278.1230336243567,851.1602776275342,-22.9064068384339,9.441337015822548,80.7615388616191,290.17660011227287,52.12376629925798,851.1602776275342
298,1,15,2000,nearest,0,4,0,1,2000,none,8,1,1,278.1604435190002,851.6664909099776,-22.90258795063425,9.441337015822548,80.73353975333866,290.2534148673874,52.132051004970826,851.6664909099776
299,1,15,2000,nearest,1,4,0,1,2000,none,8,1,1,277.4656765675248,851.7574421618754,-22.807568016924815,9.529328816529503,80.47487084887447,290.1827036825148,52.02182839853036,851.7574421618754
300,0,15,2000,greedy,0,4,0,1,2000,past-avg-revisit,8,1,1,274.6662834374856,852.51977262754,-22.31427346515803,10.255557110375978,79.47221509095755,289.98400021953466,51.906923132339166,852.51977262754
301,0,15,2000,greedy,0,4,1,1,2000,past-avg-revisit,8,1,1,274.6662834374856,852.51977262754,-22.31427346515803,10.255557110375978,79.47221509095755,289.98400021953466,51.906923132339166,852.51977262754
302,0,15,2000,greedy,1,4,0,1,2000,past-avg-revisit,8,1,1,274.6662834374856,852.51977262754,-22.31427346515803,10.255557110375978,79.47221509095755,289.98400021953466,51.906923132339166,852.51977262754
303,0,15,2000,greedy,1,4,1,1,2000,past-avg-revisit,8,1,1,274.6662834374856,852.51977262754,-22.31427346515803,10.255557110375978,79.47221509095755,289.98400021953466,51.906923132339166,852.51977262754
304,0,15,2000,nearest,0,4,0,1,2000,past-avg-revisit,8,1,1,274.6662834374856,852.51977262754,-22.31427346515803,10.255557110375978,79.47221509095755,289.98400021953466,51.906923132339166,852.51977262754
305,0,15,2000,nearest,0,4,1,1,2000,past-avg-revisit,8,1,1,274.6662834374856,852.51977262754,-22.31427346515803,10.255557110375978,79.47221509095755,289.98400021953466,51.906923132339166,852.51977262754
306,0,15,2000,nearest,1,4,0,1,2000,past-avg-revisit,8,1,1,274.6662834374856,852.51977262754,-22.31427346515803,10.255557110375978,79.47221509095755,289.98400021953466,51.906923132339166,852.51977262754
307,0,15,2000,nearest,1,4,1,1,2000,past-avg-revisit,8,1,1,274.6662834374856,852.51977262754,-22.31427346515803,10.255557110375978,79.47221509095755,289.98400021953466,51.906923132339166,852.51977262754
308,1,15,2000,greedy,1,4,0,1,2000,none,8,1,1,277.75882882262033,853.3999734664096,-22.81115816135692,9.529328816529503,80.50877892549883,290.1242816653374,52.00057632735393,853.3999734664096
309,0,15,2000,greedy,0,4,0,1,2000,none,8,1,1,278.90522347540673,854.9405885694654,-23.081793845784077,9.530813046428111,81.1635514134048,291.24810293430727,52.367624810892586,854.9405885694654
310,0,15,2000,greedy,0,4,1,1,2000,none,8,1,1,278.90522347540673,854.9405885694654,-23.081793845784077,9.530813046428111,81.1635514134048,291.24810293430727,52.367624810892586,854.9405885694654
311,0,15,2000,greedy,1,4,0,1,2000,none,8,1,1,278.90522347540673,854.9405885694654,-23.081793845784077,9.530813046428111,81.1635514134048,291.24810293430727,52.367624810892586,854.9405885694654
312,0,15,2000,greedy,1,4,1,1,2000,none,8,1,1,278.90522347540673,854.9405885694654,-23.081793845784077,9.530813046428111,81.1635514134048,291.24810293430727,52.367624810892586,854.9405885694654
313,0,15,2000,nearest,0,4,0,1,2000,none,8,1,1,278.90522347540673,854.9405885694654,-23.081793845784077,9.530813046428111,81.1635514134048,291.24810293430727,52.367624810892586,854.9405885694654
314,0,15,2000,nearest,0,4,1,1,2000,none,8,1,1,278.90522347540673,854.9405885694654,-23.081793845784077,9.530813046428111,81.1635514134048,291.24810293430727,52.367624810892586,854.9405885694654
315,0,15,2000,nearest,1,4,0,1,2000,none,8,1,1,278.90522347540673,854.9405885694654,-23.081793845784077,9.530813046428111,81.1635514134048,291.24810293430727,52.367624810892586,854.9405885694654
316,0,15,2000,nearest,1,4,1,1,2000,none,8,1,1,278.90522347540673,854.9405885694654,-23.081793845784077,9.530813046428111,81.1635514134048,291.24810293430727,52.367624810892586,854.9405885694654
317,2,15,1000,greedy,1,4,1,1,2000,none,8,1,1,428.3396533437607,862.6729530865712,-39.5008619064439,-0.4119802484695345,126.39313526136245,286.04836816556735,49.65888624738851,862.6729530865712
318,2,15,1000,nearest,1,4,1,1,2000,none,8,1,1,428.5242901973319,864.4237505116789,-39.49726742140585,-0.4119802484695345,126.37827902029184,285.96236636275836,49.536056480080696,864.4237505116789
319,2,15,1000,greedy,0,4,1,1,2000,none,8,1,1,430.30625941322717,869.5159887561077,-39.65127379587069,-0.4205665990128282,127.03132963366359,288.24107111431135,50.35696275484476,869.5159887561077
320,2,15,1000,nearest,0,4,1,1,2000,none,8,1,1,430.5908302275026,870.5879344733706,-39.65422655887858,-0.4205665990128282,127.02659112199811,288.36352282712903,50.38974137309993,870.5879344733706
321,1,15,1000,greedy,1,4,1,1,2000,past-avg-revisit,8,1,1,431.23591016360797,895.7068537171406,-40.0598822644546,-0.38564132259276684,127.77534866406229,297.66045342852874,53.580073481737635,895.7068537171406
322,1,15,1000,nearest,1,4,1,1,2000,past-avg-revisit,8,1,1,431.54369568874677,895.8015128682244,-40.066593853031065,-0.3869613846399944,127.84252539456833,297.56581639744843,53.49146315106981,895.8015128682244
323,1,15,1000,greedy,0,4,1,1,2000,past-avg-revisit,8,1,1,431.9685802209416,900.0548814436089,-40.18343643398671,-0.38313663839042444,128.2754715141773,298.8341696131835,53.95864851235501,900.0548814436089
324,1,15,1000,nearest,0,4,1,1,2000,past-avg-revisit,8,1,1,432.26350958649454,900.3804168495104,-40.19311025791403,-0.3845645361761352,128.31650104681836,298.8708208627115,53.97449751458828,900.3804168495104
325,1,15,1000,greedy,1,4,1,1,2000,none,8,1,1,438.77099735433035,902.294577282484,-40.86597304464319,-0.4908926689335402,130.60885802703683,300.33545401017625,54.6279086521144,902.294577282484
326,1,15,1000,nearest,1,4,1,1,2000,none,8,1,1,439.05288376812496,904.0015375875524,-40.87022943236225,-0.4908926689335402,130.6278565736354,300.3256666724335,54.54181975362005,904.0015375875524
327,1,15,1000,nearest,0,4,1,1,2000,none,8,1,1,440.05953770721584,907.2247565202897,-40.94052998439224,-0.49265245243116373,130.8887707442163,301.42693791524414,54.88617534759743,907.2247565202897
328,1,15,1000,greedy,0,4,1,1,2000,none,8,1,1,440.2266341365223,908.1640342850272,-40.93930668263077,-0.49265245243116373,130.87920729252178,301.2150094286552,54.776673150349396,908.1640342850272
329,2,15,1000,greedy,1,4,0,1,2000,past-avg-revisit,8,1,1,440.30211430604356,926.5920437781565,-41.24179355215202,-0.4264493134659042,131.5397473174837,309.798847651904,58.06065845400187,926.5920437781565
330,2,15,1000,nearest,1,4,0,1,2000,past-avg-revisit,8,1,1,440.4495476949994,927.707259658397,-41.24211821539658,-0.4258751620314416,131.5352482541952,310.0896154743291,58.121533030761476,927.707259658397
331,1,15,1000,nearest,1,4,0,1,2000,past-avg-revisit,8,1,1,441.63384379901976,930.5599608119278,-41.44754742083943,-0.4845087782544111,132.10667889151512,310.7401210900611,58.42302427778978,930.5599608119278
332,1,15,1000,greedy,1,4,0,1,2000,past-avg-revisit,8,1,1,441.6797938950283,930.6267143364163,-41.449248658253794,-0.48292393327529215,132.12319738140752,310.7957504535359,58.41041711692241,930.6267143364163
333,2,15,1000,greedy,0,4,0,1,2000,past-avg-revisit,8,1,1,443.64750405456,932.9645844601606,-41.518978682886235,-0.43701736545216363,132.55596705688535,311.2648006917728,58.56674591167783,932.9645844601606
334,2,15,1000,nearest,0,4,0,1,2000,past-avg-revisit,8,1,1,443.9302396441526,933.0757420617507,-41.53861302194157,-0.43898189845805735,132.65486072137026,311.40073096685325,58.63194294359195,933.0757420617507
335,1,15,1000,greedy,0,4,0,1,2000,past-avg-revisit,8,1,1,444.21809397445446,933.1761955140088,-41.644121247133604,-0.484146333472657,132.85753824996206,311.23360425181346,58.536848930192356,933.1761955140088
336,1,15,1000,nearest,0,4,0,1,2000,past-avg-revisit,8,1,1,444.2321759414337,933.5856745825213,-41.64370614710867,-0.4826176693049189,132.85820438589792,311.3575958391026,58.58691736906563,933.5856745825213
337,2,15,1000,nearest,1,4,0,1,2000,none,8,1,1,449.59535166966316,935.0138394218852,-42.08863157676627,-0.5684209542945129,134.54143582429114,312.17234230343144,58.95000360204597,935.0138394218852
338,2,15,1000,greedy,1,4,0,1,2000,none,8,1,1,449.57259189397956,935.7807395614701,-42.0880297199911,-0.5684209542945129,134.53743613591956,312.2227405679147,58.94243930552554,935.7807395614701
339,0,15,1000,greedy,0,4,0,1,2000,past-avg-revisit,8,1,1,447.94785751541144,935.8820661276039,-41.94562245450751,-0.5663371025214303,133.8745364965634,311.92135395010246,58.79547583027159,935.8820661276039
340,0,15,1000,greedy,0,4,1,1,2000,past-avg-revisit,8,1,1,447.94785751541144,935.8820661276039,-41.94562245450751,-0.5663371025214303,133.8745364965634,311.92135395010246,58.79547583027159,935.8820661276039
341,0,15,1000,greedy,1,4,0,1,2000,past-avg-revisit,8,1,1,447.94785751541144,935.8820661276039,-41.94562245450751,-0.5663371025214303,133.8745364965634,311.92135395010246,58.79547583027159,935.8820661276039
342,0,15,1000,greedy,1,4,1,1,2000,past-avg-revisit,8,1,1,447.94785751541144,935.8820661276039,-41.94562245450751,-0.5663371025214303,133.8745364965634,311.92135395010246,58.79547583027159,935.8820661276039
343,0,15,1000,nearest,0,4,0,1,2000,past-avg-revisit,8,1,1,447.9470518450887,935.8820661276039,-41.94563054171283,-0.5663371025214303,133.87449884389775,311.92135395010246,58.79547583027159,935.8820661276039
344,0,15,1000,nearest,0,4,1,1,2000,past-avg-revisit,8,1,1,447.9470518450887,935.8820661276039,-41.94563054171283,-0.5663371025214303,133.87449884389775,311.92135395010246,58.79547583027159,935.8820661276039
345,0,15,1000,nearest,1,4,0,1,2000,past-avg-revisit,8,1,1,447.9470518450887,935.8820661276039,-41.94563054171283,-0.5663371025214303,133.87449884389775,311.92135395010246,58.79547583027159,935.8820661276039
346,0,15,1000,nearest,1,4,1,1,2000,past-avg-revisit,8,1,1,447.9470518450887,935.8820661276039,-41.94563054171283,-0.5663371025214303,133.87449884389775,311.92135395010246,58.79547583027159,935.8820661276039
347,1,15,1000,nearest,1,4,0,1,2000,none,8,1,1,450.0541856789577,937.5615516934441,-42.147093718151055,-0.581703265107647,134.7301246902373,312.55446979698416,58.98422303868598,937.5615516934441
348,1,15,1000,greedy,1,4,0,1,2000,none,8,1,1,450.15017861493254,937.7022704362506,-42.14956716491624,-0.5815007598395039,134.7524272283033,312.5605808242453,58.968734241048914,937.7022704362506
349,1,15,1000,nearest,0,4,0,1,2000,none,8,1,1,451.64873525985996,937.8318541423586,-42.22903411685883,-0.5841040783957419,135.01615568357565,312.6476937229198,59.08508032562496,937.8318541423586
350,2,15,1000,greedy,0,4,0,1,2000,none,8,1,1,451.4053755174009,938.1760537747434,-42.20347454162419,-0.5680194971384056,134.96899602447792,312.60533785367903,59.011238383401775,938.1760537747434
351,0,15,1000,greedy,0,4,0,1,2000,none,8,1,1,451.7706442341988,938.4167270475938,-42.25363199945959,-0.5749910046928264,135.12382494954213,312.73338978794027,59.176932497658676,938.4167270475938
352,0,15,1000,greedy,0,4,1,1,2000,none,8,1,1,451.7706442341988,938.4167270475938,-42.25363199945959,-0.5749910046928264,135.12382494954213,312.73338978794027,59.176932497658676,938.4167270475938
353,0,15,1000,greedy,1,4,0,1,2000,none,8,1,1,451.7706442341988,938.4167270475938,-42.25363199945959,-0.5749910046928264,135.12382494954213,312.73338978794027,59.176932497658676,938.4167270475938
354,0,15,1000,greedy,1,4,1,1,2000,none,8,1,1,451.7706442341988,938.4167270475938,-42.25363199945959,-0.5749910046928264,135.12382494954213,312.73338978794027,59.176932497658676,938.4167270475938
355,0,15,1000,nearest,0,4,0,1,2000,none,8,1,1,451.7706442341988,938.4167270475938,-42.25363199945959,-0.5749910046928264,135.12382494954213,312.73338978794027,59.176932497658676,938.4167270475938
356,0,15,1000,nearest,0,4,1,1,2000,none,8,1,1,451.7706442341988,938.4167270475938,-42.25363199945959,-0.5749910046928264,135.12382494954213,312.73338978794027,59.176932497658676,938.4167270475938
357,0,15,1000,nearest,1,4,0,1,2000,none,8,1,1,451.7706442341988,938.4167270475938,-42.25363199945959,-0.5749910046928264,135.12382494954213,312.73338978794027,59.176932497658676,938.4167270475938
358,0,15,1000,nearest,1,4,1,1,2000,none,8,1,1,451.7706442341988,938.4167270475938,-42.25363199945959,-0.5749910046928264,135.12382494954213,312.73338978794027,59.176932497658676,938.4167270475938
359,1,15,1000,greedy,0,4,0,1,2000,none,8,1,1,451.7456211721359,938.7537603427143,-42.22971474219539,-0.5846735169259154,135.02713703754026,312.7511561362619,59.087961962394644,938.7537603427143
360,2,15,1000,nearest,0,4,0,1,2000,none,8,1,1,451.7250970116627,939.0391438494797,-42.21197393298311,-0.5679149529521199,135.0147039119843,312.67556433230146,59.027447590231255,939.0391438494797
