variant_k,kHops,spawnScenario,taxiCount,taxiSeatCount,p2pRqsRadius,p2pOverlayMinNeighbors,p2pOverlayMaxNeighbors,p2pOverlayShortcuts,idleRoamingMode,Calculation Time [millis],Client Travel Time [min],Client Waiting Time [min],Taxi Travel Distance [km]
P2PCollector+greedy (k=0),0,BASELINE,5,1,1000,1,4,1,n/a,0.03,8439.676,117.076,565.771
P2PCollector+greedy (k=0),0,BASELINE,5,1,5000,1,4,1,n/a,0.028999999999999998,4236.488,55.3,315.865
P2PCollector+greedy (k=0),0,BASELINE,5,1,10000,1,4,1,n/a,0.025,2731.5119999999997,31.012999999999998,204.561
P2PCollector+greedy (k=0),0,BASELINE,5,1,20000,1,4,1,n/a,0.028000000000000004,2628.968,29.213,173.294
P2PCollector+greedy (k=0),0,BASELINE,10,1,1000,1,4,1,n/a,0.101,5208.3589999999995,69.8395,410.003
P2PCollector+greedy (k=0),0,BASELINE,10,1,5000,1,4,1,n/a,0.0805,2409.037,25.705000000000002,204.747
P2PCollector+greedy (k=0),0,BASELINE,10,1,10000,1,4,1,n/a,0.07,1951.691,17.811500000000002,160.379
P2PCollector+greedy (k=0),0,BASELINE,10,1,20000,1,4,1,n/a,0.082,1958.855,18.008,145.615
P2PCollector+greedy (k=0),0,BASELINE,20,1,1000,1,4,1,n/a,0.3505,3928.6495000000004,51.0905,338.0815
P2PCollector+greedy (k=0),0,BASELINE,20,1,5000,1,4,1,n/a,0.28250000000000003,1914.636,17.137999999999998,171.7295
P2PCollector+greedy (k=0),0,BASELINE,20,1,10000,1,4,1,n/a,0.2575,1724.4785,13.911000000000001,149.972
P2PCollector+greedy (k=0),0,BASELINE,20,1,20000,1,4,1,n/a,0.2625,1796.3775,15.056999999999999,140.299
P2PCollector+greedy (k=0),0,SPATIAL_IMBALANCE,5,1,1000,1,4,1,n/a,0.01,13469.168,28.756,40.867000000000004
P2PCollector+greedy (k=0),0,SPATIAL_IMBALANCE,5,1,5000,1,4,1,n/a,0.011,3704.46,27.921,138.005
P2PCollector+greedy (k=0),0,SPATIAL_IMBALANCE,5,1,10000,1,4,1,n/a,0.022,2230.352,21.893,149.674
P2PCollector+greedy (k=0),0,SPATIAL_IMBALANCE,5,1,20000,1,4,1,n/a,0.025,2159.196,23.43,152.866
P2PCollector+greedy (k=0),0,SPATIAL_IMBALANCE,10,1,1000,1,4,1,n/a,0.02,12037.958999999999,37.0555,47.677499999999995
P2PCollector+greedy (k=0),0,SPATIAL_IMBALANCE,10,1,5000,1,4,1,n/a,0.034,2884.081,22.403,112.95450000000001
P2PCollector+greedy (k=0),0,SPATIAL_IMBALANCE,10,1,10000,1,4,1,n/a,0.063,1698.141,13.9165,118.1625
P2PCollector+greedy (k=0),0,SPATIAL_IMBALANCE,10,1,20000,1,4,1,n/a,0.0675,1580.962,13.297,117.508
P2PCollector+greedy (k=0),0,SPATIAL_IMBALANCE,20,1,1000,1,4,1,n/a,0.0695,9931.539999999999,50.5685,61.1395
P2PCollector+greedy (k=0),0,SPATIAL_IMBALANCE,20,1,5000,1,4,1,n/a,0.11100000000000002,2262.4845,15.9215,112.77649999999998
P2PCollector+greedy (k=0),0,SPATIAL_IMBALANCE,20,1,10000,1,4,1,n/a,0.22349999999999998,1436.9875,10.809999999999999,116.019
P2PCollector+greedy (k=0),0,SPATIAL_IMBALANCE,20,1,20000,1,4,1,n/a,0.257,1466.9725,11.5175,119.33800000000001
P2PCollector+greedy (k=0),0,SPATIAL_ISLANDS,5,1,1000,1,4,1,n/a,0.01,12793.380000000001,44.595,46.78
P2PCollector+greedy (k=0),0,SPATIAL_ISLANDS,5,1,5000,1,4,1,n/a,0.01,3912.244,30.695,130.98499999999999
P2PCollector+greedy (k=0),0,SPATIAL_ISLANDS,5,1,10000,1,4,1,n/a,0.02,2505.044,24.772,147.652
P2PCollector+greedy (k=0),0,SPATIAL_ISLANDS,5,1,20000,1,4,1,n/a,0.023,2159.668,21.008,151.077
P2PCollector+greedy (k=0),0,SPATIAL_ISLANDS,10,1,1000,1,4,1,n/a,0.0205,10071.628,43.114999999999995,54.49400000000001
P2PCollector+greedy (k=0),0,SPATIAL_ISLANDS,10,1,5000,1,4,1,n/a,0.0355,2838.297,20.8345,105.011
P2PCollector+greedy (k=0),0,SPATIAL_ISLANDS,10,1,10000,1,4,1,n/a,0.053500000000000006,2084.142,16.3505,111.14500000000001
P2PCollector+greedy (k=0),0,SPATIAL_ISLANDS,10,1,20000,1,4,1,n/a,0.064,1672.636,14.241499999999998,115.24849999999999
P2PCollector+greedy (k=0),0,SPATIAL_ISLANDS,20,1,1000,1,4,1,n/a,0.067,8835.371000000001,44.6,66.801
P2PCollector+greedy (k=0),0,SPATIAL_ISLANDS,20,1,5000,1,4,1,n/a,0.165,1933.756,13.237,111.25550000000001
P2PCollector+greedy (k=0),0,SPATIAL_ISLANDS,20,1,10000,1,4,1,n/a,0.20350000000000001,1626.669,12.4465,113.9325
P2PCollector+greedy (k=0),0,SPATIAL_ISLANDS,20,1,20000,1,4,1,n/a,0.21400000000000002,1621.453,12.866,118.452
P2PCollector+greedy (k=1),1,BASELINE,5,1,1000,1,4,1,n/a,0.033,9054.436,118.978,634.08
P2PCollector+greedy (k=1),1,BASELINE,5,1,5000,1,4,1,n/a,0.033,4231.492,55.26700000000001,282.967
P2PCollector+greedy (k=1),1,BASELINE,5,1,10000,1,4,1,n/a,0.023,2721.068,30.732,197.965
P2PCollector+greedy (k=1),1,BASELINE,5,1,20000,1,4,1,n/a,0.022,2759.384,31.704,173.289
P2PCollector+greedy (k=1),1,BASELINE,10,1,1000,1,4,1,n/a,0.1025,5968.62,83.7175,478.25100000000003
P2PCollector+greedy (k=1),1,BASELINE,10,1,5000,1,4,1,n/a,0.08499999999999999,2603.962,28.689,226.0015
P2PCollector+greedy (k=1),1,BASELINE,10,1,10000,1,4,1,n/a,0.0685,1944.975,17.7725,148.733
P2PCollector+greedy (k=1),1,BASELINE,10,1,20000,1,4,1,n/a,0.054000000000000006,2044.184,19.392500000000002,130.199
P2PCollector+greedy (k=1),1,BASELINE,20,1,1000,1,4,1,n/a,0.34950000000000003,3944.8035000000004,51.4145,355.969
P2PCollector+greedy (k=1),1,BASELINE,20,1,5000,1,4,1,n/a,0.2855,1911.8044999999997,17.044,178.10999999999999
P2PCollector+greedy (k=1),1,BASELINE,20,1,10000,1,4,1,n/a,0.2225,1750.1675,14.2215,134.9205
P2PCollector+greedy (k=1),1,BASELINE,20,1,20000,1,4,1,n/a,0.1885,1901.7645,16.7665,126.2595
P2PCollector+greedy (k=1),1,SPATIAL_IMBALANCE,5,1,1000,1,4,1,n/a,0.01,13469.168,28.756,40.867000000000004
P2PCollector+greedy (k=1),1,SPATIAL_IMBALANCE,5,1,5000,1,4,1,n/a,0.012,3684.7520000000004,28.699,139.399
P2PCollector+greedy (k=1),1,SPATIAL_IMBALANCE,5,1,10000,1,4,1,n/a,0.023,2311.472,23.298000000000002,152.302
P2PCollector+greedy (k=1),1,SPATIAL_IMBALANCE,5,1,20000,1,4,1,n/a,0.025,2273.564,25.415,153.541
P2PCollector+greedy (k=1),1,SPATIAL_IMBALANCE,10,1,1000,1,4,1,n/a,0.0195,12038.021,37.058499999999995,47.6975
P2PCollector+greedy (k=1),1,SPATIAL_IMBALANCE,10,1,5000,1,4,1,n/a,0.031,2895.555,22.178,114.42999999999999
P2PCollector+greedy (k=1),1,SPATIAL_IMBALANCE,10,1,10000,1,4,1,n/a,0.047,1814.3220000000001,15.729500000000002,121.5465
P2PCollector+greedy (k=1),1,SPATIAL_IMBALANCE,10,1,20000,1,4,1,n/a,0.063,1817.889,17.2485,118.1885
P2PCollector+greedy (k=1),1,SPATIAL_IMBALANCE,20,1,1000,1,4,1,n/a,0.061,9900.4865,50.4445,61.487
P2PCollector+greedy (k=1),1,SPATIAL_IMBALANCE,20,1,5000,1,4,1,n/a,0.11600000000000002,2271.3665,16.2655,113.83399999999999
P2PCollector+greedy (k=1),1,SPATIAL_IMBALANCE,20,1,10000,1,4,1,n/a,0.205,1511.2625,12.0125,115.704
P2PCollector+greedy (k=1),1,SPATIAL_IMBALANCE,20,1,20000,1,4,1,n/a,0.23349999999999999,1705.8224999999998,15.502500000000001,118.3095
P2PCollector+greedy (k=1),1,SPATIAL_ISLANDS,5,1,1000,1,4,1,n/a,0.01,12812.788,42.472,46.307
P2PCollector+greedy (k=1),1,SPATIAL_ISLANDS,5,1,5000,1,4,1,n/a,0.011,3745.0919999999996,31.302999999999997,133.09
P2PCollector+greedy (k=1),1,SPATIAL_ISLANDS,5,1,10000,1,4,1,n/a,0.02,2519.1079999999997,23.967000000000002,148.068
P2PCollector+greedy (k=1),1,SPATIAL_ISLANDS,5,1,20000,1,4,1,n/a,0.024,2322.444,25.356,160.73
P2PCollector+greedy (k=1),1,SPATIAL_ISLANDS,10,1,1000,1,4,1,n/a,0.02,10054.291000000001,43.1605,54.6745
P2PCollector+greedy (k=1),1,SPATIAL_ISLANDS,10,1,5000,1,4,1,n/a,0.033,2836.8419999999996,19.9945,105.35
P2PCollector+greedy (k=1),1,SPATIAL_ISLANDS,10,1,10000,1,4,1,n/a,0.0445,2092.42,18.1995,114.33399999999999
P2PCollector+greedy (k=1),1,SPATIAL_ISLANDS,10,1,20000,1,4,1,n/a,0.057999999999999996,1880.8939999999998,17.750999999999998,121.475
P2PCollector+greedy (k=1),1,SPATIAL_ISLANDS,20,1,1000,1,4,1,n/a,0.0655,8810.3295,44.4675,67.0765
P2PCollector+greedy (k=1),1,SPATIAL_ISLANDS,20,1,5000,1,4,1,n/a,0.15250000000000002,1901.7785,13.2875,112.62750000000001
P2PCollector+greedy (k=1),1,SPATIAL_ISLANDS,20,1,10000,1,4,1,n/a,0.186,1690.3740000000003,13.35,115.39349999999999
P2PCollector+greedy (k=1),1,SPATIAL_ISLANDS,20,1,20000,1,4,1,n/a,0.20800000000000002,1830.5875,16.3435,123.0445
P2PCollector+greedy (k=2),2,BASELINE,5,1,1000,1,4,1,n/a,0.03,8955.728,125.332,543.223
P2PCollector+greedy (k=2),2,BASELINE,5,1,5000,1,4,1,n/a,0.03,3650.032,44.295,267.999
P2PCollector+greedy (k=2),2,BASELINE,5,1,10000,1,4,1,n/a,0.027999999999999997,2857.052,33.397000000000006,205.52599999999998
P2PCollector+greedy (k=2),2,BASELINE,5,1,20000,1,4,1,n/a,0.026000000000000002,2680.752,30.212,169.197
P2PCollector+greedy (k=2),2,BASELINE,10,1,1000,1,4,1,n/a,0.098,5682.777,78.0085,453.96450000000004
P2PCollector+greedy (k=2),2,BASELINE,10,1,5000,1,4,1,n/a,0.0805,2512.082,27.810000000000002,207.63600000000002
P2PCollector+greedy (k=2),2,BASELINE,10,1,10000,1,4,1,n/a,0.064,1987.563,18.5075,151.922
P2PCollector+greedy (k=2),2,BASELINE,10,1,20000,1,4,1,n/a,0.05550000000000001,2176.0080000000003,21.586000000000002,132.7745
P2PCollector+greedy (k=2),2,BASELINE,20,1,1000,1,4,1,n/a,0.34900000000000003,4056.2464999999997,53.650999999999996,356.566
P2PCollector+greedy (k=2),2,BASELINE,20,1,5000,1,4,1,n/a,0.28500000000000003,1977.577,18.294999999999998,178.10250000000002
P2PCollector+greedy (k=2),2,BASELINE,20,1,10000,1,4,1,n/a,0.20700000000000002,1786.5655,14.883500000000002,131.331
P2PCollector+greedy (k=2),2,BASELINE,20,1,20000,1,4,1,n/a,0.2065,2008.0215,18.5985,128.9475
P2PCollector+greedy (k=2),2,SPATIAL_IMBALANCE,5,1,1000,1,4,1,n/a,0.01,13469.168,28.756,40.867000000000004
P2PCollector+greedy (k=2),2,SPATIAL_IMBALANCE,5,1,5000,1,4,1,n/a,0.011,3692.1800000000003,28.814,139.38299999999998
P2PCollector+greedy (k=2),2,SPATIAL_IMBALANCE,5,1,10000,1,4,1,n/a,0.019,2311.92,23.276,152.625
P2PCollector+greedy (k=2),2,SPATIAL_IMBALANCE,5,1,20000,1,4,1,n/a,0.028000000000000004,2352.808,26.782,155.66500000000002
P2PCollector+greedy (k=2),2,SPATIAL_IMBALANCE,10,1,1000,1,4,1,n/a,0.02,12038.021,37.058499999999995,47.6975
P2PCollector+greedy (k=2),2,SPATIAL_IMBALANCE,10,1,5000,1,4,1,n/a,0.034499999999999996,2951.611,22.127000000000002,114.201
P2PCollector+greedy (k=2),2,SPATIAL_IMBALANCE,10,1,10000,1,4,1,n/a,0.054000000000000006,1823.7040000000002,15.9225,120.8335
P2PCollector+greedy (k=2),2,SPATIAL_IMBALANCE,10,1,20000,1,4,1,n/a,0.0735,1924.434,19.113999999999997,120.68900000000001
P2PCollector+greedy (k=2),2,SPATIAL_IMBALANCE,20,1,1000,1,4,1,n/a,0.063,9910.041500000001,50.7695,61.371
P2PCollector+greedy (k=2),2,SPATIAL_IMBALANCE,20,1,5000,1,4,1,n/a,0.1165,2275.0975,16.442,115.28099999999999
P2PCollector+greedy (k=2),2,SPATIAL_IMBALANCE,20,1,10000,1,4,1,n/a,0.2,1605.3635,13.4395,119.13050000000001
P2PCollector+greedy (k=2),2,SPATIAL_IMBALANCE,20,1,20000,1,4,1,n/a,0.286,1807.938,17.1935,121.8605
P2PCollector+greedy (k=2),2,SPATIAL_ISLANDS,5,1,1000,1,4,1,n/a,0.01,12812.788,42.472,46.307
P2PCollector+greedy (k=2),2,SPATIAL_ISLANDS,5,1,5000,1,4,1,n/a,0.01,3892.744,32.503,133.179
P2PCollector+greedy (k=2),2,SPATIAL_ISLANDS,5,1,10000,1,4,1,n/a,0.017,2545.208,26.025,152.22899999999998
P2PCollector+greedy (k=2),2,SPATIAL_ISLANDS,5,1,20000,1,4,1,n/a,0.02,2390.204,26.55,161.884
P2PCollector+greedy (k=2),2,SPATIAL_ISLANDS,10,1,1000,1,4,1,n/a,0.020999999999999998,10086.006,43.298,54.416
P2PCollector+greedy (k=2),2,SPATIAL_ISLANDS,10,1,5000,1,4,1,n/a,0.038,2690.85,21.048,108.50399999999999
P2PCollector+greedy (k=2),2,SPATIAL_ISLANDS,10,1,10000,1,4,1,n/a,0.051000000000000004,2018.9420000000002,17.6565,116.951
P2PCollector+greedy (k=2),2,SPATIAL_ISLANDS,10,1,20000,1,4,1,n/a,0.065,2065.8599999999997,20.8685,128.35049999999998
P2PCollector+greedy (k=2),2,SPATIAL_ISLANDS,20,1,1000,1,4,1,n/a,0.065,8805.278,44.5805,67.1365
P2PCollector+greedy (k=2),2,SPATIAL_ISLANDS,20,1,5000,1,4,1,n/a,0.148,1908.3145,13.327000000000002,113.88
P2PCollector+greedy (k=2),2,SPATIAL_ISLANDS,20,1,10000,1,4,1,n/a,0.188,1757.2904999999998,14.136500000000002,118.14649999999999
P2PCollector+greedy (k=2),2,SPATIAL_ISLANDS,20,1,20000,1,4,1,n/a,0.253,1947.275,18.3625,126.8925
P2PCollector+greedy (k=5),5,BASELINE,5,1,1000,1,4,1,n/a,0.03,8557.644,117.58900000000001,596.529
P2PCollector+greedy (k=5),5,BASELINE,5,1,5000,1,4,1,n/a,0.031,4255.008,56.488,314.26300000000003
P2PCollector+greedy (k=5),5,BASELINE,5,1,10000,1,4,1,n/a,0.025,2914.8720000000003,33.945,223.839
P2PCollector+greedy (k=5),5,BASELINE,5,1,20000,1,4,1,n/a,0.03,2860.584,33.438,176.949
P2PCollector+greedy (k=5),5,BASELINE,10,1,1000,1,4,1,n/a,0.099,5830.528,81.348,445.83599999999996
P2PCollector+greedy (k=5),5,BASELINE,10,1,5000,1,4,1,n/a,0.084,2622.042,29.137,234.2225
P2PCollector+greedy (k=5),5,BASELINE,10,1,10000,1,4,1,n/a,0.069,2100.8759999999997,20.445500000000003,154.745
P2PCollector+greedy (k=5),5,BASELINE,10,1,20000,1,4,1,n/a,0.065,2287.562,23.512,136.49349999999998
P2PCollector+greedy (k=5),5,BASELINE,20,1,1000,1,4,1,n/a,0.352,3929.5474999999997,50.6445,362.0845
P2PCollector+greedy (k=5),5,BASELINE,20,1,5000,1,4,1,n/a,0.28300000000000003,1992.898,18.5405,179.32999999999998
P2PCollector+greedy (k=5),5,BASELINE,20,1,10000,1,4,1,n/a,0.219,1917.0305,17.0565,137.639
P2PCollector+greedy (k=5),5,BASELINE,20,1,20000,1,4,1,n/a,0.27599999999999997,2220.191,22.176,136.043
P2PCollector+greedy (k=5),5,SPATIAL_IMBALANCE,5,1,1000,1,4,1,n/a,0.01,13469.168,28.756,40.867000000000004
P2PCollector+greedy (k=5),5,SPATIAL_IMBALANCE,5,1,5000,1,4,1,n/a,0.012,3803.2239999999997,29.540999999999997,138.597
P2PCollector+greedy (k=5),5,SPATIAL_IMBALANCE,5,1,10000,1,4,1,n/a,0.024,2352.856,23.471,153.06
P2PCollector+greedy (k=5),5,SPATIAL_IMBALANCE,5,1,20000,1,4,1,n/a,0.033,2427.5919999999996,28.07,157.743
P2PCollector+greedy (k=5),5,SPATIAL_IMBALANCE,10,1,1000,1,4,1,n/a,0.02,12038.023,37.058499999999995,47.6975
P2PCollector+greedy (k=5),5,SPATIAL_IMBALANCE,10,1,5000,1,4,1,n/a,0.0355,2926.57,22.546,115.52450000000002
P2PCollector+greedy (k=5),5,SPATIAL_IMBALANCE,10,1,10000,1,4,1,n/a,0.0495,1888.887,16.8975,123.7645
P2PCollector+greedy (k=5),5,SPATIAL_IMBALANCE,10,1,20000,1,4,1,n/a,0.0925,2084.675,21.82,125.27149999999999
P2PCollector+greedy (k=5),5,SPATIAL_IMBALANCE,20,1,1000,1,4,1,n/a,0.0635,9880.127499999999,50.6745,61.7025
P2PCollector+greedy (k=5),5,SPATIAL_IMBALANCE,20,1,5000,1,4,1,n/a,0.11599999999999999,2281.67,16.9055,116.752
P2PCollector+greedy (k=5),5,SPATIAL_IMBALANCE,20,1,10000,1,4,1,n/a,0.22999999999999998,1698.4575,15.2085,120.3905
P2PCollector+greedy (k=5),5,SPATIAL_IMBALANCE,20,1,20000,1,4,1,n/a,0.39049999999999996,1926.9479999999999,19.203,124.1385
P2PCollector+greedy (k=5),5,SPATIAL_ISLANDS,5,1,1000,1,4,1,n/a,0.01,12812.788,42.472,46.307
P2PCollector+greedy (k=5),5,SPATIAL_ISLANDS,5,1,5000,1,4,1,n/a,0.011,3796.072,33.802,133.908
P2PCollector+greedy (k=5),5,SPATIAL_ISLANDS,5,1,10000,1,4,1,n/a,0.018,2667.388,27.119999999999997,154.416
P2PCollector+greedy (k=5),5,SPATIAL_ISLANDS,5,1,20000,1,4,1,n/a,0.026000000000000002,2425.308,26.337,162.07
P2PCollector+greedy (k=5),5,SPATIAL_ISLANDS,10,1,1000,1,4,1,n/a,0.0205,10087.604000000001,43.3395,54.405499999999996
P2PCollector+greedy (k=5),5,SPATIAL_ISLANDS,10,1,5000,1,4,1,n/a,0.0395,2681.7509999999997,21.669999999999998,108.8545
P2PCollector+greedy (k=5),5,SPATIAL_ISLANDS,10,1,10000,1,4,1,n/a,0.052000000000000005,2040.652,19.9115,123.38899999999998
P2PCollector+greedy (k=5),5,SPATIAL_ISLANDS,10,1,20000,1,4,1,n/a,0.0755,2176.947,22.7815,133.158
P2PCollector+greedy (k=5),5,SPATIAL_ISLANDS,20,1,1000,1,4,1,n/a,0.066,8760.6935,45.088,67.4385
P2PCollector+greedy (k=5),5,SPATIAL_ISLANDS,20,1,5000,1,4,1,n/a,0.1605,1925.696,14.23,117.2165
P2PCollector+greedy (k=5),5,SPATIAL_ISLANDS,20,1,10000,1,4,1,n/a,0.225,1848.1259999999997,16.6855,124.30850000000001
P2PCollector+greedy (k=5),5,SPATIAL_ISLANDS,20,1,20000,1,4,1,n/a,0.3395,2168.3445,22.128999999999998,134.0435
P2PCollector+nearest (k=0),0,BASELINE,5,1,1000,1,4,1,n/a,0.04,8788.892,125.957,636.487
P2PCollector+nearest (k=0),0,BASELINE,5,1,5000,1,4,1,n/a,0.028999999999999998,3920.4119999999994,50.075,313.254
P2PCollector+nearest (k=0),0,BASELINE,5,1,10000,1,4,1,n/a,0.024,2880.42,33.870999999999995,209.52399999999997
P2PCollector+nearest (k=0),0,BASELINE,5,1,20000,1,4,1,n/a,0.026000000000000002,2674.276,30.309000000000005,178.027
P2PCollector+nearest (k=0),0,BASELINE,10,1,1000,1,4,1,n/a,0.0995,5750.633,78.392,437.45
P2PCollector+nearest (k=0),0,BASELINE,10,1,5000,1,4,1,n/a,0.082,2452.195,26.7245,199.52550000000002
P2PCollector+nearest (k=0),0,BASELINE,10,1,10000,1,4,1,n/a,0.075,1953.5190000000002,18.011000000000003,152.404
P2PCollector+nearest (k=0),0,BASELINE,10,1,20000,1,4,1,n/a,0.0705,1968.595,18.2015,144.0025
P2PCollector+nearest (k=0),0,BASELINE,20,1,1000,1,4,1,n/a,0.3485,3833.6169999999997,49.638,337.2045
P2PCollector+nearest (k=0),0,BASELINE,20,1,5000,1,4,1,n/a,0.284,1888.4515,16.707,172.3905
P2PCollector+nearest (k=0),0,BASELINE,20,1,10000,1,4,1,n/a,0.251,1697.7955000000002,13.410499999999999,145.4025
P2PCollector+nearest (k=0),0,BASELINE,20,1,20000,1,4,1,n/a,0.2485,1781.6015,14.868,139.9545
P2PCollector+nearest (k=0),0,SPATIAL_IMBALANCE,5,1,1000,1,4,1,n/a,0.01,13469.168,28.756,40.867000000000004
P2PCollector+nearest (k=0),0,SPATIAL_IMBALANCE,5,1,5000,1,4,1,n/a,0.013000000000000001,3704.46,27.921,138.005
P2PCollector+nearest (k=0),0,SPATIAL_IMBALANCE,5,1,10000,1,4,1,n/a,0.022,2230.352,21.893,149.674
P2PCollector+nearest (k=0),0,SPATIAL_IMBALANCE,5,1,20000,1,4,1,n/a,0.026000000000000002,2159.196,23.43,152.866
P2PCollector+nearest (k=0),0,SPATIAL_IMBALANCE,10,1,1000,1,4,1,n/a,0.0195,12037.958999999999,37.0555,47.677499999999995
P2PCollector+nearest (k=0),0,SPATIAL_IMBALANCE,10,1,5000,1,4,1,n/a,0.0335,2884.081,22.403,112.95450000000001
P2PCollector+nearest (k=0),0,SPATIAL_IMBALANCE,10,1,10000,1,4,1,n/a,0.05500000000000001,1699.074,13.9325,118.2875
P2PCollector+nearest (k=0),0,SPATIAL_IMBALANCE,10,1,20000,1,4,1,n/a,0.063,1583.966,13.346,117.6745
P2PCollector+nearest (k=0),0,SPATIAL_IMBALANCE,20,1,1000,1,4,1,n/a,0.063,9931.539999999999,50.5685,61.1395
P2PCollector+nearest (k=0),0,SPATIAL_IMBALANCE,20,1,5000,1,4,1,n/a,0.1095,2262.4845,15.9215,112.77649999999998
P2PCollector+nearest (k=0),0,SPATIAL_IMBALANCE,20,1,10000,1,4,1,n/a,0.22799999999999998,1436.732,10.805,115.923
P2PCollector+nearest (k=0),0,SPATIAL_IMBALANCE,20,1,20000,1,4,1,n/a,0.23500000000000001,1458.8685,11.381499999999999,118.737
P2PCollector+nearest (k=0),0,SPATIAL_ISLANDS,5,1,1000,1,4,1,n/a,0.01,12793.380000000001,44.595,46.78
P2PCollector+nearest (k=0),0,SPATIAL_ISLANDS,5,1,5000,1,4,1,n/a,0.01,3912.244,30.695,130.98499999999999
P2PCollector+nearest (k=0),0,SPATIAL_ISLANDS,5,1,10000,1,4,1,n/a,0.017,2505.044,24.772,147.652
P2PCollector+nearest (k=0),0,SPATIAL_ISLANDS,5,1,20000,1,4,1,n/a,0.022,2159.668,21.008,151.077
P2PCollector+nearest (k=0),0,SPATIAL_ISLANDS,10,1,1000,1,4,1,n/a,0.02,10071.628,43.114999999999995,54.49400000000001
P2PCollector+nearest (k=0),0,SPATIAL_ISLANDS,10,1,5000,1,4,1,n/a,0.035,2838.297,20.8345,105.011
P2PCollector+nearest (k=0),0,SPATIAL_ISLANDS,10,1,10000,1,4,1,n/a,0.043000000000000003,2084.142,16.3505,111.14500000000001
P2PCollector+nearest (k=0),0,SPATIAL_ISLANDS,10,1,20000,1,4,1,n/a,0.05600000000000001,1672.676,14.242500000000001,115.24849999999999
P2PCollector+nearest (k=0),0,SPATIAL_ISLANDS,20,1,1000,1,4,1,n/a,0.065,8835.371000000001,44.6,66.801
P2PCollector+nearest (k=0),0,SPATIAL_ISLANDS,20,1,5000,1,4,1,n/a,0.158,1933.756,13.237,111.25550000000001
P2PCollector+nearest (k=0),0,SPATIAL_ISLANDS,20,1,10000,1,4,1,n/a,0.2165,1626.669,12.4465,113.9325
P2PCollector+nearest (k=0),0,SPATIAL_ISLANDS,20,1,20000,1,4,1,n/a,0.22799999999999998,1622.339,12.88,118.479
P2PCollector+nearest (k=1),1,BASELINE,5,1,1000,1,4,1,n/a,0.033,9061.439999999999,129.184,569.2090000000001
P2PCollector+nearest (k=1),1,BASELINE,5,1,5000,1,4,1,n/a,0.031,4099.568,50.594,312.432
P2PCollector+nearest (k=1),1,BASELINE,5,1,10000,1,4,1,n/a,0.025,2845.26,32.298,231.81199999999998
P2PCollector+nearest (k=1),1,BASELINE,5,1,20000,1,4,1,n/a,0.028000000000000004,2632.324,29.496999999999996,173.453
P2PCollector+nearest (k=1),1,BASELINE,10,1,1000,1,4,1,n/a,0.0955,5745.865,77.809,423.668
P2PCollector+nearest (k=1),1,BASELINE,10,1,5000,1,4,1,n/a,0.081,2447.594,26.387,208.6435
P2PCollector+nearest (k=1),1,BASELINE,10,1,10000,1,4,1,n/a,0.0665,2010.614,18.842,165.885
P2PCollector+nearest (k=1),1,BASELINE,10,1,20000,1,4,1,n/a,0.05450000000000001,2067.243,19.786,132.00650000000002
P2PCollector+nearest (k=1),1,BASELINE,20,1,1000,1,4,1,n/a,0.344,3988.4995000000004,52.588499999999996,345.01750000000004
P2PCollector+nearest (k=1),1,BASELINE,20,1,5000,1,4,1,n/a,0.29700000000000004,1932.5735,17.567,174.7065
P2PCollector+nearest (k=1),1,BASELINE,20,1,10000,1,4,1,n/a,0.22149999999999997,1744.0384999999999,14.1845,134.3075
P2PCollector+nearest (k=1),1,BASELINE,20,1,20000,1,4,1,n/a,0.1945,1903.7459999999999,16.8595,125.83699999999999
P2PCollector+nearest (k=1),1,SPATIAL_IMBALANCE,5,1,1000,1,4,1,n/a,0.01,13469.168,28.756,40.867000000000004
P2PCollector+nearest (k=1),1,SPATIAL_IMBALANCE,5,1,5000,1,4,1,n/a,0.012,3684.7520000000004,28.699,139.399
P2PCollector+nearest (k=1),1,SPATIAL_IMBALANCE,5,1,10000,1,4,1,n/a,0.02,2311.168,23.292,152.307
P2PCollector+nearest (k=1),1,SPATIAL_IMBALANCE,5,1,20000,1,4,1,n/a,0.027999999999999997,2274.62,25.209,155.267
P2PCollector+nearest (k=1),1,SPATIAL_IMBALANCE,10,1,1000,1,4,1,n/a,0.020999999999999998,12038.021,37.058499999999995,47.6975
P2PCollector+nearest (k=1),1,SPATIAL_IMBALANCE,10,1,5000,1,4,1,n/a,0.0295,2895.796,22.182,114.4775
P2PCollector+nearest (k=1),1,SPATIAL_IMBALANCE,10,1,10000,1,4,1,n/a,0.05450000000000001,1771.5430000000001,15.1845,120.1185
P2PCollector+nearest (k=1),1,SPATIAL_IMBALANCE,10,1,20000,1,4,1,n/a,0.059,1800.119,16.9865,118.03800000000001
P2PCollector+nearest (k=1),1,SPATIAL_IMBALANCE,20,1,1000,1,4,1,n/a,0.062,9900.4865,50.4445,61.487
P2PCollector+nearest (k=1),1,SPATIAL_IMBALANCE,20,1,5000,1,4,1,n/a,0.1125,2256.7685,16.247999999999998,113.8735
P2PCollector+nearest (k=1),1,SPATIAL_IMBALANCE,20,1,10000,1,4,1,n/a,0.20600000000000002,1508.15,11.9295,115.651
P2PCollector+nearest (k=1),1,SPATIAL_IMBALANCE,20,1,20000,1,4,1,n/a,0.23850000000000002,1706.73,15.514500000000002,118.102
P2PCollector+nearest (k=1),1,SPATIAL_ISLANDS,5,1,1000,1,4,1,n/a,0.01,12812.788,42.472,46.307
P2PCollector+nearest (k=1),1,SPATIAL_ISLANDS,5,1,5000,1,4,1,n/a,0.011,3744.8959999999997,31.299,133.09099999999998
P2PCollector+nearest (k=1),1,SPATIAL_ISLANDS,5,1,10000,1,4,1,n/a,0.017,2564.3360000000002,24.805,147.509
P2PCollector+nearest (k=1),1,SPATIAL_ISLANDS,5,1,20000,1,4,1,n/a,0.023,2322.772,25.368000000000002,159.535
P2PCollector+nearest (k=1),1,SPATIAL_ISLANDS,10,1,1000,1,4,1,n/a,0.02,10054.291000000001,43.1605,54.6745
P2PCollector+nearest (k=1),1,SPATIAL_ISLANDS,10,1,5000,1,4,1,n/a,0.037,2836.83,19.9945,105.35
P2PCollector+nearest (k=1),1,SPATIAL_ISLANDS,10,1,10000,1,4,1,n/a,0.0505,2039.045,17.9725,114.002
P2PCollector+nearest (k=1),1,SPATIAL_ISLANDS,10,1,20000,1,4,1,n/a,0.052500000000000005,1867.437,17.4845,121.227
P2PCollector+nearest (k=1),1,SPATIAL_ISLANDS,20,1,1000,1,4,1,n/a,0.0655,8810.3295,44.4675,67.0765
P2PCollector+nearest (k=1),1,SPATIAL_ISLANDS,20,1,5000,1,4,1,n/a,0.151,1879.3509999999999,13.24,112.773
P2PCollector+nearest (k=1),1,SPATIAL_ISLANDS,20,1,10000,1,4,1,n/a,0.195,1635.691,13.117500000000001,116.24849999999999
P2PCollector+nearest (k=1),1,SPATIAL_ISLANDS,20,1,20000,1,4,1,n/a,0.211,1801.238,15.881,121.42
P2PCollector+nearest (k=2),2,BASELINE,5,1,1000,1,4,1,n/a,0.031,8351.432,112.58900000000001,613.2909999999999
P2PCollector+nearest (k=2),2,BASELINE,5,1,5000,1,4,1,n/a,0.03,4021.6040000000003,51.794000000000004,304.577
P2PCollector+nearest (k=2),2,BASELINE,5,1,10000,1,4,1,n/a,0.028999999999999998,3103.524,36.972,213.37199999999999
P2PCollector+nearest (k=2),2,BASELINE,5,1,20000,1,4,1,n/a,0.026000000000000002,2741.688,31.308,177.066
P2PCollector+nearest (k=2),2,BASELINE,10,1,1000,1,4,1,n/a,0.0985,5659.411,76.31750000000001,422.68100000000004
P2PCollector+nearest (k=2),2,BASELINE,10,1,5000,1,4,1,n/a,0.08299999999999999,2474.787,26.9635,204.7285
P2PCollector+nearest (k=2),2,BASELINE,10,1,10000,1,4,1,n/a,0.063,2013.545,18.9405,149.783
P2PCollector+nearest (k=2),2,BASELINE,10,1,20000,1,4,1,n/a,0.05700000000000001,2219.6220000000003,22.349,136.84949999999998
P2PCollector+nearest (k=2),2,BASELINE,20,1,1000,1,4,1,n/a,0.3485,3954.9665,51.6245,338.1775
P2PCollector+nearest (k=2),2,BASELINE,20,1,5000,1,4,1,n/a,0.28200000000000003,1989.2915,18.488,174.9315
P2PCollector+nearest (k=2),2,BASELINE,20,1,10000,1,4,1,n/a,0.217,1778.4045,14.6905,134.01749999999998
P2PCollector+nearest (k=2),2,BASELINE,20,1,20000,1,4,1,n/a,0.2165,2011.7775000000001,18.625,129.69400000000002
P2PCollector+nearest (k=2),2,SPATIAL_IMBALANCE,5,1,1000,1,4,1,n/a,0.01,13469.168,28.756,40.867000000000004
P2PCollector+nearest (k=2),2,SPATIAL_IMBALANCE,5,1,5000,1,4,1,n/a,0.012,3796.504,29.412,138.285
P2PCollector+nearest (k=2),2,SPATIAL_IMBALANCE,5,1,10000,1,4,1,n/a,0.019,2311.62,23.274,151.97
P2PCollector+nearest (k=2),2,SPATIAL_IMBALANCE,5,1,20000,1,4,1,n/a,0.028999999999999998,2386.4,27.336000000000002,156.799
P2PCollector+nearest (k=2),2,SPATIAL_IMBALANCE,10,1,1000,1,4,1,n/a,0.02,12038.021,37.058499999999995,47.6975
P2PCollector+nearest (k=2),2,SPATIAL_IMBALANCE,10,1,5000,1,4,1,n/a,0.032,2951.638,22.128,114.30799999999999
P2PCollector+nearest (k=2),2,SPATIAL_IMBALANCE,10,1,10000,1,4,1,n/a,0.053000000000000005,1817.493,15.7655,121.28699999999999
P2PCollector+nearest (k=2),2,SPATIAL_IMBALANCE,10,1,20000,1,4,1,n/a,0.073,1909.1,18.823,120.65299999999999
P2PCollector+nearest (k=2),2,SPATIAL_IMBALANCE,20,1,1000,1,4,1,n/a,0.0625,9910.041500000001,50.7695,61.371
P2PCollector+nearest (k=2),2,SPATIAL_IMBALANCE,20,1,5000,1,4,1,n/a,0.11750000000000001,2259.8035,16.1565,115.20450000000001
P2PCollector+nearest (k=2),2,SPATIAL_IMBALANCE,20,1,10000,1,4,1,n/a,0.2165,1578.905,13.1155,117.84349999999999
P2PCollector+nearest (k=2),2,SPATIAL_IMBALANCE,20,1,20000,1,4,1,n/a,0.3005,1798.4740000000002,17.070500000000003,120.391
P2PCollector+nearest (k=2),2,SPATIAL_ISLANDS,5,1,1000,1,4,1,n/a,0.01,12812.788,42.472,46.307
P2PCollector+nearest (k=2),2,SPATIAL_ISLANDS,5,1,5000,1,4,1,n/a,0.01,3892.744,32.503,133.179
P2PCollector+nearest (k=2),2,SPATIAL_ISLANDS,5,1,10000,1,4,1,n/a,0.017,2547.6719999999996,26.062,152.618
P2PCollector+nearest (k=2),2,SPATIAL_ISLANDS,5,1,20000,1,4,1,n/a,0.025,2368.3959999999997,26.187,161.403
P2PCollector+nearest (k=2),2,SPATIAL_ISLANDS,10,1,1000,1,4,1,n/a,0.0205,10086.006,43.298,54.416
P2PCollector+nearest (k=2),2,SPATIAL_ISLANDS,10,1,5000,1,4,1,n/a,0.037,2698.184,21.182499999999997,108.47349999999999
P2PCollector+nearest (k=2),2,SPATIAL_ISLANDS,10,1,10000,1,4,1,n/a,0.048,2042.0759999999998,17.653,117.36500000000001
P2PCollector+nearest (k=2),2,SPATIAL_ISLANDS,10,1,20000,1,4,1,n/a,0.0605,2032.416,20.2835,126.29549999999999
P2PCollector+nearest (k=2),2,SPATIAL_ISLANDS,20,1,1000,1,4,1,n/a,0.0655,8805.278,44.5805,67.1365
P2PCollector+nearest (k=2),2,SPATIAL_ISLANDS,20,1,5000,1,4,1,n/a,0.15350000000000003,1870.3044999999997,13.318000000000001,114.3395
P2PCollector+nearest (k=2),2,SPATIAL_ISLANDS,20,1,10000,1,4,1,n/a,0.195,1713.4904999999999,14.427000000000001,119.623
P2PCollector+nearest (k=2),2,SPATIAL_ISLANDS,20,1,20000,1,4,1,n/a,0.246,1951.0135000000002,18.3625,126.09400000000001
P2PCollector+nearest (k=5),5,BASELINE,5,1,1000,1,4,1,n/a,0.03,8900.047999999999,126.30199999999999,597.9590000000001
P2PCollector+nearest (k=5),5,BASELINE,5,1,5000,1,4,1,n/a,0.031,4006.976,50.705,296.149
P2PCollector+nearest (k=5),5,BASELINE,5,1,10000,1,4,1,n/a,0.024,2775.116,31.248,195.00799999999998
P2PCollector+nearest (k=5),5,BASELINE,5,1,20000,1,4,1,n/a,0.026000000000000002,2617.284,29.025,164.7
P2PCollector+nearest (k=5),5,BASELINE,10,1,1000,1,4,1,n/a,0.0995,5916.5830000000005,81.32849999999999,486.75200000000007
P2PCollector+nearest (k=5),5,BASELINE,10,1,5000,1,4,1,n/a,0.08299999999999999,2558.418,28.124000000000002,219.0795
P2PCollector+nearest (k=5),5,BASELINE,10,1,10000,1,4,1,n/a,0.0655,2099.261,20.3605,155.91649999999998
P2PCollector+nearest (k=5),5,BASELINE,10,1,20000,1,4,1,n/a,0.059,2246.538,22.813499999999998,135.36700000000002
P2PCollector+nearest (k=5),5,BASELINE,20,1,1000,1,4,1,n/a,0.348,3939.5275,51.54,323.16549999999995
P2PCollector+nearest (k=5),5,BASELINE,20,1,5000,1,4,1,n/a,0.2765,1953.0255000000002,17.853,169.535
P2PCollector+nearest (k=5),5,BASELINE,20,1,10000,1,4,1,n/a,0.22000000000000003,1949.6770000000001,17.647,139.5045
P2PCollector+nearest (k=5),5,BASELINE,20,1,20000,1,4,1,n/a,0.2865,2187.0895,21.622999999999998,133.5155
P2PCollector+nearest (k=5),5,SPATIAL_IMBALANCE,5,1,1000,1,4,1,n/a,0.01,13469.168,28.756,40.867000000000004
P2PCollector+nearest (k=5),5,SPATIAL_IMBALANCE,5,1,5000,1,4,1,n/a,0.011,3808.668,29.649,138.502
P2PCollector+nearest (k=5),5,SPATIAL_IMBALANCE,5,1,10000,1,4,1,n/a,0.020999999999999998,2354.904,23.509,152.175
P2PCollector+nearest (k=5),5,SPATIAL_IMBALANCE,5,1,20000,1,4,1,n/a,0.034,2425.832,27.845,158.001
P2PCollector+nearest (k=5),5,SPATIAL_IMBALANCE,10,1,1000,1,4,1,n/a,0.022,12038.023,37.058499999999995,47.6975
P2PCollector+nearest (k=5),5,SPATIAL_IMBALANCE,10,1,5000,1,4,1,n/a,0.037,2926.457,22.5435,115.503
P2PCollector+nearest (k=5),5,SPATIAL_IMBALANCE,10,1,10000,1,4,1,n/a,0.053000000000000005,1871.217,16.785999999999998,122.55799999999999
P2PCollector+nearest (k=5),5,SPATIAL_IMBALANCE,10,1,20000,1,4,1,n/a,0.089,2057.013,21.337,124.701
P2PCollector+nearest (k=5),5,SPATIAL_IMBALANCE,20,1,1000,1,4,1,n/a,0.063,9880.127499999999,50.6745,61.7025
P2PCollector+nearest (k=5),5,SPATIAL_IMBALANCE,20,1,5000,1,4,1,n/a,0.11300000000000002,2284.369,16.732,116.797
P2PCollector+nearest (k=5),5,SPATIAL_IMBALANCE,20,1,10000,1,4,1,n/a,0.225,1679.511,14.831,120.74950000000001
P2PCollector+nearest (k=5),5,SPATIAL_IMBALANCE,20,1,20000,1,4,1,n/a,0.3955,1899.486,18.753999999999998,122.833
P2PCollector+nearest (k=5),5,SPATIAL_ISLANDS,5,1,1000,1,4,1,n/a,0.01,12812.788,42.472,46.307
P2PCollector+nearest (k=5),5,SPATIAL_ISLANDS,5,1,5000,1,4,1,n/a,0.011,3796.072,33.802,133.908
P2PCollector+nearest (k=5),5,SPATIAL_ISLANDS,5,1,10000,1,4,1,n/a,0.018,2634.596,27.183,155.004
P2PCollector+nearest (k=5),5,SPATIAL_ISLANDS,5,1,20000,1,4,1,n/a,0.027999999999999997,2413.272,26.934000000000005,164.74099999999999
P2PCollector+nearest (k=5),5,SPATIAL_ISLANDS,10,1,1000,1,4,1,n/a,0.0215,10087.604000000001,43.3395,54.405499999999996
P2PCollector+nearest (k=5),5,SPATIAL_ISLANDS,10,1,5000,1,4,1,n/a,0.039,2681.7470000000003,21.669999999999998,108.8545
P2PCollector+nearest (k=5),5,SPATIAL_ISLANDS,10,1,10000,1,4,1,n/a,0.0495,2107.577,20.066499999999998,121.85149999999999
P2PCollector+nearest (k=5),5,SPATIAL_ISLANDS,10,1,20000,1,4,1,n/a,0.074,2158.492,22.4645,131.95999999999998
P2PCollector+nearest (k=5),5,SPATIAL_ISLANDS,20,1,1000,1,4,1,n/a,0.0655,8760.6935,45.088,67.4385
P2PCollector+nearest (k=5),5,SPATIAL_ISLANDS,20,1,5000,1,4,1,n/a,0.16,1957.4829999999997,14.414000000000001,116.55199999999999
P2PCollector+nearest (k=5),5,SPATIAL_ISLANDS,20,1,10000,1,4,1,n/a,0.219,1870.4805000000001,17.0765,124.98299999999999
P2PCollector+nearest (k=5),5,SPATIAL_ISLANDS,20,1,20000,1,4,1,n/a,0.3275,2140.812,21.631,132.764
SinglePassenger,0,BASELINE,5,1,-1,-1,-1,-1,n/a,0.0,3251.04,39.935,193.621
SinglePassenger,0,BASELINE,10,1,-1,-1,-1,-1,n/a,0.0,2185.884,21.5885,131.768
SinglePassenger,0,BASELINE,20,1,-1,-1,-1,-1,n/a,0.0,2078.077,19.753,129.002
SinglePassenger,0,SPATIAL_IMBALANCE,5,1,-1,-1,-1,-1,n/a,0.0,2596.84,30.722999999999995,165.61399999999998
SinglePassenger,0,SPATIAL_IMBALANCE,10,1,-1,-1,-1,-1,n/a,0.0,1950.8110000000001,19.494999999999997,121.05550000000001
SinglePassenger,0,SPATIAL_IMBALANCE,20,1,-1,-1,-1,-1,n/a,0.0,1769.578,16.5215,115.8385
SinglePassenger,0,SPATIAL_ISLANDS,5,1,-1,-1,-1,-1,n/a,0.0,2591.672,29.883999999999997,174.83499999999998
SinglePassenger,0,SPATIAL_ISLANDS,10,1,-1,-1,-1,-1,n/a,0.0,1999.1150000000002,19.691,126.0095
SinglePassenger,0,SPATIAL_ISLANDS,20,1,-1,-1,-1,-1,n/a,0.0,2014.609,19.362000000000002,126.061
VehicleRouting,0,BASELINE,5,1,-1,-1,-1,-1,n/a,0.11400000000000002,3043.424,25.741000000000003,169.799
VehicleRouting,0,BASELINE,10,1,-1,-1,-1,-1,n/a,0.6769999999999999,2326.538,19.861,121.2565
VehicleRouting,0,BASELINE,20,1,-1,-1,-1,-1,n/a,7.8215,2149.1915,17.9945,112.4635
VehicleRouting,0,SPATIAL_IMBALANCE,5,1,-1,-1,-1,-1,n/a,0.094,2671.228,24.753999999999998,158.26500000000001
VehicleRouting,0,SPATIAL_IMBALANCE,10,1,-1,-1,-1,-1,n/a,0.5765,2051.3419999999996,18.089,112.87950000000001
VehicleRouting,0,SPATIAL_IMBALANCE,20,1,-1,-1,-1,-1,n/a,6.6370000000000005,1983.691,17.231,106.06200000000001
VehicleRouting,0,SPATIAL_ISLANDS,5,1,-1,-1,-1,-1,n/a,0.092,2703.82,24.282999999999998,162.969
VehicleRouting,0,SPATIAL_ISLANDS,10,1,-1,-1,-1,-1,n/a,0.7070000000000001,2233.022,19.3535,118.04249999999999
VehicleRouting,0,SPATIAL_ISLANDS,20,1,-1,-1,-1,-1,n/a,9.385,2310.419,19.628,115.88699999999999
