timestamp,algorithm,kHops,p2pRequestRepublishTicks,p2pRqsRadius,taxiCount,clientCount,taxiSeatCount,p2pStrategy,p2pOverlayMinNeighbors,p2pOverlayMaxNeighbors,p2pOverlayShortcuts,p2pOverlayMaxDistanceFactor,p2pTopologyScanTicks,idleRoamingEnabled,idleRoamingStrategy,idleRoamingMode,spawnScenario,runIndex,worldSeed,metric,min,max,avg,sum,count,spread
2026-06-04T12:25:02.994375100Z,TaxiAlgorithmP2PCollector,0,12,1000,60,800,1,nearest,1,4,0,1,50,true,past-avg,past-avg,BASELINE,1,218375489,Taxi Travel Distance [km],0.0,413.83,135.03,8101.99,60,413.83
2026-06-04T12:25:02.994375100Z,TaxiAlgorithmP2PCollector,0,12,1000,60,800,1,nearest,1,4,0,1,50,true,past-avg,past-avg,BASELINE,1,218375489,Client Waiting Time [min],0.03,19.88,1.56,1241.82,798,19.849999999999998
2026-06-04T12:25:02.994375100Z,TaxiAlgorithmP2PCollector,0,12,1000,60,800,1,nearest,1,4,0,1,50,true,past-avg,past-avg,BASELINE,1,218375489,Client Travel Time [min],36.0,1445.0,328.45,262763.0,800,1409.0
2026-06-04T12:25:02.994375100Z,TaxiAlgorithmP2PCollector,0,12,1000,60,800,1,nearest,1,4,0,1,50,true,past-avg,past-avg,BASELINE,1,218375489,Calculation Time [millis],0.0,10.0,0.03,1276.0,40225,10.0
2026-06-04T12:25:02.994375100Z,TaxiAlgorithmP2PCollector,0,12,1000,60,800,1,nearest,1,4,0,1,50,true,past-avg,past-avg,BASELINE,1,218375489,Custom Time [micros],0.0,0.0,0.0,0.0,40225,0.0
2026-06-04T12:25:02.994375100Z,TaxiAlgorithmP2PCollector,0,12,1000,60,800,1,nearest,1,4,0,1,50,true,past-avg,past-avg,BASELINE,1,218375489,Simulation Time [millis],0.0,11.0,0.04,1657.0,40225,11.0
2026-06-04T12:25:15.561629600Z,TaxiAlgorithmP2PCollector,0,12,1000,600,8000,1,nearest,1,4,0,1,50,true,past-avg,past-avg,BASELINE,1,218375489,Taxi Travel Distance [km],0.0,573.36,105.28,63167.76,600,573.36
2026-06-04T12:25:15.561629600Z,TaxiAlgorithmP2PCollector,0,12,1000,600,8000,1,nearest,1,4,0,1,50,true,past-avg,past-avg,BASELINE,1,218375489,Client Waiting Time [min],0.03,2.42,0.53,4213.65,8000,2.39
2026-06-04T12:25:15.561629600Z,TaxiAlgorithmP2PCollector,0,12,1000,600,8000,1,nearest,1,4,0,1,50,true,past-avg,past-avg,BASELINE,1,218375489,Client Travel Time [min],25.0,608.0,266.64,2133107.0,8000,583.0
2026-06-04T12:25:15.561629600Z,TaxiAlgorithmP2PCollector,0,12,1000,600,8000,1,nearest,1,4,0,1,50,true,past-avg,past-avg,BASELINE,1,218375489,Calculation Time [millis],0.0,11.0,0.2,7891.0,40454,11.0
2026-06-04T12:25:15.561629600Z,TaxiAlgorithmP2PCollector,0,12,1000,600,8000,1,nearest,1,4,0,1,50,true,past-avg,past-avg,BASELINE,1,218375489,Custom Time [micros],0.0,0.0,0.0,0.0,40454,0.0
2026-06-04T12:25:15.561629600Z,TaxiAlgorithmP2PCollector,0,12,1000,600,8000,1,nearest,1,4,0,1,50,true,past-avg,past-avg,BASELINE,1,218375489,Simulation Time [millis],0.0,11.0,0.29,11814.0,40454,11.0
2026-06-04T12:31:58.698593100Z,TaxiAlgorithmP2PCollector,0,12,1000,2750,30000,1,nearest,1,4,0,1,50,true,past-avg,past-avg,BASELINE,1,218375489,Taxi Travel Distance [km],0.0,811.77,285.55,785274.78,2750,811.77
2026-06-04T12:31:58.698593100Z,TaxiAlgorithmP2PCollector,0,12,1000,2750,30000,1,nearest,1,4,0,1,50,true,past-avg,past-avg,BASELINE,1,218375489,Client Waiting Time [min],0.03,88.9,0.99,29767.02,29998,88.87
2026-06-04T12:31:58.698593100Z,TaxiAlgorithmP2PCollector,0,12,1000,2750,30000,1,nearest,1,4,0,1,50,true,past-avg,past-avg,BASELINE,1,218375489,Client Travel Time [min],13.0,5580.0,761.37,2.2841123E7,30000,5567.0
2026-06-04T12:31:58.698593100Z,TaxiAlgorithmP2PCollector,0,12,1000,2750,30000,1,nearest,1,4,0,1,50,true,past-avg,past-avg,BASELINE,1,218375489,Calculation Time [millis],0.0,86.0,8.81,370166.0,41998,86.0
2026-06-04T12:31:58.698593100Z,TaxiAlgorithmP2PCollector,0,12,1000,2750,30000,1,nearest,1,4,0,1,50,true,past-avg,past-avg,BASELINE,1,218375489,Custom Time [micros],0.0,0.0,0.0,0.0,41998,0.0
2026-06-04T12:31:58.698593100Z,TaxiAlgorithmP2PCollector,0,12,1000,2750,30000,1,nearest,1,4,0,1,50,true,past-avg,past-avg,BASELINE,1,218375489,Simulation Time [millis],0.0,87.0,9.56,401636.0,41998,87.0
2026-06-04T12:32:00.834647700Z,TaxiAlgorithmP2PCollector,0,12,1000,60,800,1,nearest,1,4,0,1,50,true,past-avg,past-avg,RUSH_HOUR,1,218375489,Taxi Travel Distance [km],0.0,300.76,122.1,7325.88,60,300.76
2026-06-04T12:32:00.834647700Z,TaxiAlgorithmP2PCollector,0,12,1000,60,800,1,nearest,1,4,0,1,50,true,past-avg,past-avg,RUSH_HOUR,1,218375489,Client Waiting Time [min],0.1,48.05,2.56,2037.13,796,47.949999999999996
2026-06-04T12:32:00.834647700Z,TaxiAlgorithmP2PCollector,0,12,1000,60,800,1,nearest,1,4,0,1,50,true,past-avg,past-avg,RUSH_HOUR,1,218375489,Client Travel Time [min],27.0,3745.0,386.56,309246.0,800,3718.0
2026-06-04T12:32:00.834647700Z,TaxiAlgorithmP2PCollector,0,12,1000,60,800,1,nearest,1,4,0,1,50,true,past-avg,past-avg,RUSH_HOUR,1,218375489,Calculation Time [millis],0.0,3.0,0.02,994.0,43674,3.0
2026-06-04T12:32:00.834647700Z,TaxiAlgorithmP2PCollector,0,12,1000,60,800,1,nearest,1,4,0,1,50,true,past-avg,past-avg,RUSH_HOUR,1,218375489,Custom Time [micros],0.0,0.0,0.0,0.0,43674,0.0
2026-06-04T12:32:00.834647700Z,TaxiAlgorithmP2PCollector,0,12,1000,60,800,1,nearest,1,4,0,1,50,true,past-avg,past-avg,RUSH_HOUR,1,218375489,Simulation Time [millis],0.0,3.0,0.03,1256.0,43674,3.0
2026-06-04T12:32:11.801110700Z,TaxiAlgorithmP2PCollector,0,12,1000,600,8000,1,nearest,1,4,0,1,50,true,past-avg,past-avg,RUSH_HOUR,1,218375489,Taxi Travel Distance [km],0.0,440.3,102.98,61786.29,600,440.3
2026-06-04T12:32:11.801110700Z,TaxiAlgorithmP2PCollector,0,12,1000,600,8000,1,nearest,1,4,0,1,50,true,past-avg,past-avg,RUSH_HOUR,1,218375489,Client Waiting Time [min],0.03,5.17,0.53,4245.13,8000,5.14
2026-06-04T12:32:11.801110700Z,TaxiAlgorithmP2PCollector,0,12,1000,600,8000,1,nearest,1,4,0,1,50,true,past-avg,past-avg,RUSH_HOUR,1,218375489,Client Travel Time [min],17.0,773.0,266.29,2130344.0,8000,756.0
2026-06-04T12:32:11.801110700Z,TaxiAlgorithmP2PCollector,0,12,1000,600,8000,1,nearest,1,4,0,1,50,true,past-avg,past-avg,RUSH_HOUR,1,218375489,Calculation Time [millis],0.0,15.0,0.17,7022.0,40252,15.0
2026-06-04T12:32:11.801110700Z,TaxiAlgorithmP2PCollector,0,12,1000,600,8000,1,nearest,1,4,0,1,50,true,past-avg,past-avg,RUSH_HOUR,1,218375489,Custom Time [micros],0.0,0.0,0.0,0.0,40252,0.0
2026-06-04T12:32:11.801110700Z,TaxiAlgorithmP2PCollector,0,12,1000,600,8000,1,nearest,1,4,0,1,50,true,past-avg,past-avg,RUSH_HOUR,1,218375489,Simulation Time [millis],0.0,15.0,0.27,10767.0,40252,15.0
2026-06-04T12:51:13.457296300Z,TaxiAlgorithmP2PCollector,0,12,1000,2750,30000,1,nearest,1,4,0,1,50,true,past-avg,past-avg,RUSH_HOUR,1,218375489,Taxi Travel Distance [km],0.0,808.23,231.42,636397.54,2750,808.23
2026-06-04T12:51:13.457296300Z,TaxiAlgorithmP2PCollector,0,12,1000,2750,30000,1,nearest,1,4,0,1,50,true,past-avg,past-avg,RUSH_HOUR,1,218375489,Client Waiting Time [min],0.03,138.97,4.35,130188.17,29948,138.94
2026-06-04T12:51:13.457296300Z,TaxiAlgorithmP2PCollector,0,12,1000,2750,30000,1,nearest,1,4,0,1,50,true,past-avg,past-avg,RUSH_HOUR,1,218375489,Client Travel Time [min],24.0,19418.0,951.94,2.8558335E7,30000,19394.0
2026-06-04T12:51:13.457296300Z,TaxiAlgorithmP2PCollector,0,12,1000,2750,30000,1,nearest,1,4,0,1,50,true,past-avg,past-avg,RUSH_HOUR,1,218375489,Calculation Time [millis],0.0,184.0,19.01,1101314.0,57942,184.0
2026-06-04T12:51:13.457296300Z,TaxiAlgorithmP2PCollector,0,12,1000,2750,30000,1,nearest,1,4,0,1,50,true,past-avg,past-avg,RUSH_HOUR,1,218375489,Custom Time [micros],0.0,0.0,0.0,0.0,57942,0.0
2026-06-04T12:51:13.457296300Z,TaxiAlgorithmP2PCollector,0,12,1000,2750,30000,1,nearest,1,4,0,1,50,true,past-avg,past-avg,RUSH_HOUR,1,218375489,Simulation Time [millis],0.0,185.0,19.66,1139103.0,57942,185.0
2026-06-04T12:51:15.590521500Z,TaxiAlgorithmP2PCollector,0,12,1000,60,800,1,nearest,1,4,0,1,50,true,past-avg,past-avg,SPATIAL_IMBALANCE,1,218375489,Taxi Travel Distance [km],0.0,450.15,117.45,7047.21,60,450.15
2026-06-04T12:51:15.590521500Z,TaxiAlgorithmP2PCollector,0,12,1000,60,800,1,nearest,1,4,0,1,50,true,past-avg,past-avg,SPATIAL_IMBALANCE,1,218375489,Client Waiting Time [min],0.08,46.87,1.31,1042.72,799,46.79
2026-06-04T12:51:15.590521500Z,TaxiAlgorithmP2PCollector,0,12,1000,60,800,1,nearest,1,4,0,1,50,true,past-avg,past-avg,SPATIAL_IMBALANCE,1,218375489,Client Travel Time [min],30.0,3025.0,279.13,223302.0,800,2995.0
2026-06-04T12:51:15.590521500Z,TaxiAlgorithmP2PCollector,0,12,1000,60,800,1,nearest,1,4,0,1,50,true,past-avg,past-avg,SPATIAL_IMBALANCE,1,218375489,Calculation Time [millis],0.0,18.0,0.02,670.0,40462,18.0
2026-06-04T12:51:15.590521500Z,TaxiAlgorithmP2PCollector,0,12,1000,60,800,1,nearest,1,4,0,1,50,true,past-avg,past-avg,SPATIAL_IMBALANCE,1,218375489,Custom Time [micros],0.0,0.0,0.0,0.0,40462,0.0
2026-06-04T12:51:15.590521500Z,TaxiAlgorithmP2PCollector,0,12,1000,60,800,1,nearest,1,4,0,1,50,true,past-avg,past-avg,SPATIAL_IMBALANCE,1,218375489,Simulation Time [millis],0.0,18.0,0.02,904.0,40462,18.0
2026-06-04T12:51:26.361993700Z,TaxiAlgorithmP2PCollector,0,12,1000,600,8000,1,nearest,1,4,0,1,50,true,past-avg,past-avg,SPATIAL_IMBALANCE,1,218375489,Taxi Travel Distance [km],0.0,523.0,99.29,59576.65,600,523.0
2026-06-04T12:51:26.361993700Z,TaxiAlgorithmP2PCollector,0,12,1000,600,8000,1,nearest,1,4,0,1,50,true,past-avg,past-avg,SPATIAL_IMBALANCE,1,218375489,Client Waiting Time [min],0.03,0.97,0.53,4258.37,8000,0.94
2026-06-04T12:51:26.361993700Z,TaxiAlgorithmP2PCollector,0,12,1000,600,8000,1,nearest,1,4,0,1,50,true,past-avg,past-avg,SPATIAL_IMBALANCE,1,218375489,Client Travel Time [min],21.0,612.0,232.69,1861558.0,8000,591.0
2026-06-04T12:51:26.361993700Z,TaxiAlgorithmP2PCollector,0,12,1000,600,8000,1,nearest,1,4,0,1,50,true,past-avg,past-avg,SPATIAL_IMBALANCE,1,218375489,Calculation Time [millis],0.0,16.0,0.17,6778.0,40350,16.0
2026-06-04T12:51:26.361993700Z,TaxiAlgorithmP2PCollector,0,12,1000,600,8000,1,nearest,1,4,0,1,50,true,past-avg,past-avg,SPATIAL_IMBALANCE,1,218375489,Custom Time [micros],0.0,0.0,0.0,0.0,40350,0.0
2026-06-04T12:51:26.361993700Z,TaxiAlgorithmP2PCollector,0,12,1000,600,8000,1,nearest,1,4,0,1,50,true,past-avg,past-avg,SPATIAL_IMBALANCE,1,218375489,Simulation Time [millis],0.0,23.0,0.26,10594.0,40350,23.0
2026-06-04T12:59:07.226797500Z,TaxiAlgorithmP2PCollector,0,12,1000,2750,30000,1,nearest,1,4,0,1,50,true,past-avg,past-avg,SPATIAL_IMBALANCE,1,218375489,Taxi Travel Distance [km],0.0,843.99,247.43,680442.9,2750,843.99
2026-06-04T12:59:07.226797500Z,TaxiAlgorithmP2PCollector,0,12,1000,2750,30000,1,nearest,1,4,0,1,50,true,past-avg,past-avg,SPATIAL_IMBALANCE,1,218375489,Client Waiting Time [min],0.03,85.3,1.16,34762.35,29988,85.27
2026-06-04T12:59:07.226797500Z,TaxiAlgorithmP2PCollector,0,12,1000,2750,30000,1,nearest,1,4,0,1,50,true,past-avg,past-avg,SPATIAL_IMBALANCE,1,218375489,Client Travel Time [min],25.0,5509.0,666.75,2.0002387E7,30000,5484.0
2026-06-04T12:59:07.226797500Z,TaxiAlgorithmP2PCollector,0,12,1000,2750,30000,1,nearest,1,4,0,1,50,true,past-avg,past-avg,SPATIAL_IMBALANCE,1,218375489,Calculation Time [millis],0.0,125.0,10.18,422203.0,41484,125.0
2026-06-04T12:59:07.226797500Z,TaxiAlgorithmP2PCollector,0,12,1000,2750,30000,1,nearest,1,4,0,1,50,true,past-avg,past-avg,SPATIAL_IMBALANCE,1,218375489,Custom Time [micros],0.0,0.0,0.0,0.0,41484,0.0
2026-06-04T12:59:07.226797500Z,TaxiAlgorithmP2PCollector,0,12,1000,2750,30000,1,nearest,1,4,0,1,50,true,past-avg,past-avg,SPATIAL_IMBALANCE,1,218375489,Simulation Time [millis],0.0,127.0,11.09,460093.0,41484,127.0
2026-06-04T12:59:08.718175200Z,TaxiAlgorithmP2PCollector,0,12,1000,60,800,1,nearest,1,4,0,1,50,true,past-avg,past-avg,SPATIAL_ISLANDS,1,218375489,Taxi Travel Distance [km],0.0,535.74,127.11,7626.77,60,535.74
2026-06-04T12:59:08.718175200Z,TaxiAlgorithmP2PCollector,0,12,1000,60,800,1,nearest,1,4,0,1,50,true,past-avg,past-avg,SPATIAL_ISLANDS,1,218375489,Client Waiting Time [min],0.05,33.62,1.37,1096.02,800,33.57
2026-06-04T12:59:08.718175200Z,TaxiAlgorithmP2PCollector,0,12,1000,60,800,1,nearest,1,4,0,1,50,true,past-avg,past-avg,SPATIAL_ISLANDS,1,218375489,Client Travel Time [min],42.0,2267.0,304.93,243940.0,800,2225.0
2026-06-04T12:59:08.718175200Z,TaxiAlgorithmP2PCollector,0,12,1000,60,800,1,nearest,1,4,0,1,50,true,past-avg,past-avg,SPATIAL_ISLANDS,1,218375489,Calculation Time [millis],0.0,26.0,0.02,798.0,40313,26.0
2026-06-04T12:59:08.718175200Z,TaxiAlgorithmP2PCollector,0,12,1000,60,800,1,nearest,1,4,0,1,50,true,past-avg,past-avg,SPATIAL_ISLANDS,1,218375489,Custom Time [micros],0.0,0.0,0.0,0.0,40313,0.0
2026-06-04T12:59:08.718175200Z,TaxiAlgorithmP2PCollector,0,12,1000,60,800,1,nearest,1,4,0,1,50,true,past-avg,past-avg,SPATIAL_ISLANDS,1,218375489,Simulation Time [millis],0.0,26.0,0.03,1096.0,40313,26.0
2026-06-04T12:59:23.123017700Z,TaxiAlgorithmP2PCollector,0,12,1000,600,8000,1,nearest,1,4,0,1,50,true,past-avg,past-avg,SPATIAL_ISLANDS,1,218375489,Taxi Travel Distance [km],0.0,528.25,118.01,70805.55,600,528.25
2026-06-04T12:59:23.123017700Z,TaxiAlgorithmP2PCollector,0,12,1000,600,8000,1,nearest,1,4,0,1,50,true,past-avg,past-avg,SPATIAL_ISLANDS,1,218375489,Client Waiting Time [min],0.03,4.3,0.56,4485.83,8000,4.27
2026-06-04T12:59:23.123017700Z,TaxiAlgorithmP2PCollector,0,12,1000,600,8000,1,nearest,1,4,0,1,50,true,past-avg,past-avg,SPATIAL_ISLANDS,1,218375489,Client Travel Time [min],21.0,602.0,257.35,2058811.0,8000,581.0
2026-06-04T12:59:23.123017700Z,TaxiAlgorithmP2PCollector,0,12,1000,600,8000,1,nearest,1,4,0,1,50,true,past-avg,past-avg,SPATIAL_ISLANDS,1,218375489,Calculation Time [millis],0.0,28.0,0.24,9695.0,40359,28.0
2026-06-04T12:59:23.123017700Z,TaxiAlgorithmP2PCollector,0,12,1000,600,8000,1,nearest,1,4,0,1,50,true,past-avg,past-avg,SPATIAL_ISLANDS,1,218375489,Custom Time [micros],0.0,0.0,0.0,0.0,40359,0.0
2026-06-04T12:59:23.123017700Z,TaxiAlgorithmP2PCollector,0,12,1000,600,8000,1,nearest,1,4,0,1,50,true,past-avg,past-avg,SPATIAL_ISLANDS,1,218375489,Simulation Time [millis],0.0,28.0,0.34,13848.0,40359,28.0
2026-06-04T15:27:59.031053700Z,TaxiAlgorithmP2PCollector,0,12,1000,2750,30000,1,nearest,1,4,0,1,50,true,past-avg,past-avg,SPATIAL_ISLANDS,1,218375489,Taxi Travel Distance [km],0.0,973.24,215.01,591274.57,2750,973.24
2026-06-04T15:27:59.031053700Z,TaxiAlgorithmP2PCollector,0,12,1000,2750,30000,1,nearest,1,4,0,1,50,true,past-avg,past-avg,SPATIAL_ISLANDS,1,218375489,Client Waiting Time [min],0.03,166.62,45.4,1306247.42,28774,166.59
2026-06-04T15:27:59.031053700Z,TaxiAlgorithmP2PCollector,0,12,1000,2750,30000,1,nearest,1,4,0,1,50,true,past-avg,past-avg,SPATIAL_ISLANDS,1,218375489,Client Travel Time [min],33.0,10590.0,3279.18,9.8375489E7,30000,10557.0
2026-06-04T15:27:59.031053700Z,TaxiAlgorithmP2PCollector,0,12,1000,2750,30000,1,nearest,1,4,0,1,50,true,past-avg,past-avg,SPATIAL_ISLANDS,1,218375489,Calculation Time [millis],0.0,494.0,190.79,8868801.0,46485,494.0
2026-06-04T15:27:59.031053700Z,TaxiAlgorithmP2PCollector,0,12,1000,2750,30000,1,nearest,1,4,0,1,50,true,past-avg,past-avg,SPATIAL_ISLANDS,1,218375489,Custom Time [micros],0.0,0.0,0.0,0.0,46485,0.0
2026-06-04T15:27:59.031053700Z,TaxiAlgorithmP2PCollector,0,12,1000,2750,30000,1,nearest,1,4,0,1,50,true,past-avg,past-avg,SPATIAL_ISLANDS,1,218375489,Simulation Time [millis],0.0,496.0,191.74,8913194.0,46485,496.0
2026-06-04T15:28:01.650557200Z,TaxiAlgorithmP2PCollector,0,12,2000,60,800,1,nearest,1,4,0,1,50,true,past-avg,past-avg,BASELINE,1,218375489,Taxi Travel Distance [km],0.0,346.53,116.49,6989.46,60,346.53
2026-06-04T15:28:01.650557200Z,TaxiAlgorithmP2PCollector,0,12,2000,60,800,1,nearest,1,4,0,1,50,true,past-avg,past-avg,BASELINE,1,218375489,Client Waiting Time [min],0.07,15.72,1.17,934.8,799,15.65
2026-06-04T15:28:01.650557200Z,TaxiAlgorithmP2PCollector,0,12,2000,60,800,1,nearest,1,4,0,1,50,true,past-avg,past-avg,BASELINE,1,218375489,Client Travel Time [min],49.0,995.0,306.81,245451.0,800,946.0
2026-06-04T15:28:01.650557200Z,TaxiAlgorithmP2PCollector,0,12,2000,60,800,1,nearest,1,4,0,1,50,true,past-avg,past-avg,BASELINE,1,218375489,Calculation Time [millis],0.0,16.0,0.01,303.0,40178,16.0
2026-06-04T15:28:01.650557200Z,TaxiAlgorithmP2PCollector,0,12,2000,60,800,1,nearest,1,4,0,1,50,true,past-avg,past-avg,BASELINE,1,218375489,Custom Time [micros],0.0,0.0,0.0,0.0,40178,0.0
2026-06-04T15:28:01.650557200Z,TaxiAlgorithmP2PCollector,0,12,2000,60,800,1,nearest,1,4,0,1,50,true,past-avg,past-avg,BASELINE,1,218375489,Simulation Time [millis],0.0,16.0,0.01,528.0,40178,16.0
2026-06-04T15:28:14.673716800Z,TaxiAlgorithmP2PCollector,0,12,2000,600,8000,1,nearest,1,4,0,1,50,true,past-avg,past-avg,BASELINE,1,218375489,Taxi Travel Distance [km],0.0,767.28,101.03,60616.76,600,767.28
2026-06-04T15:28:14.673716800Z,TaxiAlgorithmP2PCollector,0,12,2000,600,8000,1,nearest,1,4,0,1,50,true,past-avg,past-avg,BASELINE,1,218375489,Client Waiting Time [min],0.03,1.55,1.01,8050.83,8000,1.52
2026-06-04T15:28:14.673716800Z,TaxiAlgorithmP2PCollector,0,12,2000,600,8000,1,nearest,1,4,0,1,50,true,past-avg,past-avg,BASELINE,1,218375489,Client Travel Time [min],22.0,647.0,295.42,2363346.0,8000,625.0
2026-06-04T15:28:14.673716800Z,TaxiAlgorithmP2PCollector,0,12,2000,600,8000,1,nearest,1,4,0,1,50,true,past-avg,past-avg,BASELINE,1,218375489,Calculation Time [millis],0.0,22.0,0.18,7213.0,40493,22.0
2026-06-04T15:28:14.673716800Z,TaxiAlgorithmP2PCollector,0,12,2000,600,8000,1,nearest,1,4,0,1,50,true,past-avg,past-avg,BASELINE,1,218375489,Custom Time [micros],0.0,0.0,0.0,0.0,40493,0.0
2026-06-04T15:28:14.673716800Z,TaxiAlgorithmP2PCollector,0,12,2000,600,8000,1,nearest,1,4,0,1,50,true,past-avg,past-avg,BASELINE,1,218375489,Simulation Time [millis],0.0,22.0,0.27,11005.0,40493,22.0
2026-06-04T15:31:35.915325500Z,TaxiAlgorithmP2PCollector,0,12,2000,2750,30000,1,nearest,1,4,0,1,50,true,past-avg,past-avg,BASELINE,1,218375489,Taxi Travel Distance [km],0.0,854.19,251.02,690303.37,2750,854.19
2026-06-04T15:31:35.915325500Z,TaxiAlgorithmP2PCollector,0,12,2000,2750,30000,1,nearest,1,4,0,1,50,true,past-avg,past-avg,BASELINE,1,218375489,Client Waiting Time [min],0.03,5.35,1.03,30939.03,30000,5.319999999999999
2026-06-04T15:31:35.915325500Z,TaxiAlgorithmP2PCollector,0,12,2000,2750,30000,1,nearest,1,4,0,1,50,true,past-avg,past-avg,BASELINE,1,218375489,Client Travel Time [min],30.0,1852.0,765.1,2.2953085E7,30000,1822.0
2026-06-04T15:31:35.915325500Z,TaxiAlgorithmP2PCollector,0,12,2000,2750,30000,1,nearest,1,4,0,1,50,true,past-avg,past-avg,BASELINE,1,218375489,Calculation Time [millis],0.0,84.0,4.24,176295.0,41563,84.0
2026-06-04T15:31:35.915325500Z,TaxiAlgorithmP2PCollector,0,12,2000,2750,30000,1,nearest,1,4,0,1,50,true,past-avg,past-avg,BASELINE,1,218375489,Custom Time [micros],0.0,0.0,0.0,0.0,41563,0.0
2026-06-04T15:31:35.915325500Z,TaxiAlgorithmP2PCollector,0,12,2000,2750,30000,1,nearest,1,4,0,1,50,true,past-avg,past-avg,BASELINE,1,218375489,Simulation Time [millis],0.0,85.0,4.83,200665.0,41563,85.0
2026-06-04T15:31:36.708684700Z,TaxiAlgorithmP2PCollector,0,12,2000,60,800,1,nearest,1,4,0,1,50,true,past-avg,past-avg,RUSH_HOUR,1,218375489,Taxi Travel Distance [km],0.0,263.43,111.86,6711.5,60,263.43
2026-06-04T15:31:36.708684700Z,TaxiAlgorithmP2PCollector,0,12,2000,60,800,1,nearest,1,4,0,1,50,true,past-avg,past-avg,RUSH_HOUR,1,218375489,Client Waiting Time [min],0.05,7.13,1.12,897.82,800,7.08
2026-06-04T15:31:36.708684700Z,TaxiAlgorithmP2PCollector,0,12,2000,60,800,1,nearest,1,4,0,1,50,true,past-avg,past-avg,RUSH_HOUR,1,218375489,Client Travel Time [min],27.0,776.0,298.91,239131.0,800,749.0
2026-06-04T15:31:36.708684700Z,TaxiAlgorithmP2PCollector,0,12,2000,60,800,1,nearest,1,4,0,1,50,true,past-avg,past-avg,RUSH_HOUR,1,218375489,Calculation Time [millis],0.0,19.0,0.01,227.0,40188,19.0
2026-06-04T15:31:36.708684700Z,TaxiAlgorithmP2PCollector,0,12,2000,60,800,1,nearest,1,4,0,1,50,true,past-avg,past-avg,RUSH_HOUR,1,218375489,Custom Time [micros],0.0,0.0,0.0,0.0,40188,0.0
2026-06-04T15:31:36.708684700Z,TaxiAlgorithmP2PCollector,0,12,2000,60,800,1,nearest,1,4,0,1,50,true,past-avg,past-avg,RUSH_HOUR,1,218375489,Simulation Time [millis],0.0,19.0,0.01,454.0,40188,19.0
2026-06-04T15:31:50.592561600Z,TaxiAlgorithmP2PCollector,0,12,2000,600,8000,1,nearest,1,4,0,1,50,true,past-avg,past-avg,RUSH_HOUR,1,218375489,Taxi Travel Distance [km],0.0,659.89,103.13,61878.82,600,659.89
2026-06-04T15:31:50.592561600Z,TaxiAlgorithmP2PCollector,0,12,2000,600,8000,1,nearest,1,4,0,1,50,true,past-avg,past-avg,RUSH_HOUR,1,218375489,Client Waiting Time [min],0.03,1.57,1.03,8201.38,8000,1.54
2026-06-04T15:31:50.592561600Z,TaxiAlgorithmP2PCollector,0,12,2000,600,8000,1,nearest,1,4,0,1,50,true,past-avg,past-avg,RUSH_HOUR,1,218375489,Client Travel Time [min],22.0,631.0,295.98,2367829.0,8000,609.0
2026-06-04T15:31:50.592561600Z,TaxiAlgorithmP2PCollector,0,12,2000,600,8000,1,nearest,1,4,0,1,50,true,past-avg,past-avg,RUSH_HOUR,1,218375489,Calculation Time [millis],0.0,27.0,0.2,7984.0,40299,27.0
2026-06-04T15:31:50.592561600Z,TaxiAlgorithmP2PCollector,0,12,2000,600,8000,1,nearest,1,4,0,1,50,true,past-avg,past-avg,RUSH_HOUR,1,218375489,Custom Time [micros],0.0,0.0,0.0,0.0,40299,0.0
2026-06-04T15:31:50.592561600Z,TaxiAlgorithmP2PCollector,0,12,2000,600,8000,1,nearest,1,4,0,1,50,true,past-avg,past-avg,RUSH_HOUR,1,218375489,Simulation Time [millis],0.0,27.0,0.3,11914.0,40299,27.0
2026-06-04T15:39:01.235537600Z,TaxiAlgorithmP2PCollector,0,12,2000,2750,30000,1,nearest,1,4,0,1,50,true,past-avg,past-avg,RUSH_HOUR,1,218375489,Taxi Travel Distance [km],0.0,839.15,232.35,638949.87,2750,839.15
2026-06-04T15:39:01.235537600Z,TaxiAlgorithmP2PCollector,0,12,2000,2750,30000,1,nearest,1,4,0,1,50,true,past-avg,past-avg,RUSH_HOUR,1,218375489,Client Waiting Time [min],0.03,72.35,1.95,58629.42,29992,72.32
2026-06-04T15:39:01.235537600Z,TaxiAlgorithmP2PCollector,0,12,2000,2750,30000,1,nearest,1,4,0,1,50,true,past-avg,past-avg,RUSH_HOUR,1,218375489,Client Travel Time [min],22.0,5136.0,814.21,2.44264E7,30000,5114.0
2026-06-04T15:39:01.235537600Z,TaxiAlgorithmP2PCollector,0,12,2000,2750,30000,1,nearest,1,4,0,1,50,true,past-avg,past-avg,RUSH_HOUR,1,218375489,Calculation Time [millis],0.0,97.0,9.57,402567.0,42072,97.0
2026-06-04T15:39:01.235537600Z,TaxiAlgorithmP2PCollector,0,12,2000,2750,30000,1,nearest,1,4,0,1,50,true,past-avg,past-avg,RUSH_HOUR,1,218375489,Custom Time [micros],0.0,0.0,0.0,0.0,42072,0.0
2026-06-04T15:39:01.235537600Z,TaxiAlgorithmP2PCollector,0,12,2000,2750,30000,1,nearest,1,4,0,1,50,true,past-avg,past-avg,RUSH_HOUR,1,218375489,Simulation Time [millis],0.0,99.0,10.22,429907.0,42072,99.0
2026-06-04T15:39:01.908121Z,TaxiAlgorithmP2PCollector,0,12,2000,60,800,1,nearest,1,4,0,1,50,true,past-avg,past-avg,SPATIAL_IMBALANCE,1,218375489,Taxi Travel Distance [km],0.0,279.34,102.93,6175.57,60,279.34
2026-06-04T15:39:01.908121Z,TaxiAlgorithmP2PCollector,0,12,2000,60,800,1,nearest,1,4,0,1,50,true,past-avg,past-avg,SPATIAL_IMBALANCE,1,218375489,Client Waiting Time [min],0.08,6.43,1.06,843.95,800,6.35
2026-06-04T15:39:01.908121Z,TaxiAlgorithmP2PCollector,0,12,2000,60,800,1,nearest,1,4,0,1,50,true,past-avg,past-avg,SPATIAL_IMBALANCE,1,218375489,Client Travel Time [min],34.0,560.0,265.6,212480.0,800,526.0
2026-06-04T15:39:01.908121Z,TaxiAlgorithmP2PCollector,0,12,2000,60,800,1,nearest,1,4,0,1,50,true,past-avg,past-avg,SPATIAL_IMBALANCE,1,218375489,Calculation Time [millis],0.0,0.0,0.0,136.0,40363,0.0
2026-06-04T15:39:01.908121Z,TaxiAlgorithmP2PCollector,0,12,2000,60,800,1,nearest,1,4,0,1,50,true,past-avg,past-avg,SPATIAL_IMBALANCE,1,218375489,Custom Time [micros],0.0,0.0,0.0,0.0,40363,0.0
2026-06-04T15:39:01.908121Z,TaxiAlgorithmP2PCollector,0,12,2000,60,800,1,nearest,1,4,0,1,50,true,past-avg,past-avg,SPATIAL_IMBALANCE,1,218375489,Simulation Time [millis],0.0,0.0,0.01,349.0,40363,0.0
2026-06-04T15:39:13.314958600Z,TaxiAlgorithmP2PCollector,0,12,2000,600,8000,1,nearest,1,4,0,1,50,true,past-avg,past-avg,SPATIAL_IMBALANCE,1,218375489,Taxi Travel Distance [km],0.0,677.34,98.9,59341.81,600,677.34
2026-06-04T15:39:13.314958600Z,TaxiAlgorithmP2PCollector,0,12,2000,600,8000,1,nearest,1,4,0,1,50,true,past-avg,past-avg,SPATIAL_IMBALANCE,1,218375489,Client Waiting Time [min],0.03,1.55,1.06,8460.17,8000,1.52
2026-06-04T15:39:13.314958600Z,TaxiAlgorithmP2PCollector,0,12,2000,600,8000,1,nearest,1,4,0,1,50,true,past-avg,past-avg,SPATIAL_IMBALANCE,1,218375489,Client Travel Time [min],35.0,654.0,264.21,2113668.0,8000,619.0
2026-06-04T15:39:13.314958600Z,TaxiAlgorithmP2PCollector,0,12,2000,600,8000,1,nearest,1,4,0,1,50,true,past-avg,past-avg,SPATIAL_IMBALANCE,1,218375489,Calculation Time [millis],0.0,7.0,0.18,7450.0,40430,7.0
2026-06-04T15:39:13.314958600Z,TaxiAlgorithmP2PCollector,0,12,2000,600,8000,1,nearest,1,4,0,1,50,true,past-avg,past-avg,SPATIAL_IMBALANCE,1,218375489,Custom Time [micros],0.0,0.0,0.0,0.0,40430,0.0
2026-06-04T15:39:13.314958600Z,TaxiAlgorithmP2PCollector,0,12,2000,600,8000,1,nearest,1,4,0,1,50,true,past-avg,past-avg,SPATIAL_IMBALANCE,1,218375489,Simulation Time [millis],0.0,7.0,0.28,11232.0,40430,7.0
2026-06-04T15:42:55.261513300Z,TaxiAlgorithmP2PCollector,0,12,2000,2750,30000,1,nearest,1,4,0,1,50,true,past-avg,past-avg,SPATIAL_IMBALANCE,1,218375489,Taxi Travel Distance [km],0.0,841.1,229.7,631680.02,2750,841.1
2026-06-04T15:42:55.261513300Z,TaxiAlgorithmP2PCollector,0,12,2000,2750,30000,1,nearest,1,4,0,1,50,true,past-avg,past-avg,SPATIAL_IMBALANCE,1,218375489,Client Waiting Time [min],0.03,33.78,1.12,33725.2,30000,33.75
2026-06-04T15:42:55.261513300Z,TaxiAlgorithmP2PCollector,0,12,2000,2750,30000,1,nearest,1,4,0,1,50,true,past-avg,past-avg,SPATIAL_IMBALANCE,1,218375489,Client Travel Time [min],38.0,2594.0,665.77,1.9973139E7,30000,2556.0
2026-06-04T15:42:55.261513300Z,TaxiAlgorithmP2PCollector,0,12,2000,2750,30000,1,nearest,1,4,0,1,50,true,past-avg,past-avg,SPATIAL_IMBALANCE,1,218375489,Calculation Time [millis],0.0,96.0,4.74,196813.0,41520,96.0
2026-06-04T15:42:55.261513300Z,TaxiAlgorithmP2PCollector,0,12,2000,2750,30000,1,nearest,1,4,0,1,50,true,past-avg,past-avg,SPATIAL_IMBALANCE,1,218375489,Custom Time [micros],0.0,0.0,0.0,0.0,41520,0.0
2026-06-04T15:42:55.261513300Z,TaxiAlgorithmP2PCollector,0,12,2000,2750,30000,1,nearest,1,4,0,1,50,true,past-avg,past-avg,SPATIAL_IMBALANCE,1,218375489,Simulation Time [millis],0.0,99.0,5.33,221325.0,41520,99.0
2026-06-04T15:42:56.025077600Z,TaxiAlgorithmP2PCollector,0,12,2000,60,800,1,nearest,1,4,0,1,50,true,past-avg,past-avg,SPATIAL_ISLANDS,1,218375489,Taxi Travel Distance [km],0.0,317.13,117.06,7023.67,60,317.13
2026-06-04T15:42:56.025077600Z,TaxiAlgorithmP2PCollector,0,12,2000,60,800,1,nearest,1,4,0,1,50,true,past-avg,past-avg,SPATIAL_ISLANDS,1,218375489,Client Waiting Time [min],0.03,7.42,1.13,900.95,800,7.39
2026-06-04T15:42:56.025077600Z,TaxiAlgorithmP2PCollector,0,12,2000,60,800,1,nearest,1,4,0,1,50,true,past-avg,past-avg,SPATIAL_ISLANDS,1,218375489,Client Travel Time [min],36.0,690.0,292.66,234127.0,800,654.0
2026-06-04T15:42:56.025077600Z,TaxiAlgorithmP2PCollector,0,12,2000,60,800,1,nearest,1,4,0,1,50,true,past-avg,past-avg,SPATIAL_ISLANDS,1,218375489,Calculation Time [millis],0.0,14.0,0.0,194.0,40313,14.0
2026-06-04T15:42:56.025077600Z,TaxiAlgorithmP2PCollector,0,12,2000,60,800,1,nearest,1,4,0,1,50,true,past-avg,past-avg,SPATIAL_ISLANDS,1,218375489,Custom Time [micros],0.0,0.0,0.0,0.0,40313,0.0
2026-06-04T15:42:56.025077600Z,TaxiAlgorithmP2PCollector,0,12,2000,60,800,1,nearest,1,4,0,1,50,true,past-avg,past-avg,SPATIAL_ISLANDS,1,218375489,Simulation Time [millis],0.0,14.0,0.01,410.0,40313,14.0
2026-06-04T15:43:07.338913900Z,TaxiAlgorithmP2PCollector,0,12,2000,600,8000,1,nearest,1,4,0,1,50,true,past-avg,past-avg,SPATIAL_ISLANDS,1,218375489,Taxi Travel Distance [km],0.0,633.77,112.94,67766.22,600,633.77
2026-06-04T15:43:07.338913900Z,TaxiAlgorithmP2PCollector,0,12,2000,600,8000,1,nearest,1,4,0,1,50,true,past-avg,past-avg,SPATIAL_ISLANDS,1,218375489,Client Waiting Time [min],0.05,1.62,1.12,8936.65,8000,1.57
2026-06-04T15:43:07.338913900Z,TaxiAlgorithmP2PCollector,0,12,2000,600,8000,1,nearest,1,4,0,1,50,true,past-avg,past-avg,SPATIAL_ISLANDS,1,218375489,Client Travel Time [min],25.0,612.0,290.75,2326003.0,8000,587.0
2026-06-04T15:43:07.338913900Z,TaxiAlgorithmP2PCollector,0,12,2000,600,8000,1,nearest,1,4,0,1,50,true,past-avg,past-avg,SPATIAL_ISLANDS,1,218375489,Calculation Time [millis],0.0,12.0,0.18,7398.0,40398,12.0
2026-06-04T15:43:07.338913900Z,TaxiAlgorithmP2PCollector,0,12,2000,600,8000,1,nearest,1,4,0,1,50,true,past-avg,past-avg,SPATIAL_ISLANDS,1,218375489,Custom Time [micros],0.0,0.0,0.0,0.0,40398,0.0
2026-06-04T15:43:07.338913900Z,TaxiAlgorithmP2PCollector,0,12,2000,600,8000,1,nearest,1,4,0,1,50,true,past-avg,past-avg,SPATIAL_ISLANDS,1,218375489,Simulation Time [millis],0.0,12.0,0.28,11156.0,40398,12.0
2026-06-04T17:34:01.628094400Z,TaxiAlgorithmP2PCollector,0,12,2000,2750,30000,1,nearest,1,4,0,1,50,true,past-avg,past-avg,SPATIAL_ISLANDS,1,218375489,Taxi Travel Distance [km],0.0,958.32,224.36,617000.18,2750,958.32
2026-06-04T17:34:01.628094400Z,TaxiAlgorithmP2PCollector,0,12,2000,2750,30000,1,nearest,1,4,0,1,50,true,past-avg,past-avg,SPATIAL_ISLANDS,1,218375489,Client Waiting Time [min],0.03,152.2,35.27,1025741.08,29082,152.17
2026-06-04T17:34:01.628094400Z,TaxiAlgorithmP2PCollector,0,12,2000,2750,30000,1,nearest,1,4,0,1,50,true,past-avg,past-avg,SPATIAL_ISLANDS,1,218375489,Client Travel Time [min],41.0,9811.0,2709.28,8.1278391E7,30000,9770.0
2026-06-04T17:34:01.628094400Z,TaxiAlgorithmP2PCollector,0,12,2000,2750,30000,1,nearest,1,4,0,1,50,true,past-avg,past-avg,SPATIAL_ISLANDS,1,218375489,Calculation Time [millis],0.0,411.0,144.71,6613552.0,45701,411.0
2026-06-04T17:34:01.628094400Z,TaxiAlgorithmP2PCollector,0,12,2000,2750,30000,1,nearest,1,4,0,1,50,true,past-avg,past-avg,SPATIAL_ISLANDS,1,218375489,Custom Time [micros],0.0,0.0,0.0,0.0,45701,0.0
2026-06-04T17:34:01.628094400Z,TaxiAlgorithmP2PCollector,0,12,2000,2750,30000,1,nearest,1,4,0,1,50,true,past-avg,past-avg,SPATIAL_ISLANDS,1,218375489,Simulation Time [millis],0.0,414.0,145.58,6653343.0,45701,414.0
2026-06-04T17:34:03.121488700Z,TaxiAlgorithmP2PCollector,1,12,1000,60,800,1,nearest,1,4,0,1,50,true,past-avg,past-avg,BASELINE,1,218375489,Taxi Travel Distance [km],0.0,413.83,135.03,8101.99,60,413.83
2026-06-04T17:34:03.121488700Z,TaxiAlgorithmP2PCollector,1,12,1000,60,800,1,nearest,1,4,0,1,50,true,past-avg,past-avg,BASELINE,1,218375489,Client Waiting Time [min],0.03,19.88,1.56,1241.82,798,19.849999999999998
2026-06-04T17:34:03.121488700Z,TaxiAlgorithmP2PCollector,1,12,1000,60,800,1,nearest,1,4,0,1,50,true,past-avg,past-avg,BASELINE,1,218375489,Client Travel Time [min],36.0,1445.0,328.45,262763.0,800,1409.0
2026-06-04T17:34:03.121488700Z,TaxiAlgorithmP2PCollector,1,12,1000,60,800,1,nearest,1,4,0,1,50,true,past-avg,past-avg,BASELINE,1,218375489,Calculation Time [millis],0.0,9.0,0.02,915.0,40225,9.0
2026-06-04T17:34:03.121488700Z,TaxiAlgorithmP2PCollector,1,12,1000,60,800,1,nearest,1,4,0,1,50,true,past-avg,past-avg,BASELINE,1,218375489,Custom Time [micros],0.0,0.0,0.0,0.0,40225,0.0
2026-06-04T17:34:03.121488700Z,TaxiAlgorithmP2PCollector,1,12,1000,60,800,1,nearest,1,4,0,1,50,true,past-avg,past-avg,BASELINE,1,218375489,Simulation Time [millis],0.0,9.0,0.03,1161.0,40225,9.0
2026-06-04T17:34:26.080516200Z,TaxiAlgorithmP2PCollector,1,12,1000,600,8000,1,nearest,1,4,0,1,50,true,past-avg,past-avg,BASELINE,1,218375489,Taxi Travel Distance [km],0.0,559.64,105.89,63535.93,600,559.64
2026-06-04T17:34:26.080516200Z,TaxiAlgorithmP2PCollector,1,12,1000,600,8000,1,nearest,1,4,0,1,50,true,past-avg,past-avg,BASELINE,1,218375489,Client Waiting Time [min],0.03,6.82,0.53,4223.9,8000,6.79
2026-06-04T17:34:26.080516200Z,TaxiAlgorithmP2PCollector,1,12,1000,600,8000,1,nearest,1,4,0,1,50,true,past-avg,past-avg,BASELINE,1,218375489,Client Travel Time [min],18.0,776.0,266.71,2133691.0,8000,758.0
2026-06-04T17:34:26.080516200Z,TaxiAlgorithmP2PCollector,1,12,1000,600,8000,1,nearest,1,4,0,1,50,true,past-avg,past-avg,BASELINE,1,218375489,Calculation Time [millis],0.0,11.0,0.47,18916.0,40435,11.0
2026-06-04T17:34:26.080516200Z,TaxiAlgorithmP2PCollector,1,12,1000,600,8000,1,nearest,1,4,0,1,50,true,past-avg,past-avg,BASELINE,1,218375489,Custom Time [micros],0.0,0.0,0.0,0.0,40435,0.0
2026-06-04T17:34:26.080516200Z,TaxiAlgorithmP2PCollector,1,12,1000,600,8000,1,nearest,1,4,0,1,50,true,past-avg,past-avg,BASELINE,1,218375489,Simulation Time [millis],0.0,11.0,0.56,22764.0,40435,11.0
2026-06-04T17:43:38.159187700Z,TaxiAlgorithmP2PCollector,1,12,1000,2750,30000,1,nearest,1,4,0,1,50,true,past-avg,past-avg,BASELINE,1,218375489,Taxi Travel Distance [km],0.0,833.15,286.35,787450.05,2750,833.15
2026-06-04T17:43:38.159187700Z,TaxiAlgorithmP2PCollector,1,12,1000,2750,30000,1,nearest,1,4,0,1,50,true,past-avg,past-avg,BASELINE,1,218375489,Client Waiting Time [min],0.03,74.95,1.0,30064.62,29998,74.92
2026-06-04T17:43:38.159187700Z,TaxiAlgorithmP2PCollector,1,12,1000,2750,30000,1,nearest,1,4,0,1,50,true,past-avg,past-avg,BASELINE,1,218375489,Client Travel Time [min],22.0,5591.0,761.9,2.2857057E7,30000,5569.0
2026-06-04T17:43:38.159187700Z,TaxiAlgorithmP2PCollector,1,12,1000,2750,30000,1,nearest,1,4,0,1,50,true,past-avg,past-avg,BASELINE,1,218375489,Calculation Time [millis],0.0,91.0,12.33,520852.0,42250,91.0
2026-06-04T17:43:38.159187700Z,TaxiAlgorithmP2PCollector,1,12,1000,2750,30000,1,nearest,1,4,0,1,50,true,past-avg,past-avg,BASELINE,1,218375489,Custom Time [micros],0.0,0.0,0.0,0.0,42250,0.0
2026-06-04T17:43:38.159187700Z,TaxiAlgorithmP2PCollector,1,12,1000,2750,30000,1,nearest,1,4,0,1,50,true,past-avg,past-avg,BASELINE,1,218375489,Simulation Time [millis],0.0,92.0,13.05,551309.0,42250,92.0
2026-06-04T17:43:39.825155300Z,TaxiAlgorithmP2PCollector,1,12,1000,60,800,1,nearest,1,4,0,1,50,true,past-avg,past-avg,RUSH_HOUR,1,218375489,Taxi Travel Distance [km],0.0,297.9,122.35,7340.81,60,297.9
2026-06-04T17:43:39.825155300Z,TaxiAlgorithmP2PCollector,1,12,1000,60,800,1,nearest,1,4,0,1,50,true,past-avg,past-avg,RUSH_HOUR,1,218375489,Client Waiting Time [min],0.08,48.05,2.68,2132.52,795,47.97
2026-06-04T17:43:39.825155300Z,TaxiAlgorithmP2PCollector,1,12,1000,60,800,1,nearest,1,4,0,1,50,true,past-avg,past-avg,RUSH_HOUR,1,218375489,Client Travel Time [min],26.0,3745.0,393.61,314885.0,800,3719.0
2026-06-04T17:43:39.825155300Z,TaxiAlgorithmP2PCollector,1,12,1000,60,800,1,nearest,1,4,0,1,50,true,past-avg,past-avg,RUSH_HOUR,1,218375489,Calculation Time [millis],0.0,0.0,0.02,1034.0,43674,0.0
2026-06-04T17:43:39.825155300Z,TaxiAlgorithmP2PCollector,1,12,1000,60,800,1,nearest,1,4,0,1,50,true,past-avg,past-avg,RUSH_HOUR,1,218375489,Custom Time [micros],0.0,0.0,0.0,0.0,43674,0.0
2026-06-04T17:43:39.825155300Z,TaxiAlgorithmP2PCollector,1,12,1000,60,800,1,nearest,1,4,0,1,50,true,past-avg,past-avg,RUSH_HOUR,1,218375489,Simulation Time [millis],0.0,3.0,0.03,1303.0,43674,3.0
2026-06-04T17:44:02.044570800Z,TaxiAlgorithmP2PCollector,1,12,1000,600,8000,1,nearest,1,4,0,1,50,true,past-avg,past-avg,RUSH_HOUR,1,218375489,Taxi Travel Distance [km],0.0,445.73,103.27,61961.28,600,445.73
2026-06-04T17:44:02.044570800Z,TaxiAlgorithmP2PCollector,1,12,1000,600,8000,1,nearest,1,4,0,1,50,true,past-avg,past-avg,RUSH_HOUR,1,218375489,Client Waiting Time [min],0.03,4.85,0.53,4270.53,8000,4.819999999999999
2026-06-04T17:44:02.044570800Z,TaxiAlgorithmP2PCollector,1,12,1000,600,8000,1,nearest,1,4,0,1,50,true,past-avg,past-avg,RUSH_HOUR,1,218375489,Client Travel Time [min],26.0,722.0,266.47,2131796.0,8000,696.0
2026-06-04T17:44:02.044570800Z,TaxiAlgorithmP2PCollector,1,12,1000,600,8000,1,nearest,1,4,0,1,50,true,past-avg,past-avg,RUSH_HOUR,1,218375489,Calculation Time [millis],0.0,11.0,0.46,18409.0,40242,11.0
2026-06-04T17:44:02.044570800Z,TaxiAlgorithmP2PCollector,1,12,1000,600,8000,1,nearest,1,4,0,1,50,true,past-avg,past-avg,RUSH_HOUR,1,218375489,Custom Time [micros],0.0,0.0,0.0,0.0,40242,0.0
2026-06-04T17:44:02.044570800Z,TaxiAlgorithmP2PCollector,1,12,1000,600,8000,1,nearest,1,4,0,1,50,true,past-avg,past-avg,RUSH_HOUR,1,218375489,Simulation Time [millis],0.0,11.0,0.55,22035.0,40242,11.0
2026-06-04T18:05:00.087484600Z,TaxiAlgorithmP2PCollector,1,12,1000,2750,30000,1,nearest,1,4,0,1,50,true,past-avg,past-avg,RUSH_HOUR,1,218375489,Taxi Travel Distance [km],0.0,723.7,232.28,638759.44,2750,723.7
2026-06-04T18:05:00.087484600Z,TaxiAlgorithmP2PCollector,1,12,1000,2750,30000,1,nearest,1,4,0,1,50,true,past-avg,past-avg,RUSH_HOUR,1,218375489,Client Waiting Time [min],0.03,170.08,4.28,128082.18,29956,170.05
2026-06-04T18:05:00.087484600Z,TaxiAlgorithmP2PCollector,1,12,1000,2750,30000,1,nearest,1,4,0,1,50,true,past-avg,past-avg,RUSH_HOUR,1,218375489,Client Travel Time [min],11.0,19418.0,947.47,2.8424224E7,30000,19407.0
2026-06-04T18:05:00.087484600Z,TaxiAlgorithmP2PCollector,1,12,1000,2750,30000,1,nearest,1,4,0,1,50,true,past-avg,past-avg,RUSH_HOUR,1,218375489,Calculation Time [millis],0.0,217.0,21.06,1220122.0,57942,217.0
2026-06-04T18:05:00.087484600Z,TaxiAlgorithmP2PCollector,1,12,1000,2750,30000,1,nearest,1,4,0,1,50,true,past-avg,past-avg,RUSH_HOUR,1,218375489,Custom Time [micros],0.0,0.0,0.0,0.0,57942,0.0
2026-06-04T18:05:00.087484600Z,TaxiAlgorithmP2PCollector,1,12,1000,2750,30000,1,nearest,1,4,0,1,50,true,past-avg,past-avg,RUSH_HOUR,1,218375489,Simulation Time [millis],0.0,218.0,21.68,1256161.0,57942,218.0
2026-06-04T18:05:01.393232500Z,TaxiAlgorithmP2PCollector,1,12,1000,60,800,1,nearest,1,4,0,1,50,true,past-avg,past-avg,SPATIAL_IMBALANCE,1,218375489,Taxi Travel Distance [km],0.0,450.15,117.45,7047.21,60,450.15
2026-06-04T18:05:01.393232500Z,TaxiAlgorithmP2PCollector,1,12,1000,60,800,1,nearest,1,4,0,1,50,true,past-avg,past-avg,SPATIAL_IMBALANCE,1,218375489,Client Waiting Time [min],0.08,46.87,1.31,1042.72,799,46.79
2026-06-04T18:05:01.393232500Z,TaxiAlgorithmP2PCollector,1,12,1000,60,800,1,nearest,1,4,0,1,50,true,past-avg,past-avg,SPATIAL_IMBALANCE,1,218375489,Client Travel Time [min],30.0,3025.0,279.13,223302.0,800,2995.0
2026-06-04T18:05:01.393232500Z,TaxiAlgorithmP2PCollector,1,12,1000,60,800,1,nearest,1,4,0,1,50,true,past-avg,past-avg,SPATIAL_IMBALANCE,1,218375489,Calculation Time [millis],0.0,2.0,0.02,709.0,40462,2.0
2026-06-04T18:05:01.393232500Z,TaxiAlgorithmP2PCollector,1,12,1000,60,800,1,nearest,1,4,0,1,50,true,past-avg,past-avg,SPATIAL_IMBALANCE,1,218375489,Custom Time [micros],0.0,0.0,0.0,0.0,40462,0.0
2026-06-04T18:05:01.393232500Z,TaxiAlgorithmP2PCollector,1,12,1000,60,800,1,nearest,1,4,0,1,50,true,past-avg,past-avg,SPATIAL_IMBALANCE,1,218375489,Simulation Time [millis],0.0,2.0,0.02,947.0,40462,2.0
2026-06-04T18:05:28.266993900Z,TaxiAlgorithmP2PCollector,1,12,1000,600,8000,1,nearest,1,4,0,1,50,true,past-avg,past-avg,SPATIAL_IMBALANCE,1,218375489,Taxi Travel Distance [km],0.0,522.25,99.67,59803.82,600,522.25
2026-06-04T18:05:28.266993900Z,TaxiAlgorithmP2PCollector,1,12,1000,600,8000,1,nearest,1,4,0,1,50,true,past-avg,past-avg,SPATIAL_IMBALANCE,1,218375489,Client Waiting Time [min],0.03,2.93,0.53,4263.6,8000,2.9000000000000004
2026-06-04T18:05:28.266993900Z,TaxiAlgorithmP2PCollector,1,12,1000,600,8000,1,nearest,1,4,0,1,50,true,past-avg,past-avg,SPATIAL_IMBALANCE,1,218375489,Client Travel Time [min],22.0,625.0,232.73,1861873.0,8000,603.0
2026-06-04T18:05:28.266993900Z,TaxiAlgorithmP2PCollector,1,12,1000,600,8000,1,nearest,1,4,0,1,50,true,past-avg,past-avg,SPATIAL_IMBALANCE,1,218375489,Calculation Time [millis],0.0,12.0,0.57,22918.0,40375,12.0
2026-06-04T18:05:28.266993900Z,TaxiAlgorithmP2PCollector,1,12,1000,600,8000,1,nearest,1,4,0,1,50,true,past-avg,past-avg,SPATIAL_IMBALANCE,1,218375489,Custom Time [micros],0.0,0.0,0.0,0.0,40375,0.0
2026-06-04T18:05:28.266993900Z,TaxiAlgorithmP2PCollector,1,12,1000,600,8000,1,nearest,1,4,0,1,50,true,past-avg,past-avg,SPATIAL_IMBALANCE,1,218375489,Simulation Time [millis],0.0,12.0,0.66,26687.0,40375,12.0
2026-06-04T18:14:43.283617300Z,TaxiAlgorithmP2PCollector,1,12,1000,2750,30000,1,nearest,1,4,0,1,50,true,past-avg,past-avg,SPATIAL_IMBALANCE,1,218375489,Taxi Travel Distance [km],0.0,835.7,246.98,679188.05,2750,835.7
2026-06-04T18:14:43.283617300Z,TaxiAlgorithmP2PCollector,1,12,1000,2750,30000,1,nearest,1,4,0,1,50,true,past-avg,past-avg,SPATIAL_IMBALANCE,1,218375489,Client Waiting Time [min],0.03,83.93,1.16,34770.23,29989,83.9
2026-06-04T18:14:43.283617300Z,TaxiAlgorithmP2PCollector,1,12,1000,2750,30000,1,nearest,1,4,0,1,50,true,past-avg,past-avg,SPATIAL_IMBALANCE,1,218375489,Client Travel Time [min],23.0,5452.0,666.73,2.0001961E7,30000,5429.0
2026-06-04T18:14:43.283617300Z,TaxiAlgorithmP2PCollector,1,12,1000,2750,30000,1,nearest,1,4,0,1,50,true,past-avg,past-avg,SPATIAL_IMBALANCE,1,218375489,Calculation Time [millis],0.0,105.0,12.7,526732.0,41487,105.0
2026-06-04T18:14:43.283617300Z,TaxiAlgorithmP2PCollector,1,12,1000,2750,30000,1,nearest,1,4,0,1,50,true,past-avg,past-avg,SPATIAL_IMBALANCE,1,218375489,Custom Time [micros],0.0,0.0,0.0,0.0,41487,0.0
2026-06-04T18:14:43.283617300Z,TaxiAlgorithmP2PCollector,1,12,1000,2750,30000,1,nearest,1,4,0,1,50,true,past-avg,past-avg,SPATIAL_IMBALANCE,1,218375489,Simulation Time [millis],0.0,106.0,13.36,554303.0,41487,106.0
2026-06-04T18:14:44.576265500Z,TaxiAlgorithmP2PCollector,1,12,1000,60,800,1,nearest,1,4,0,1,50,true,past-avg,past-avg,SPATIAL_ISLANDS,1,218375489,Taxi Travel Distance [km],0.0,536.37,126.19,7571.57,60,536.37
2026-06-04T18:14:44.576265500Z,TaxiAlgorithmP2PCollector,1,12,1000,60,800,1,nearest,1,4,0,1,50,true,past-avg,past-avg,SPATIAL_ISLANDS,1,218375489,Client Waiting Time [min],0.05,33.4,1.37,1094.5,800,33.35
2026-06-04T18:14:44.576265500Z,TaxiAlgorithmP2PCollector,1,12,1000,60,800,1,nearest,1,4,0,1,50,true,past-avg,past-avg,SPATIAL_ISLANDS,1,218375489,Client Travel Time [min],42.0,2254.0,304.81,243849.0,800,2212.0
2026-06-04T18:14:44.576265500Z,TaxiAlgorithmP2PCollector,1,12,1000,60,800,1,nearest,1,4,0,1,50,true,past-avg,past-avg,SPATIAL_ISLANDS,1,218375489,Calculation Time [millis],0.0,4.0,0.02,712.0,40313,4.0
2026-06-04T18:14:44.576265500Z,TaxiAlgorithmP2PCollector,1,12,1000,60,800,1,nearest,1,4,0,1,50,true,past-avg,past-avg,SPATIAL_ISLANDS,1,218375489,Custom Time [micros],0.0,0.0,0.0,0.0,40313,0.0
2026-06-04T18:14:44.576265500Z,TaxiAlgorithmP2PCollector,1,12,1000,60,800,1,nearest,1,4,0,1,50,true,past-avg,past-avg,SPATIAL_ISLANDS,1,218375489,Simulation Time [millis],0.0,4.0,0.02,954.0,40313,4.0
2026-06-04T18:15:06.738591300Z,TaxiAlgorithmP2PCollector,1,12,1000,600,8000,1,nearest,1,4,0,1,50,true,past-avg,past-avg,SPATIAL_ISLANDS,1,218375489,Taxi Travel Distance [km],0.0,524.65,117.64,70585.99,600,524.65
2026-06-04T18:15:06.738591300Z,TaxiAlgorithmP2PCollector,1,12,1000,600,8000,1,nearest,1,4,0,1,50,true,past-avg,past-avg,SPATIAL_ISLANDS,1,218375489,Client Waiting Time [min],0.03,6.15,0.56,4504.08,8000,6.12
2026-06-04T18:15:06.738591300Z,TaxiAlgorithmP2PCollector,1,12,1000,600,8000,1,nearest,1,4,0,1,50,true,past-avg,past-avg,SPATIAL_ISLANDS,1,218375489,Client Travel Time [min],16.0,611.0,257.48,2059872.0,8000,595.0
2026-06-04T18:15:06.738591300Z,TaxiAlgorithmP2PCollector,1,12,1000,600,8000,1,nearest,1,4,0,1,50,true,past-avg,past-avg,SPATIAL_ISLANDS,1,218375489,Calculation Time [millis],0.0,11.0,0.45,18030.0,40365,11.0
2026-06-04T18:15:06.738591300Z,TaxiAlgorithmP2PCollector,1,12,1000,600,8000,1,nearest,1,4,0,1,50,true,past-avg,past-avg,SPATIAL_ISLANDS,1,218375489,Custom Time [micros],0.0,0.0,0.0,0.0,40365,0.0
2026-06-04T18:15:06.738591300Z,TaxiAlgorithmP2PCollector,1,12,1000,600,8000,1,nearest,1,4,0,1,50,true,past-avg,past-avg,SPATIAL_ISLANDS,1,218375489,Simulation Time [millis],0.0,11.0,0.54,21937.0,40365,11.0
2026-06-04T20:41:08.743307500Z,TaxiAlgorithmP2PCollector,1,12,1000,2750,30000,1,nearest,1,4,0,1,50,true,past-avg,past-avg,SPATIAL_ISLANDS,1,218375489,Taxi Travel Distance [km],0.0,982.21,215.39,592335.57,2750,982.21
2026-06-04T20:41:08.743307500Z,TaxiAlgorithmP2PCollector,1,12,1000,2750,30000,1,nearest,1,4,0,1,50,true,past-avg,past-avg,SPATIAL_ISLANDS,1,218375489,Client Waiting Time [min],0.03,164.75,44.93,1292812.92,28774,164.72
2026-06-04T20:41:08.743307500Z,TaxiAlgorithmP2PCollector,1,12,1000,2750,30000,1,nearest,1,4,0,1,50,true,past-avg,past-avg,SPATIAL_ISLANDS,1,218375489,Client Travel Time [min],37.0,10526.0,3253.04,9.7591331E7,30000,10489.0
2026-06-04T20:41:08.743307500Z,TaxiAlgorithmP2PCollector,1,12,1000,2750,30000,1,nearest,1,4,0,1,50,true,past-avg,past-avg,SPATIAL_ISLANDS,1,218375489,Calculation Time [millis],0.0,342.0,186.92,8719844.0,46650,342.0
2026-06-04T20:41:08.743307500Z,TaxiAlgorithmP2PCollector,1,12,1000,2750,30000,1,nearest,1,4,0,1,50,true,past-avg,past-avg,SPATIAL_ISLANDS,1,218375489,Custom Time [micros],0.0,0.0,0.0,0.0,46650,0.0
2026-06-04T20:41:08.743307500Z,TaxiAlgorithmP2PCollector,1,12,1000,2750,30000,1,nearest,1,4,0,1,50,true,past-avg,past-avg,SPATIAL_ISLANDS,1,218375489,Simulation Time [millis],0.0,344.0,187.81,8761205.0,46650,344.0
2026-06-04T20:41:09.727311500Z,TaxiAlgorithmP2PCollector,1,12,2000,60,800,1,nearest,1,4,0,1,50,true,past-avg,past-avg,BASELINE,1,218375489,Taxi Travel Distance [km],0.0,346.53,116.49,6989.46,60,346.53
2026-06-04T20:41:09.727311500Z,TaxiAlgorithmP2PCollector,1,12,2000,60,800,1,nearest,1,4,0,1,50,true,past-avg,past-avg,BASELINE,1,218375489,Client Waiting Time [min],0.07,15.72,1.17,934.8,799,15.65
2026-06-04T20:41:09.727311500Z,TaxiAlgorithmP2PCollector,1,12,2000,60,800,1,nearest,1,4,0,1,50,true,past-avg,past-avg,BASELINE,1,218375489,Client Travel Time [min],49.0,995.0,306.81,245451.0,800,946.0
2026-06-04T20:41:09.727311500Z,TaxiAlgorithmP2PCollector,1,12,2000,60,800,1,nearest,1,4,0,1,50,true,past-avg,past-avg,BASELINE,1,218375489,Calculation Time [millis],0.0,0.0,0.01,354.0,40178,0.0
2026-06-04T20:41:09.727311500Z,TaxiAlgorithmP2PCollector,1,12,2000,60,800,1,nearest,1,4,0,1,50,true,past-avg,past-avg,BASELINE,1,218375489,Custom Time [micros],0.0,0.0,0.0,0.0,40178,0.0
2026-06-04T20:41:09.727311500Z,TaxiAlgorithmP2PCollector,1,12,2000,60,800,1,nearest,1,4,0,1,50,true,past-avg,past-avg,BASELINE,1,218375489,Simulation Time [millis],0.0,2.0,0.01,591.0,40178,2.0
2026-06-04T20:42:00.823384Z,TaxiAlgorithmP2PCollector,1,12,2000,600,8000,1,nearest,1,4,0,1,50,true,past-avg,past-avg,BASELINE,1,218375489,Taxi Travel Distance [km],0.0,765.37,101.16,60696.56,600,765.37
2026-06-04T20:42:00.823384Z,TaxiAlgorithmP2PCollector,1,12,2000,600,8000,1,nearest,1,4,0,1,50,true,past-avg,past-avg,BASELINE,1,218375489,Client Waiting Time [min],0.03,1.83,1.0,8037.93,8000,1.8
2026-06-04T20:42:00.823384Z,TaxiAlgorithmP2PCollector,1,12,2000,600,8000,1,nearest,1,4,0,1,50,true,past-avg,past-avg,BASELINE,1,218375489,Client Travel Time [min],25.0,678.0,295.32,2362571.0,8000,653.0
2026-06-04T20:42:00.823384Z,TaxiAlgorithmP2PCollector,1,12,2000,600,8000,1,nearest,1,4,0,1,50,true,past-avg,past-avg,BASELINE,1,218375489,Calculation Time [millis],0.0,41.0,1.16,46886.0,40500,41.0
2026-06-04T20:42:00.823384Z,TaxiAlgorithmP2PCollector,1,12,2000,600,8000,1,nearest,1,4,0,1,50,true,past-avg,past-avg,BASELINE,1,218375489,Custom Time [micros],0.0,0.0,0.0,0.0,40500,0.0
2026-06-04T20:42:00.823384Z,TaxiAlgorithmP2PCollector,1,12,2000,600,8000,1,nearest,1,4,0,1,50,true,past-avg,past-avg,BASELINE,1,218375489,Simulation Time [millis],0.0,41.0,1.25,50807.0,40500,41.0
2026-06-04T20:52:31.590087200Z,TaxiAlgorithmP2PCollector,1,12,2000,2750,30000,1,nearest,1,4,0,1,50,true,past-avg,past-avg,BASELINE,1,218375489,Taxi Travel Distance [km],0.0,850.65,251.46,691517.06,2750,850.65
2026-06-04T20:52:31.590087200Z,TaxiAlgorithmP2PCollector,1,12,2000,2750,30000,1,nearest,1,4,0,1,50,true,past-avg,past-avg,BASELINE,1,218375489,Client Waiting Time [min],0.03,2.73,1.03,30958.72,30000,2.7
2026-06-04T20:52:31.590087200Z,TaxiAlgorithmP2PCollector,1,12,2000,2750,30000,1,nearest,1,4,0,1,50,true,past-avg,past-avg,BASELINE,1,218375489,Client Travel Time [min],25.0,1821.0,765.14,2.2954261E7,30000,1796.0
2026-06-04T20:52:31.590087200Z,TaxiAlgorithmP2PCollector,1,12,2000,2750,30000,1,nearest,1,4,0,1,50,true,past-avg,past-avg,BASELINE,1,218375489,Calculation Time [millis],0.0,150.0,14.55,604929.0,41563,150.0
2026-06-04T20:52:31.590087200Z,TaxiAlgorithmP2PCollector,1,12,2000,2750,30000,1,nearest,1,4,0,1,50,true,past-avg,past-avg,BASELINE,1,218375489,Custom Time [micros],0.0,0.0,0.0,0.0,41563,0.0
2026-06-04T20:52:31.590087200Z,TaxiAlgorithmP2PCollector,1,12,2000,2750,30000,1,nearest,1,4,0,1,50,true,past-avg,past-avg,BASELINE,1,218375489,Simulation Time [millis],0.0,150.0,15.16,630072.0,41563,150.0
2026-06-04T20:52:32.429679700Z,TaxiAlgorithmP2PCollector,1,12,2000,60,800,1,nearest,1,4,0,1,50,true,past-avg,past-avg,RUSH_HOUR,1,218375489,Taxi Travel Distance [km],14.6,262.74,110.78,6646.69,60,248.14000000000001
2026-06-04T20:52:32.429679700Z,TaxiAlgorithmP2PCollector,1,12,2000,60,800,1,nearest,1,4,0,1,50,true,past-avg,past-avg,RUSH_HOUR,1,218375489,Client Waiting Time [min],0.05,7.13,1.12,893.78,800,7.08
2026-06-04T20:52:32.429679700Z,TaxiAlgorithmP2PCollector,1,12,2000,60,800,1,nearest,1,4,0,1,50,true,past-avg,past-avg,RUSH_HOUR,1,218375489,Client Travel Time [min],27.0,749.0,298.63,238905.0,800,722.0
2026-06-04T20:52:32.429679700Z,TaxiAlgorithmP2PCollector,1,12,2000,60,800,1,nearest,1,4,0,1,50,true,past-avg,past-avg,RUSH_HOUR,1,218375489,Calculation Time [millis],0.0,8.0,0.01,237.0,40188,8.0
2026-06-04T20:52:32.429679700Z,TaxiAlgorithmP2PCollector,1,12,2000,60,800,1,nearest,1,4,0,1,50,true,past-avg,past-avg,RUSH_HOUR,1,218375489,Custom Time [micros],0.0,0.0,0.0,0.0,40188,0.0
2026-06-04T20:52:32.429679700Z,TaxiAlgorithmP2PCollector,1,12,2000,60,800,1,nearest,1,4,0,1,50,true,past-avg,past-avg,RUSH_HOUR,1,218375489,Simulation Time [millis],0.0,8.0,0.01,453.0,40188,8.0
2026-06-04T20:53:20.330175200Z,TaxiAlgorithmP2PCollector,1,12,2000,600,8000,1,nearest,1,4,0,1,50,true,past-avg,past-avg,RUSH_HOUR,1,218375489,Taxi Travel Distance [km],0.0,656.05,102.95,61772.31,600,656.05
2026-06-04T20:53:20.330175200Z,TaxiAlgorithmP2PCollector,1,12,2000,600,8000,1,nearest,1,4,0,1,50,true,past-avg,past-avg,RUSH_HOUR,1,218375489,Client Waiting Time [min],0.03,2.02,1.03,8210.98,8000,1.99
2026-06-04T20:53:20.330175200Z,TaxiAlgorithmP2PCollector,1,12,2000,600,8000,1,nearest,1,4,0,1,50,true,past-avg,past-avg,RUSH_HOUR,1,218375489,Client Travel Time [min],28.0,642.0,296.05,2368403.0,8000,614.0
2026-06-04T20:53:20.330175200Z,TaxiAlgorithmP2PCollector,1,12,2000,600,8000,1,nearest,1,4,0,1,50,true,past-avg,past-avg,RUSH_HOUR,1,218375489,Calculation Time [millis],0.0,27.0,1.09,44082.0,40279,27.0
2026-06-04T20:53:20.330175200Z,TaxiAlgorithmP2PCollector,1,12,2000,600,8000,1,nearest,1,4,0,1,50,true,past-avg,past-avg,RUSH_HOUR,1,218375489,Custom Time [micros],0.0,0.0,0.0,0.0,40279,0.0
2026-06-04T20:53:20.330175200Z,TaxiAlgorithmP2PCollector,1,12,2000,600,8000,1,nearest,1,4,0,1,50,true,past-avg,past-avg,RUSH_HOUR,1,218375489,Simulation Time [millis],0.0,27.0,1.18,47707.0,40279,27.0
2026-06-04T21:06:39.623886200Z,TaxiAlgorithmP2PCollector,1,12,2000,2750,30000,1,nearest,1,4,0,1,50,true,past-avg,past-avg,RUSH_HOUR,1,218375489,Taxi Travel Distance [km],0.0,831.55,232.3,638827.34,2750,831.55
2026-06-04T21:06:39.623886200Z,TaxiAlgorithmP2PCollector,1,12,2000,2750,30000,1,nearest,1,4,0,1,50,true,past-avg,past-avg,RUSH_HOUR,1,218375489,Client Waiting Time [min],0.03,113.93,2.06,61820.02,29992,113.9
2026-06-04T21:06:39.623886200Z,TaxiAlgorithmP2PCollector,1,12,2000,2750,30000,1,nearest,1,4,0,1,50,true,past-avg,past-avg,RUSH_HOUR,1,218375489,Client Travel Time [min],22.0,6912.0,820.36,2.4610838E7,30000,6890.0
2026-06-04T21:06:39.623886200Z,TaxiAlgorithmP2PCollector,1,12,2000,2750,30000,1,nearest,1,4,0,1,50,true,past-avg,past-avg,RUSH_HOUR,1,218375489,Calculation Time [millis],0.0,287.0,16.45,769897.0,46802,287.0
2026-06-04T21:06:39.623886200Z,TaxiAlgorithmP2PCollector,1,12,2000,2750,30000,1,nearest,1,4,0,1,50,true,past-avg,past-avg,RUSH_HOUR,1,218375489,Custom Time [micros],0.0,0.0,0.0,0.0,46802,0.0
2026-06-04T21:06:39.623886200Z,TaxiAlgorithmP2PCollector,1,12,2000,2750,30000,1,nearest,1,4,0,1,50,true,past-avg,past-avg,RUSH_HOUR,1,218375489,Simulation Time [millis],0.0,288.0,17.05,798043.0,46802,288.0
2026-06-04T21:06:40.470594700Z,TaxiAlgorithmP2PCollector,1,12,2000,60,800,1,nearest,1,4,0,1,50,true,past-avg,past-avg,SPATIAL_IMBALANCE,1,218375489,Taxi Travel Distance [km],0.0,282.81,102.67,6160.26,60,282.81
2026-06-04T21:06:40.470594700Z,TaxiAlgorithmP2PCollector,1,12,2000,60,800,1,nearest,1,4,0,1,50,true,past-avg,past-avg,SPATIAL_IMBALANCE,1,218375489,Client Waiting Time [min],0.08,15.93,1.09,873.67,800,15.85
2026-06-04T21:06:40.470594700Z,TaxiAlgorithmP2PCollector,1,12,2000,60,800,1,nearest,1,4,0,1,50,true,past-avg,past-avg,SPATIAL_IMBALANCE,1,218375489,Client Travel Time [min],43.0,1103.0,267.72,214174.0,800,1060.0
2026-06-04T21:06:40.470594700Z,TaxiAlgorithmP2PCollector,1,12,2000,60,800,1,nearest,1,4,0,1,50,true,past-avg,past-avg,SPATIAL_IMBALANCE,1,218375489,Calculation Time [millis],0.0,0.0,0.01,232.0,40363,0.0
2026-06-04T21:06:40.470594700Z,TaxiAlgorithmP2PCollector,1,12,2000,60,800,1,nearest,1,4,0,1,50,true,past-avg,past-avg,SPATIAL_IMBALANCE,1,218375489,Custom Time [micros],0.0,0.0,0.0,0.0,40363,0.0
2026-06-04T21:06:40.470594700Z,TaxiAlgorithmP2PCollector,1,12,2000,60,800,1,nearest,1,4,0,1,50,true,past-avg,past-avg,SPATIAL_IMBALANCE,1,218375489,Simulation Time [millis],0.0,3.0,0.01,449.0,40363,3.0
2026-06-04T21:07:47.251753100Z,TaxiAlgorithmP2PCollector,1,12,2000,600,8000,1,nearest,1,4,0,1,50,true,past-avg,past-avg,SPATIAL_IMBALANCE,1,218375489,Taxi Travel Distance [km],0.0,677.29,99.43,59655.37,600,677.29
2026-06-04T21:07:47.251753100Z,TaxiAlgorithmP2PCollector,1,12,2000,600,8000,1,nearest,1,4,0,1,50,true,past-avg,past-avg,SPATIAL_IMBALANCE,1,218375489,Client Waiting Time [min],0.03,1.85,1.06,8484.18,8000,1.82
2026-06-04T21:07:47.251753100Z,TaxiAlgorithmP2PCollector,1,12,2000,600,8000,1,nearest,1,4,0,1,50,true,past-avg,past-avg,SPATIAL_IMBALANCE,1,218375489,Client Travel Time [min],14.0,636.0,264.39,2115109.0,8000,622.0
2026-06-04T21:07:47.251753100Z,TaxiAlgorithmP2PCollector,1,12,2000,600,8000,1,nearest,1,4,0,1,50,true,past-avg,past-avg,SPATIAL_IMBALANCE,1,218375489,Calculation Time [millis],0.0,24.0,1.55,62714.0,40430,24.0
2026-06-04T21:07:47.251753100Z,TaxiAlgorithmP2PCollector,1,12,2000,600,8000,1,nearest,1,4,0,1,50,true,past-avg,past-avg,SPATIAL_IMBALANCE,1,218375489,Custom Time [micros],0.0,0.0,0.0,0.0,40430,0.0
2026-06-04T21:07:47.251753100Z,TaxiAlgorithmP2PCollector,1,12,2000,600,8000,1,nearest,1,4,0,1,50,true,past-avg,past-avg,SPATIAL_IMBALANCE,1,218375489,Simulation Time [millis],0.0,24.0,1.65,66565.0,40430,24.0
2026-06-04T21:19:55.962412400Z,TaxiAlgorithmP2PCollector,1,12,2000,2750,30000,1,nearest,1,4,0,1,50,true,past-avg,past-avg,SPATIAL_IMBALANCE,1,218375489,Taxi Travel Distance [km],0.0,835.31,229.75,631813.5,2750,835.31
2026-06-04T21:19:55.962412400Z,TaxiAlgorithmP2PCollector,1,12,2000,2750,30000,1,nearest,1,4,0,1,50,true,past-avg,past-avg,SPATIAL_IMBALANCE,1,218375489,Client Waiting Time [min],0.03,36.18,1.14,34250.37,30000,36.15
2026-06-04T21:19:55.962412400Z,TaxiAlgorithmP2PCollector,1,12,2000,2750,30000,1,nearest,1,4,0,1,50,true,past-avg,past-avg,SPATIAL_IMBALANCE,1,218375489,Client Travel Time [min],33.0,2719.0,666.77,2.0003159E7,30000,2686.0
2026-06-04T21:19:55.962412400Z,TaxiAlgorithmP2PCollector,1,12,2000,2750,30000,1,nearest,1,4,0,1,50,true,past-avg,past-avg,SPATIAL_IMBALANCE,1,218375489,Calculation Time [millis],0.0,180.0,16.93,703172.0,41531,180.0
2026-06-04T21:19:55.962412400Z,TaxiAlgorithmP2PCollector,1,12,2000,2750,30000,1,nearest,1,4,0,1,50,true,past-avg,past-avg,SPATIAL_IMBALANCE,1,218375489,Custom Time [micros],0.0,0.0,0.0,0.0,41531,0.0
2026-06-04T21:19:55.962412400Z,TaxiAlgorithmP2PCollector,1,12,2000,2750,30000,1,nearest,1,4,0,1,50,true,past-avg,past-avg,SPATIAL_IMBALANCE,1,218375489,Simulation Time [millis],0.0,181.0,17.53,727966.0,41531,181.0
2026-06-04T21:19:56.811934200Z,TaxiAlgorithmP2PCollector,1,12,2000,60,800,1,nearest,1,4,0,1,50,true,past-avg,past-avg,SPATIAL_ISLANDS,1,218375489,Taxi Travel Distance [km],0.0,317.13,117.06,7023.56,60,317.13
2026-06-04T21:19:56.811934200Z,TaxiAlgorithmP2PCollector,1,12,2000,60,800,1,nearest,1,4,0,1,50,true,past-avg,past-avg,SPATIAL_ISLANDS,1,218375489,Client Waiting Time [min],0.03,7.42,1.13,900.95,800,7.39
2026-06-04T21:19:56.811934200Z,TaxiAlgorithmP2PCollector,1,12,2000,60,800,1,nearest,1,4,0,1,50,true,past-avg,past-avg,SPATIAL_ISLANDS,1,218375489,Client Travel Time [min],36.0,690.0,292.66,234127.0,800,654.0
2026-06-04T21:19:56.811934200Z,TaxiAlgorithmP2PCollector,1,12,2000,60,800,1,nearest,1,4,0,1,50,true,past-avg,past-avg,SPATIAL_ISLANDS,1,218375489,Calculation Time [millis],0.0,0.0,0.01,227.0,40313,0.0
2026-06-04T21:19:56.811934200Z,TaxiAlgorithmP2PCollector,1,12,2000,60,800,1,nearest,1,4,0,1,50,true,past-avg,past-avg,SPATIAL_ISLANDS,1,218375489,Custom Time [micros],0.0,0.0,0.0,0.0,40313,0.0
2026-06-04T21:19:56.811934200Z,TaxiAlgorithmP2PCollector,1,12,2000,60,800,1,nearest,1,4,0,1,50,true,past-avg,past-avg,SPATIAL_ISLANDS,1,218375489,Simulation Time [millis],0.0,0.0,0.01,450.0,40313,0.0
2026-06-04T21:20:55.712279800Z,TaxiAlgorithmP2PCollector,1,12,2000,600,8000,1,nearest,1,4,0,1,50,true,past-avg,past-avg,SPATIAL_ISLANDS,1,218375489,Taxi Travel Distance [km],0.0,653.38,113.19,67911.01,600,653.38
2026-06-04T21:20:55.712279800Z,TaxiAlgorithmP2PCollector,1,12,2000,600,8000,1,nearest,1,4,0,1,50,true,past-avg,past-avg,SPATIAL_ISLANDS,1,218375489,Client Waiting Time [min],0.03,1.98,1.11,8887.15,8000,1.95
2026-06-04T21:20:55.712279800Z,TaxiAlgorithmP2PCollector,1,12,2000,600,8000,1,nearest,1,4,0,1,50,true,past-avg,past-avg,SPATIAL_ISLANDS,1,218375489,Client Travel Time [min],25.0,648.0,290.38,2323026.0,8000,623.0
2026-06-04T21:20:55.712279800Z,TaxiAlgorithmP2PCollector,1,12,2000,600,8000,1,nearest,1,4,0,1,50,true,past-avg,past-avg,SPATIAL_ISLANDS,1,218375489,Calculation Time [millis],0.0,24.0,1.36,54847.0,40403,24.0
2026-06-04T21:20:55.712279800Z,TaxiAlgorithmP2PCollector,1,12,2000,600,8000,1,nearest,1,4,0,1,50,true,past-avg,past-avg,SPATIAL_ISLANDS,1,218375489,Custom Time [micros],0.0,0.0,0.0,0.0,40403,0.0
2026-06-04T21:20:55.712279800Z,TaxiAlgorithmP2PCollector,1,12,2000,600,8000,1,nearest,1,4,0,1,50,true,past-avg,past-avg,SPATIAL_ISLANDS,1,218375489,Simulation Time [millis],0.0,24.0,1.45,58668.0,40403,24.0
2026-06-04T23:08:50.076779500Z,TaxiAlgorithmP2PCollector,1,12,2000,2750,30000,1,nearest,1,4,0,1,50,true,past-avg,past-avg,SPATIAL_ISLANDS,1,218375489,Taxi Travel Distance [km],0.0,954.75,225.87,621136.04,2750,954.75
2026-06-04T23:08:50.076779500Z,TaxiAlgorithmP2PCollector,1,12,2000,2750,30000,1,nearest,1,4,0,1,50,true,past-avg,past-avg,SPATIAL_ISLANDS,1,218375489,Client Waiting Time [min],0.03,151.92,34.3,997936.37,29095,151.89
2026-06-04T23:08:50.076779500Z,TaxiAlgorithmP2PCollector,1,12,2000,2750,30000,1,nearest,1,4,0,1,50,true,past-avg,past-avg,SPATIAL_ISLANDS,1,218375489,Client Travel Time [min],41.0,9689.0,2656.06,7.968166E7,30000,9648.0
2026-06-04T23:08:50.076779500Z,TaxiAlgorithmP2PCollector,1,12,2000,2750,30000,1,nearest,1,4,0,1,50,true,past-avg,past-avg,SPATIAL_ISLANDS,1,218375489,Calculation Time [millis],0.0,396.0,140.78,6434537.0,45707,396.0
2026-06-04T23:08:50.076779500Z,TaxiAlgorithmP2PCollector,1,12,2000,2750,30000,1,nearest,1,4,0,1,50,true,past-avg,past-avg,SPATIAL_ISLANDS,1,218375489,Custom Time [micros],0.0,0.0,0.0,0.0,45707,0.0
2026-06-04T23:08:50.076779500Z,TaxiAlgorithmP2PCollector,1,12,2000,2750,30000,1,nearest,1,4,0,1,50,true,past-avg,past-avg,SPATIAL_ISLANDS,1,218375489,Simulation Time [millis],0.0,397.0,141.63,6473398.0,45707,397.0
2026-06-04T23:08:50.809882200Z,TaxiAlgorithmSinglePassenger,0,-1,-1,60,800,1,n/a,-1,-1,-1,-1,-1,false,n/a,n/a,BASELINE,1,218375489,Taxi Travel Distance [km],29.03,150.77,83.52,5010.98,60,121.74000000000001
2026-06-04T23:08:50.809882200Z,TaxiAlgorithmSinglePassenger,0,-1,-1,60,800,1,n/a,-1,-1,-1,-1,-1,false,n/a,n/a,BASELINE,1,218375489,Client Waiting Time [min],0.03,4.15,0.78,620.7,800,4.12
2026-06-04T23:08:50.809882200Z,TaxiAlgorithmSinglePassenger,0,-1,-1,60,800,1,n/a,-1,-1,-1,-1,-1,false,n/a,n/a,BASELINE,1,218375489,Client Travel Time [min],29.0,649.0,283.35,226679.0,800,620.0
2026-06-04T23:08:50.809882200Z,TaxiAlgorithmSinglePassenger,0,-1,-1,60,800,1,n/a,-1,-1,-1,-1,-1,false,n/a,n/a,BASELINE,1,218375489,Calculation Time [millis],0.0,1.0,0.0,115.0,40158,1.0
2026-06-04T23:08:50.809882200Z,TaxiAlgorithmSinglePassenger,0,-1,-1,60,800,1,n/a,-1,-1,-1,-1,-1,false,n/a,n/a,BASELINE,1,218375489,Custom Time [micros],0.0,0.0,0.0,0.0,40158,0.0
2026-06-04T23:08:50.809882200Z,TaxiAlgorithmSinglePassenger,0,-1,-1,60,800,1,n/a,-1,-1,-1,-1,-1,false,n/a,n/a,BASELINE,1,218375489,Simulation Time [millis],0.0,1.0,0.01,327.0,40158,1.0
2026-06-04T23:08:57.140277900Z,TaxiAlgorithmSinglePassenger,0,-1,-1,600,8000,1,n/a,-1,-1,-1,-1,-1,false,n/a,n/a,BASELINE,1,218375489,Taxi Travel Distance [km],9.63,169.85,73.34,44006.31,600,160.22
2026-06-04T23:08:57.140277900Z,TaxiAlgorithmSinglePassenger,0,-1,-1,600,8000,1,n/a,-1,-1,-1,-1,-1,false,n/a,n/a,BASELINE,1,218375489,Client Waiting Time [min],0.03,1.75,0.24,1886.87,8000,1.72
2026-06-04T23:08:57.140277900Z,TaxiAlgorithmSinglePassenger,0,-1,-1,600,8000,1,n/a,-1,-1,-1,-1,-1,false,n/a,n/a,BASELINE,1,218375489,Client Travel Time [min],13.0,593.0,249.18,1993456.0,8000,580.0
2026-06-04T23:08:57.140277900Z,TaxiAlgorithmSinglePassenger,0,-1,-1,600,8000,1,n/a,-1,-1,-1,-1,-1,false,n/a,n/a,BASELINE,1,218375489,Calculation Time [millis],0.0,0.0,0.06,2486.0,40461,0.0
2026-06-04T23:08:57.140277900Z,TaxiAlgorithmSinglePassenger,0,-1,-1,600,8000,1,n/a,-1,-1,-1,-1,-1,false,n/a,n/a,BASELINE,1,218375489,Custom Time [micros],0.0,0.0,0.0,0.0,40461,0.0
2026-06-04T23:08:57.140277900Z,TaxiAlgorithmSinglePassenger,0,-1,-1,600,8000,1,n/a,-1,-1,-1,-1,-1,false,n/a,n/a,BASELINE,1,218375489,Simulation Time [millis],0.0,6.0,0.15,6115.0,40461,6.0
2026-06-04T23:09:36.778935300Z,TaxiAlgorithmSinglePassenger,0,-1,-1,2750,30000,1,n/a,-1,-1,-1,-1,-1,false,n/a,n/a,BASELINE,1,218375489,Taxi Travel Distance [km],0.0,413.09,175.28,482029.91,2750,413.09
2026-06-04T23:09:36.778935300Z,TaxiAlgorithmSinglePassenger,0,-1,-1,2750,30000,1,n/a,-1,-1,-1,-1,-1,false,n/a,n/a,BASELINE,1,218375489,Client Waiting Time [min],0.03,2.33,0.37,10962.37,30000,2.3000000000000003
2026-06-04T23:09:36.778935300Z,TaxiAlgorithmSinglePassenger,0,-1,-1,2750,30000,1,n/a,-1,-1,-1,-1,-1,false,n/a,n/a,BASELINE,1,218375489,Client Travel Time [min],10.0,1813.0,725.07,2.1752054E7,30000,1803.0
2026-06-04T23:09:36.778935300Z,TaxiAlgorithmSinglePassenger,0,-1,-1,2750,30000,1,n/a,-1,-1,-1,-1,-1,false,n/a,n/a,BASELINE,1,218375489,Calculation Time [millis],0.0,23.0,0.5,20589.0,41519,23.0
2026-06-04T23:09:36.778935300Z,TaxiAlgorithmSinglePassenger,0,-1,-1,2750,30000,1,n/a,-1,-1,-1,-1,-1,false,n/a,n/a,BASELINE,1,218375489,Custom Time [micros],0.0,0.0,0.0,0.0,41519,0.0
2026-06-04T23:09:36.778935300Z,TaxiAlgorithmSinglePassenger,0,-1,-1,2750,30000,1,n/a,-1,-1,-1,-1,-1,false,n/a,n/a,BASELINE,1,218375489,Simulation Time [millis],0.0,24.0,0.95,39339.0,41519,24.0
2026-06-04T23:09:37.278507400Z,TaxiAlgorithmSinglePassenger,0,-1,-1,60,800,1,n/a,-1,-1,-1,-1,-1,false,n/a,n/a,RUSH_HOUR,1,218375489,Taxi Travel Distance [km],21.07,140.9,81.93,4915.57,60,119.83000000000001
2026-06-04T23:09:37.278507400Z,TaxiAlgorithmSinglePassenger,0,-1,-1,60,800,1,n/a,-1,-1,-1,-1,-1,false,n/a,n/a,RUSH_HOUR,1,218375489,Client Waiting Time [min],0.03,3.52,0.77,616.83,800,3.49
2026-06-04T23:09:37.278507400Z,TaxiAlgorithmSinglePassenger,0,-1,-1,60,800,1,n/a,-1,-1,-1,-1,-1,false,n/a,n/a,RUSH_HOUR,1,218375489,Client Travel Time [min],30.0,724.0,278.12,222498.0,800,694.0
2026-06-04T23:09:37.278507400Z,TaxiAlgorithmSinglePassenger,0,-1,-1,60,800,1,n/a,-1,-1,-1,-1,-1,false,n/a,n/a,RUSH_HOUR,1,218375489,Calculation Time [millis],0.0,0.0,0.0,103.0,40168,0.0
2026-06-04T23:09:37.278507400Z,TaxiAlgorithmSinglePassenger,0,-1,-1,60,800,1,n/a,-1,-1,-1,-1,-1,false,n/a,n/a,RUSH_HOUR,1,218375489,Custom Time [micros],0.0,0.0,0.0,0.0,40168,0.0
2026-06-04T23:09:37.278507400Z,TaxiAlgorithmSinglePassenger,0,-1,-1,60,800,1,n/a,-1,-1,-1,-1,-1,false,n/a,n/a,RUSH_HOUR,1,218375489,Simulation Time [millis],0.0,0.0,0.01,318.0,40168,0.0
2026-06-04T23:09:43.228729800Z,TaxiAlgorithmSinglePassenger,0,-1,-1,600,8000,1,n/a,-1,-1,-1,-1,-1,false,n/a,n/a,RUSH_HOUR,1,218375489,Taxi Travel Distance [km],0.0,176.09,73.56,44135.25,600,176.09
2026-06-04T23:09:43.228729800Z,TaxiAlgorithmSinglePassenger,0,-1,-1,600,8000,1,n/a,-1,-1,-1,-1,-1,false,n/a,n/a,RUSH_HOUR,1,218375489,Client Waiting Time [min],0.03,2.5,0.26,2118.8,8000,2.47
2026-06-04T23:09:43.228729800Z,TaxiAlgorithmSinglePassenger,0,-1,-1,600,8000,1,n/a,-1,-1,-1,-1,-1,false,n/a,n/a,RUSH_HOUR,1,218375489,Client Travel Time [min],15.0,586.0,250.33,2002642.0,8000,571.0
2026-06-04T23:09:43.228729800Z,TaxiAlgorithmSinglePassenger,0,-1,-1,600,8000,1,n/a,-1,-1,-1,-1,-1,false,n/a,n/a,RUSH_HOUR,1,218375489,Calculation Time [millis],0.0,4.0,0.06,2346.0,40244,4.0
2026-06-04T23:09:43.228729800Z,TaxiAlgorithmSinglePassenger,0,-1,-1,600,8000,1,n/a,-1,-1,-1,-1,-1,false,n/a,n/a,RUSH_HOUR,1,218375489,Custom Time [micros],0.0,0.0,0.0,0.0,40244,0.0
2026-06-04T23:09:43.228729800Z,TaxiAlgorithmSinglePassenger,0,-1,-1,600,8000,1,n/a,-1,-1,-1,-1,-1,false,n/a,n/a,RUSH_HOUR,1,218375489,Simulation Time [millis],0.0,4.0,0.14,5759.0,40244,4.0
2026-06-04T23:10:24.065393400Z,TaxiAlgorithmSinglePassenger,0,-1,-1,2750,30000,1,n/a,-1,-1,-1,-1,-1,false,n/a,n/a,RUSH_HOUR,1,218375489,Taxi Travel Distance [km],0.0,450.11,157.08,431974.05,2750,450.11
2026-06-04T23:10:24.065393400Z,TaxiAlgorithmSinglePassenger,0,-1,-1,2750,30000,1,n/a,-1,-1,-1,-1,-1,false,n/a,n/a,RUSH_HOUR,1,218375489,Client Waiting Time [min],0.03,197.52,33.78,963948.1,28538,197.49
2026-06-04T23:10:24.065393400Z,TaxiAlgorithmSinglePassenger,0,-1,-1,2750,30000,1,n/a,-1,-1,-1,-1,-1,false,n/a,n/a,RUSH_HOUR,1,218375489,Client Travel Time [min],17.0,12480.0,2740.05,8.2201494E7,30000,12463.0
2026-06-04T23:10:24.065393400Z,TaxiAlgorithmSinglePassenger,0,-1,-1,2750,30000,1,n/a,-1,-1,-1,-1,-1,false,n/a,n/a,RUSH_HOUR,1,218375489,Calculation Time [millis],0.0,20.0,0.49,20300.0,41318,20.0
2026-06-04T23:10:24.065393400Z,TaxiAlgorithmSinglePassenger,0,-1,-1,2750,30000,1,n/a,-1,-1,-1,-1,-1,false,n/a,n/a,RUSH_HOUR,1,218375489,Custom Time [micros],0.0,0.0,0.0,0.0,41318,0.0
2026-06-04T23:10:24.065393400Z,TaxiAlgorithmSinglePassenger,0,-1,-1,2750,30000,1,n/a,-1,-1,-1,-1,-1,false,n/a,n/a,RUSH_HOUR,1,218375489,Simulation Time [millis],0.0,20.0,0.98,40506.0,41318,20.0
2026-06-04T23:10:24.567444300Z,TaxiAlgorithmSinglePassenger,0,-1,-1,60,800,1,n/a,-1,-1,-1,-1,-1,false,n/a,n/a,SPATIAL_IMBALANCE,1,218375489,Taxi Travel Distance [km],2.1,234.56,87.26,5235.32,60,232.46
2026-06-04T23:10:24.567444300Z,TaxiAlgorithmSinglePassenger,0,-1,-1,60,800,1,n/a,-1,-1,-1,-1,-1,false,n/a,n/a,SPATIAL_IMBALANCE,1,218375489,Client Waiting Time [min],0.07,4.17,1.56,1247.85,800,4.1
2026-06-04T23:10:24.567444300Z,TaxiAlgorithmSinglePassenger,0,-1,-1,60,800,1,n/a,-1,-1,-1,-1,-1,false,n/a,n/a,SPATIAL_IMBALANCE,1,218375489,Client Travel Time [min],36.0,629.0,295.97,236779.0,800,593.0
2026-06-04T23:10:24.567444300Z,TaxiAlgorithmSinglePassenger,0,-1,-1,60,800,1,n/a,-1,-1,-1,-1,-1,false,n/a,n/a,SPATIAL_IMBALANCE,1,218375489,Calculation Time [millis],0.0,0.0,0.0,100.0,40348,0.0
2026-06-04T23:10:24.567444300Z,TaxiAlgorithmSinglePassenger,0,-1,-1,60,800,1,n/a,-1,-1,-1,-1,-1,false,n/a,n/a,SPATIAL_IMBALANCE,1,218375489,Custom Time [micros],0.0,0.0,0.0,0.0,40348,0.0
2026-06-04T23:10:24.567444300Z,TaxiAlgorithmSinglePassenger,0,-1,-1,60,800,1,n/a,-1,-1,-1,-1,-1,false,n/a,n/a,SPATIAL_IMBALANCE,1,218375489,Simulation Time [millis],0.0,0.0,0.01,310.0,40348,0.0
2026-06-04T23:10:31.671434Z,TaxiAlgorithmSinglePassenger,0,-1,-1,600,8000,1,n/a,-1,-1,-1,-1,-1,false,n/a,n/a,SPATIAL_IMBALANCE,1,218375489,Taxi Travel Distance [km],0.0,282.32,84.68,50809.5,600,282.32
2026-06-04T23:10:31.671434Z,TaxiAlgorithmSinglePassenger,0,-1,-1,600,8000,1,n/a,-1,-1,-1,-1,-1,false,n/a,n/a,SPATIAL_IMBALANCE,1,218375489,Client Waiting Time [min],0.03,3.68,1.44,11541.48,8000,3.6500000000000004
2026-06-04T23:10:31.671434Z,TaxiAlgorithmSinglePassenger,0,-1,-1,600,8000,1,n/a,-1,-1,-1,-1,-1,false,n/a,n/a,SPATIAL_IMBALANCE,1,218375489,Client Travel Time [min],17.0,600.0,287.31,2298493.0,8000,583.0
2026-06-04T23:10:31.671434Z,TaxiAlgorithmSinglePassenger,0,-1,-1,600,8000,1,n/a,-1,-1,-1,-1,-1,false,n/a,n/a,SPATIAL_IMBALANCE,1,218375489,Calculation Time [millis],0.0,30.0,0.07,2776.0,40412,30.0
2026-06-04T23:10:31.671434Z,TaxiAlgorithmSinglePassenger,0,-1,-1,600,8000,1,n/a,-1,-1,-1,-1,-1,false,n/a,n/a,SPATIAL_IMBALANCE,1,218375489,Custom Time [micros],0.0,0.0,0.0,0.0,40412,0.0
2026-06-04T23:10:31.671434Z,TaxiAlgorithmSinglePassenger,0,-1,-1,600,8000,1,n/a,-1,-1,-1,-1,-1,false,n/a,n/a,SPATIAL_IMBALANCE,1,218375489,Simulation Time [millis],0.0,31.0,0.17,6812.0,40412,31.0
2026-06-04T23:11:11.443536400Z,TaxiAlgorithmSinglePassenger,0,-1,-1,2750,30000,1,n/a,-1,-1,-1,-1,-1,false,n/a,n/a,SPATIAL_IMBALANCE,1,218375489,Taxi Travel Distance [km],0.0,715.73,205.2,564310.2,2750,715.73
2026-06-04T23:11:11.443536400Z,TaxiAlgorithmSinglePassenger,0,-1,-1,2750,30000,1,n/a,-1,-1,-1,-1,-1,false,n/a,n/a,SPATIAL_IMBALANCE,1,218375489,Client Waiting Time [min],0.03,11.35,4.16,124842.15,30000,11.32
2026-06-04T23:11:11.443536400Z,TaxiAlgorithmSinglePassenger,0,-1,-1,2750,30000,1,n/a,-1,-1,-1,-1,-1,false,n/a,n/a,SPATIAL_IMBALANCE,1,218375489,Client Travel Time [min],23.0,1797.0,848.11,2.5443306E7,30000,1774.0
2026-06-04T23:11:11.443536400Z,TaxiAlgorithmSinglePassenger,0,-1,-1,2750,30000,1,n/a,-1,-1,-1,-1,-1,false,n/a,n/a,SPATIAL_IMBALANCE,1,218375489,Calculation Time [millis],0.0,26.0,0.5,20562.0,41449,26.0
2026-06-04T23:11:11.443536400Z,TaxiAlgorithmSinglePassenger,0,-1,-1,2750,30000,1,n/a,-1,-1,-1,-1,-1,false,n/a,n/a,SPATIAL_IMBALANCE,1,218375489,Custom Time [micros],0.0,0.0,0.0,0.0,41449,0.0
2026-06-04T23:11:11.443536400Z,TaxiAlgorithmSinglePassenger,0,-1,-1,2750,30000,1,n/a,-1,-1,-1,-1,-1,false,n/a,n/a,SPATIAL_IMBALANCE,1,218375489,Simulation Time [millis],0.0,26.0,0.95,39477.0,41449,26.0
2026-06-04T23:11:11.974324100Z,TaxiAlgorithmSinglePassenger,0,-1,-1,60,800,1,n/a,-1,-1,-1,-1,-1,false,n/a,n/a,SPATIAL_ISLANDS,1,218375489,Taxi Travel Distance [km],0.0,342.68,99.43,5965.75,60,342.68
2026-06-04T23:11:11.974324100Z,TaxiAlgorithmSinglePassenger,0,-1,-1,60,800,1,n/a,-1,-1,-1,-1,-1,false,n/a,n/a,SPATIAL_ISLANDS,1,218375489,Client Waiting Time [min],0.03,4.75,1.86,1486.97,800,4.72
2026-06-04T23:11:11.974324100Z,TaxiAlgorithmSinglePassenger,0,-1,-1,60,800,1,n/a,-1,-1,-1,-1,-1,false,n/a,n/a,SPATIAL_ISLANDS,1,218375489,Client Travel Time [min],28.0,710.0,336.88,269507.0,800,682.0
2026-06-04T23:11:11.974324100Z,TaxiAlgorithmSinglePassenger,0,-1,-1,60,800,1,n/a,-1,-1,-1,-1,-1,false,n/a,n/a,SPATIAL_ISLANDS,1,218375489,Calculation Time [millis],0.0,0.0,0.0,105.0,40426,0.0
2026-06-04T23:11:11.974324100Z,TaxiAlgorithmSinglePassenger,0,-1,-1,60,800,1,n/a,-1,-1,-1,-1,-1,false,n/a,n/a,SPATIAL_ISLANDS,1,218375489,Custom Time [micros],0.0,0.0,0.0,0.0,40426,0.0
2026-06-04T23:11:11.974324100Z,TaxiAlgorithmSinglePassenger,0,-1,-1,60,800,1,n/a,-1,-1,-1,-1,-1,false,n/a,n/a,SPATIAL_ISLANDS,1,218375489,Simulation Time [millis],0.0,0.0,0.01,326.0,40426,0.0
2026-06-04T23:11:18.337160700Z,TaxiAlgorithmSinglePassenger,0,-1,-1,600,8000,1,n/a,-1,-1,-1,-1,-1,false,n/a,n/a,SPATIAL_ISLANDS,1,218375489,Taxi Travel Distance [km],0.0,407.46,96.53,57919.52,600,407.46
2026-06-04T23:11:18.337160700Z,TaxiAlgorithmSinglePassenger,0,-1,-1,600,8000,1,n/a,-1,-1,-1,-1,-1,false,n/a,n/a,SPATIAL_ISLANDS,1,218375489,Client Waiting Time [min],0.03,5.3,1.73,13805.1,8000,5.27
2026-06-04T23:11:18.337160700Z,TaxiAlgorithmSinglePassenger,0,-1,-1,600,8000,1,n/a,-1,-1,-1,-1,-1,false,n/a,n/a,SPATIAL_ISLANDS,1,218375489,Client Travel Time [min],15.0,794.0,327.26,2618051.0,8000,779.0
2026-06-04T23:11:18.337160700Z,TaxiAlgorithmSinglePassenger,0,-1,-1,600,8000,1,n/a,-1,-1,-1,-1,-1,false,n/a,n/a,SPATIAL_ISLANDS,1,218375489,Calculation Time [millis],0.0,5.0,0.06,2489.0,40466,5.0
2026-06-04T23:11:18.337160700Z,TaxiAlgorithmSinglePassenger,0,-1,-1,600,8000,1,n/a,-1,-1,-1,-1,-1,false,n/a,n/a,SPATIAL_ISLANDS,1,218375489,Custom Time [micros],0.0,0.0,0.0,0.0,40466,0.0
2026-06-04T23:11:18.337160700Z,TaxiAlgorithmSinglePassenger,0,-1,-1,600,8000,1,n/a,-1,-1,-1,-1,-1,false,n/a,n/a,SPATIAL_ISLANDS,1,218375489,Simulation Time [millis],0.0,5.0,0.15,6145.0,40466,5.0
2026-06-04T23:11:59.235199700Z,TaxiAlgorithmSinglePassenger,0,-1,-1,2750,30000,1,n/a,-1,-1,-1,-1,-1,false,n/a,n/a,SPATIAL_ISLANDS,1,218375489,Taxi Travel Distance [km],0.0,825.2,235.3,647083.1,2750,825.2
2026-06-04T23:11:59.235199700Z,TaxiAlgorithmSinglePassenger,0,-1,-1,2750,30000,1,n/a,-1,-1,-1,-1,-1,false,n/a,n/a,SPATIAL_ISLANDS,1,218375489,Client Waiting Time [min],0.03,16.77,5.05,151357.4,30000,16.74
2026-06-04T23:11:59.235199700Z,TaxiAlgorithmSinglePassenger,0,-1,-1,2750,30000,1,n/a,-1,-1,-1,-1,-1,false,n/a,n/a,SPATIAL_ISLANDS,1,218375489,Client Travel Time [min],27.0,2723.0,972.17,2.9165006E7,30000,2696.0
2026-06-04T23:11:59.235199700Z,TaxiAlgorithmSinglePassenger,0,-1,-1,2750,30000,1,n/a,-1,-1,-1,-1,-1,false,n/a,n/a,SPATIAL_ISLANDS,1,218375489,Calculation Time [millis],0.0,25.0,0.49,20614.0,41867,25.0
2026-06-04T23:11:59.235199700Z,TaxiAlgorithmSinglePassenger,0,-1,-1,2750,30000,1,n/a,-1,-1,-1,-1,-1,false,n/a,n/a,SPATIAL_ISLANDS,1,218375489,Custom Time [micros],0.0,0.0,0.0,0.0,41867,0.0
2026-06-04T23:11:59.235199700Z,TaxiAlgorithmSinglePassenger,0,-1,-1,2750,30000,1,n/a,-1,-1,-1,-1,-1,false,n/a,n/a,SPATIAL_ISLANDS,1,218375489,Simulation Time [millis],0.0,25.0,0.97,40489.0,41867,25.0
2026-06-04T23:12:29.520036800Z,TaxiAlgorithmVehicleRouting,0,-1,-1,60,800,1,n/a,-1,-1,-1,-1,-1,false,n/a,n/a,BASELINE,1,218375489,Taxi Travel Distance [km],20.88,150.27,84.28,5056.73,60,129.39000000000001
2026-06-04T23:12:29.520036800Z,TaxiAlgorithmVehicleRouting,0,-1,-1,60,800,1,n/a,-1,-1,-1,-1,-1,false,n/a,n/a,BASELINE,1,218375489,Client Waiting Time [min],0.03,13.92,2.96,13867.8,4685,13.89
2026-06-04T23:12:29.520036800Z,TaxiAlgorithmVehicleRouting,0,-1,-1,60,800,1,n/a,-1,-1,-1,-1,-1,false,n/a,n/a,BASELINE,1,218375489,Client Travel Time [min],21.0,924.0,298.83,239066.0,800,903.0
2026-06-04T23:12:29.520036800Z,TaxiAlgorithmVehicleRouting,0,-1,-1,60,800,1,n/a,-1,-1,-1,-1,-1,false,n/a,n/a,BASELINE,1,218375489,Calculation Time [millis],0.0,116.0,0.74,29588.0,40186,116.0
2026-06-04T23:12:29.520036800Z,TaxiAlgorithmVehicleRouting,0,-1,-1,60,800,1,n/a,-1,-1,-1,-1,-1,false,n/a,n/a,BASELINE,1,218375489,Custom Time [micros],0.0,0.0,0.0,0.0,40186,0.0
2026-06-04T23:12:29.520036800Z,TaxiAlgorithmVehicleRouting,0,-1,-1,60,800,1,n/a,-1,-1,-1,-1,-1,false,n/a,n/a,BASELINE,1,218375489,Simulation Time [millis],0.0,116.0,0.74,29830.0,40186,116.0
