algorithm,kHops,p2pRequestRepublishTicks,p2pRqsRadius,taxiCount,clientCount,taxiSeatCount,p2pStrategy,p2pOverlayMinNeighbors,p2pOverlayMaxNeighbors,p2pOverlayShortcuts,p2pOverlayMaxDistanceFactor,p2pTopologyScanTicks,idleRoamingEnabled,idleRoamingStrategy,idleRoamingMode,spawnScenario,metric,runs,avgOfAvg,stdDevOfAvg,minAvg,maxAvg,avgSpread,minSpread,maxSpread
TaxiAlgorithmP2PCollector,0,12,1000,60,800,1,nearest,1,4,0,1,50,true,past-avg,past-avg,BASELINE,Taxi Travel Distance [km],1,135.03,0.0,135.03,135.03,413.83,413.83,413.83
TaxiAlgorithmP2PCollector,0,12,1000,60,800,1,nearest,1,4,0,1,50,true,past-avg,past-avg,BASELINE,Client Waiting Time [min],1,1.56,0.0,1.56,1.56,19.849999999999998,19.849999999999998,19.849999999999998
TaxiAlgorithmP2PCollector,0,12,1000,60,800,1,nearest,1,4,0,1,50,true,past-avg,past-avg,BASELINE,Client Travel Time [min],1,328.45,0.0,328.45,328.45,1409.0,1409.0,1409.0
TaxiAlgorithmP2PCollector,0,12,1000,60,800,1,nearest,1,4,0,1,50,true,past-avg,past-avg,BASELINE,Calculation Time [millis],1,0.03,0.0,0.03,0.03,10.0,10.0,10.0
TaxiAlgorithmP2PCollector,0,12,1000,60,800,1,nearest,1,4,0,1,50,true,past-avg,past-avg,BASELINE,Custom Time [micros],1,0.0,0.0,0.0,0.0,0.0,0.0,0.0
TaxiAlgorithmP2PCollector,0,12,1000,60,800,1,nearest,1,4,0,1,50,true,past-avg,past-avg,BASELINE,Simulation Time [millis],1,0.04,0.0,0.04,0.04,11.0,11.0,11.0
TaxiAlgorithmP2PCollector,0,12,1000,600,8000,1,nearest,1,4,0,1,50,true,past-avg,past-avg,BASELINE,Taxi Travel Distance [km],1,105.28,0.0,105.28,105.28,573.36,573.36,573.36
TaxiAlgorithmP2PCollector,0,12,1000,600,8000,1,nearest,1,4,0,1,50,true,past-avg,past-avg,BASELINE,Client Waiting Time [min],1,0.53,0.0,0.53,0.53,2.39,2.39,2.39
TaxiAlgorithmP2PCollector,0,12,1000,600,8000,1,nearest,1,4,0,1,50,true,past-avg,past-avg,BASELINE,Client Travel Time [min],1,266.64,0.0,266.64,266.64,583.0,583.0,583.0
TaxiAlgorithmP2PCollector,0,12,1000,600,8000,1,nearest,1,4,0,1,50,true,past-avg,past-avg,BASELINE,Calculation Time [millis],1,0.2,0.0,0.2,0.2,11.0,11.0,11.0
TaxiAlgorithmP2PCollector,0,12,1000,600,8000,1,nearest,1,4,0,1,50,true,past-avg,past-avg,BASELINE,Custom Time [micros],1,0.0,0.0,0.0,0.0,0.0,0.0,0.0
TaxiAlgorithmP2PCollector,0,12,1000,600,8000,1,nearest,1,4,0,1,50,true,past-avg,past-avg,BASELINE,Simulation Time [millis],1,0.29,0.0,0.29,0.29,11.0,11.0,11.0
TaxiAlgorithmP2PCollector,0,12,1000,2750,30000,1,nearest,1,4,0,1,50,true,past-avg,past-avg,BASELINE,Taxi Travel Distance [km],1,285.55,0.0,285.55,285.55,811.77,811.77,811.77
TaxiAlgorithmP2PCollector,0,12,1000,2750,30000,1,nearest,1,4,0,1,50,true,past-avg,past-avg,BASELINE,Client Waiting Time [min],1,0.99,0.0,0.99,0.99,88.87,88.87,88.87
TaxiAlgorithmP2PCollector,0,12,1000,2750,30000,1,nearest,1,4,0,1,50,true,past-avg,past-avg,BASELINE,Client Travel Time [min],1,761.37,0.0,761.37,761.37,5567.0,5567.0,5567.0
TaxiAlgorithmP2PCollector,0,12,1000,2750,30000,1,nearest,1,4,0,1,50,true,past-avg,past-avg,BASELINE,Calculation Time [millis],1,8.81,0.0,8.81,8.81,86.0,86.0,86.0
TaxiAlgorithmP2PCollector,0,12,1000,2750,30000,1,nearest,1,4,0,1,50,true,past-avg,past-avg,BASELINE,Custom Time [micros],1,0.0,0.0,0.0,0.0,0.0,0.0,0.0
TaxiAlgorithmP2PCollector,0,12,1000,2750,30000,1,nearest,1,4,0,1,50,true,past-avg,past-avg,BASELINE,Simulation Time [millis],1,9.56,0.0,9.56,9.56,87.0,87.0,87.0
TaxiAlgorithmP2PCollector,0,12,1000,60,800,1,nearest,1,4,0,1,50,true,past-avg,past-avg,RUSH_HOUR,Taxi Travel Distance [km],1,122.1,0.0,122.1,122.1,300.76,300.76,300.76
TaxiAlgorithmP2PCollector,0,12,1000,60,800,1,nearest,1,4,0,1,50,true,past-avg,past-avg,RUSH_HOUR,Client Waiting Time [min],1,2.56,0.0,2.56,2.56,47.949999999999996,47.949999999999996,47.949999999999996
TaxiAlgorithmP2PCollector,0,12,1000,60,800,1,nearest,1,4,0,1,50,true,past-avg,past-avg,RUSH_HOUR,Client Travel Time [min],1,386.56,0.0,386.56,386.56,3718.0,3718.0,3718.0
TaxiAlgorithmP2PCollector,0,12,1000,60,800,1,nearest,1,4,0,1,50,true,past-avg,past-avg,RUSH_HOUR,Calculation Time [millis],1,0.02,0.0,0.02,0.02,3.0,3.0,3.0
TaxiAlgorithmP2PCollector,0,12,1000,60,800,1,nearest,1,4,0,1,50,true,past-avg,past-avg,RUSH_HOUR,Custom Time [micros],1,0.0,0.0,0.0,0.0,0.0,0.0,0.0
TaxiAlgorithmP2PCollector,0,12,1000,60,800,1,nearest,1,4,0,1,50,true,past-avg,past-avg,RUSH_HOUR,Simulation Time [millis],1,0.03,0.0,0.03,0.03,3.0,3.0,3.0
TaxiAlgorithmP2PCollector,0,12,1000,600,8000,1,nearest,1,4,0,1,50,true,past-avg,past-avg,RUSH_HOUR,Taxi Travel Distance [km],1,102.98,0.0,102.98,102.98,440.3,440.3,440.3
TaxiAlgorithmP2PCollector,0,12,1000,600,8000,1,nearest,1,4,0,1,50,true,past-avg,past-avg,RUSH_HOUR,Client Waiting Time [min],1,0.53,0.0,0.53,0.53,5.14,5.14,5.14
TaxiAlgorithmP2PCollector,0,12,1000,600,8000,1,nearest,1,4,0,1,50,true,past-avg,past-avg,RUSH_HOUR,Client Travel Time [min],1,266.29,0.0,266.29,266.29,756.0,756.0,756.0
TaxiAlgorithmP2PCollector,0,12,1000,600,8000,1,nearest,1,4,0,1,50,true,past-avg,past-avg,RUSH_HOUR,Calculation Time [millis],1,0.17,0.0,0.17,0.17,15.0,15.0,15.0
TaxiAlgorithmP2PCollector,0,12,1000,600,8000,1,nearest,1,4,0,1,50,true,past-avg,past-avg,RUSH_HOUR,Custom Time [micros],1,0.0,0.0,0.0,0.0,0.0,0.0,0.0
TaxiAlgorithmP2PCollector,0,12,1000,600,8000,1,nearest,1,4,0,1,50,true,past-avg,past-avg,RUSH_HOUR,Simulation Time [millis],1,0.27,0.0,0.27,0.27,15.0,15.0,15.0
TaxiAlgorithmP2PCollector,0,12,1000,2750,30000,1,nearest,1,4,0,1,50,true,past-avg,past-avg,RUSH_HOUR,Taxi Travel Distance [km],1,231.42,0.0,231.42,231.42,808.23,808.23,808.23
TaxiAlgorithmP2PCollector,0,12,1000,2750,30000,1,nearest,1,4,0,1,50,true,past-avg,past-avg,RUSH_HOUR,Client Waiting Time [min],1,4.35,0.0,4.35,4.35,138.94,138.94,138.94
TaxiAlgorithmP2PCollector,0,12,1000,2750,30000,1,nearest,1,4,0,1,50,true,past-avg,past-avg,RUSH_HOUR,Client Travel Time [min],1,951.94,0.0,951.94,951.94,19394.0,19394.0,19394.0
TaxiAlgorithmP2PCollector,0,12,1000,2750,30000,1,nearest,1,4,0,1,50,true,past-avg,past-avg,RUSH_HOUR,Calculation Time [millis],1,19.01,0.0,19.01,19.01,184.0,184.0,184.0
TaxiAlgorithmP2PCollector,0,12,1000,2750,30000,1,nearest,1,4,0,1,50,true,past-avg,past-avg,RUSH_HOUR,Custom Time [micros],1,0.0,0.0,0.0,0.0,0.0,0.0,0.0
TaxiAlgorithmP2PCollector,0,12,1000,2750,30000,1,nearest,1,4,0,1,50,true,past-avg,past-avg,RUSH_HOUR,Simulation Time [millis],1,19.66,0.0,19.66,19.66,185.0,185.0,185.0
TaxiAlgorithmP2PCollector,0,12,1000,60,800,1,nearest,1,4,0,1,50,true,past-avg,past-avg,SPATIAL_IMBALANCE,Taxi Travel Distance [km],1,117.45,0.0,117.45,117.45,450.15,450.15,450.15
TaxiAlgorithmP2PCollector,0,12,1000,60,800,1,nearest,1,4,0,1,50,true,past-avg,past-avg,SPATIAL_IMBALANCE,Client Waiting Time [min],1,1.31,0.0,1.31,1.31,46.79,46.79,46.79
TaxiAlgorithmP2PCollector,0,12,1000,60,800,1,nearest,1,4,0,1,50,true,past-avg,past-avg,SPATIAL_IMBALANCE,Client Travel Time [min],1,279.13,0.0,279.13,279.13,2995.0,2995.0,2995.0
TaxiAlgorithmP2PCollector,0,12,1000,60,800,1,nearest,1,4,0,1,50,true,past-avg,past-avg,SPATIAL_IMBALANCE,Calculation Time [millis],1,0.02,0.0,0.02,0.02,18.0,18.0,18.0
TaxiAlgorithmP2PCollector,0,12,1000,60,800,1,nearest,1,4,0,1,50,true,past-avg,past-avg,SPATIAL_IMBALANCE,Custom Time [micros],1,0.0,0.0,0.0,0.0,0.0,0.0,0.0
TaxiAlgorithmP2PCollector,0,12,1000,60,800,1,nearest,1,4,0,1,50,true,past-avg,past-avg,SPATIAL_IMBALANCE,Simulation Time [millis],1,0.02,0.0,0.02,0.02,18.0,18.0,18.0
TaxiAlgorithmP2PCollector,0,12,1000,600,8000,1,nearest,1,4,0,1,50,true,past-avg,past-avg,SPATIAL_IMBALANCE,Taxi Travel Distance [km],1,99.29,0.0,99.29,99.29,523.0,523.0,523.0
TaxiAlgorithmP2PCollector,0,12,1000,600,8000,1,nearest,1,4,0,1,50,true,past-avg,past-avg,SPATIAL_IMBALANCE,Client Waiting Time [min],1,0.53,0.0,0.53,0.53,0.94,0.94,0.94
TaxiAlgorithmP2PCollector,0,12,1000,600,8000,1,nearest,1,4,0,1,50,true,past-avg,past-avg,SPATIAL_IMBALANCE,Client Travel Time [min],1,232.69,0.0,232.69,232.69,591.0,591.0,591.0
TaxiAlgorithmP2PCollector,0,12,1000,600,8000,1,nearest,1,4,0,1,50,true,past-avg,past-avg,SPATIAL_IMBALANCE,Calculation Time [millis],1,0.17,0.0,0.17,0.17,16.0,16.0,16.0
TaxiAlgorithmP2PCollector,0,12,1000,600,8000,1,nearest,1,4,0,1,50,true,past-avg,past-avg,SPATIAL_IMBALANCE,Custom Time [micros],1,0.0,0.0,0.0,0.0,0.0,0.0,0.0
TaxiAlgorithmP2PCollector,0,12,1000,600,8000,1,nearest,1,4,0,1,50,true,past-avg,past-avg,SPATIAL_IMBALANCE,Simulation Time [millis],1,0.26,0.0,0.26,0.26,23.0,23.0,23.0
TaxiAlgorithmP2PCollector,0,12,1000,2750,30000,1,nearest,1,4,0,1,50,true,past-avg,past-avg,SPATIAL_IMBALANCE,Taxi Travel Distance [km],1,247.43,0.0,247.43,247.43,843.99,843.99,843.99
TaxiAlgorithmP2PCollector,0,12,1000,2750,30000,1,nearest,1,4,0,1,50,true,past-avg,past-avg,SPATIAL_IMBALANCE,Client Waiting Time [min],1,1.16,0.0,1.16,1.16,85.27,85.27,85.27
TaxiAlgorithmP2PCollector,0,12,1000,2750,30000,1,nearest,1,4,0,1,50,true,past-avg,past-avg,SPATIAL_IMBALANCE,Client Travel Time [min],1,666.75,0.0,666.75,666.75,5484.0,5484.0,5484.0
TaxiAlgorithmP2PCollector,0,12,1000,2750,30000,1,nearest,1,4,0,1,50,true,past-avg,past-avg,SPATIAL_IMBALANCE,Calculation Time [millis],1,10.18,0.0,10.18,10.18,125.0,125.0,125.0
TaxiAlgorithmP2PCollector,0,12,1000,2750,30000,1,nearest,1,4,0,1,50,true,past-avg,past-avg,SPATIAL_IMBALANCE,Custom Time [micros],1,0.0,0.0,0.0,0.0,0.0,0.0,0.0
TaxiAlgorithmP2PCollector,0,12,1000,2750,30000,1,nearest,1,4,0,1,50,true,past-avg,past-avg,SPATIAL_IMBALANCE,Simulation Time [millis],1,11.09,0.0,11.09,11.09,127.0,127.0,127.0
TaxiAlgorithmP2PCollector,0,12,1000,60,800,1,nearest,1,4,0,1,50,true,past-avg,past-avg,SPATIAL_ISLANDS,Taxi Travel Distance [km],1,127.11,0.0,127.11,127.11,535.74,535.74,535.74
TaxiAlgorithmP2PCollector,0,12,1000,60,800,1,nearest,1,4,0,1,50,true,past-avg,past-avg,SPATIAL_ISLANDS,Client Waiting Time [min],1,1.37,0.0,1.37,1.37,33.57,33.57,33.57
TaxiAlgorithmP2PCollector,0,12,1000,60,800,1,nearest,1,4,0,1,50,true,past-avg,past-avg,SPATIAL_ISLANDS,Client Travel Time [min],1,304.93,0.0,304.93,304.93,2225.0,2225.0,2225.0
TaxiAlgorithmP2PCollector,0,12,1000,60,800,1,nearest,1,4,0,1,50,true,past-avg,past-avg,SPATIAL_ISLANDS,Calculation Time [millis],1,0.02,0.0,0.02,0.02,26.0,26.0,26.0
TaxiAlgorithmP2PCollector,0,12,1000,60,800,1,nearest,1,4,0,1,50,true,past-avg,past-avg,SPATIAL_ISLANDS,Custom Time [micros],1,0.0,0.0,0.0,0.0,0.0,0.0,0.0
TaxiAlgorithmP2PCollector,0,12,1000,60,800,1,nearest,1,4,0,1,50,true,past-avg,past-avg,SPATIAL_ISLANDS,Simulation Time [millis],1,0.03,0.0,0.03,0.03,26.0,26.0,26.0
TaxiAlgorithmP2PCollector,0,12,1000,600,8000,1,nearest,1,4,0,1,50,true,past-avg,past-avg,SPATIAL_ISLANDS,Taxi Travel Distance [km],1,118.01,0.0,118.01,118.01,528.25,528.25,528.25
TaxiAlgorithmP2PCollector,0,12,1000,600,8000,1,nearest,1,4,0,1,50,true,past-avg,past-avg,SPATIAL_ISLANDS,Client Waiting Time [min],1,0.56,0.0,0.56,0.56,4.27,4.27,4.27
TaxiAlgorithmP2PCollector,0,12,1000,600,8000,1,nearest,1,4,0,1,50,true,past-avg,past-avg,SPATIAL_ISLANDS,Client Travel Time [min],1,257.35,0.0,257.35,257.35,581.0,581.0,581.0
TaxiAlgorithmP2PCollector,0,12,1000,600,8000,1,nearest,1,4,0,1,50,true,past-avg,past-avg,SPATIAL_ISLANDS,Calculation Time [millis],1,0.24,0.0,0.24,0.24,28.0,28.0,28.0
TaxiAlgorithmP2PCollector,0,12,1000,600,8000,1,nearest,1,4,0,1,50,true,past-avg,past-avg,SPATIAL_ISLANDS,Custom Time [micros],1,0.0,0.0,0.0,0.0,0.0,0.0,0.0
TaxiAlgorithmP2PCollector,0,12,1000,600,8000,1,nearest,1,4,0,1,50,true,past-avg,past-avg,SPATIAL_ISLANDS,Simulation Time [millis],1,0.34,0.0,0.34,0.34,28.0,28.0,28.0
TaxiAlgorithmP2PCollector,0,12,1000,2750,30000,1,nearest,1,4,0,1,50,true,past-avg,past-avg,SPATIAL_ISLANDS,Taxi Travel Distance [km],1,215.01,0.0,215.01,215.01,973.24,973.24,973.24
TaxiAlgorithmP2PCollector,0,12,1000,2750,30000,1,nearest,1,4,0,1,50,true,past-avg,past-avg,SPATIAL_ISLANDS,Client Waiting Time [min],1,45.4,0.0,45.4,45.4,166.59,166.59,166.59
TaxiAlgorithmP2PCollector,0,12,1000,2750,30000,1,nearest,1,4,0,1,50,true,past-avg,past-avg,SPATIAL_ISLANDS,Client Travel Time [min],1,3279.18,0.0,3279.18,3279.18,10557.0,10557.0,10557.0
TaxiAlgorithmP2PCollector,0,12,1000,2750,30000,1,nearest,1,4,0,1,50,true,past-avg,past-avg,SPATIAL_ISLANDS,Calculation Time [millis],1,190.79,0.0,190.79,190.79,494.0,494.0,494.0
TaxiAlgorithmP2PCollector,0,12,1000,2750,30000,1,nearest,1,4,0,1,50,true,past-avg,past-avg,SPATIAL_ISLANDS,Custom Time [micros],1,0.0,0.0,0.0,0.0,0.0,0.0,0.0
TaxiAlgorithmP2PCollector,0,12,1000,2750,30000,1,nearest,1,4,0,1,50,true,past-avg,past-avg,SPATIAL_ISLANDS,Simulation Time [millis],1,191.74,0.0,191.74,191.74,496.0,496.0,496.0
TaxiAlgorithmP2PCollector,0,12,2000,60,800,1,nearest,1,4,0,1,50,true,past-avg,past-avg,BASELINE,Taxi Travel Distance [km],1,116.49,0.0,116.49,116.49,346.53,346.53,346.53
TaxiAlgorithmP2PCollector,0,12,2000,60,800,1,nearest,1,4,0,1,50,true,past-avg,past-avg,BASELINE,Client Waiting Time [min],1,1.17,0.0,1.17,1.17,15.65,15.65,15.65
TaxiAlgorithmP2PCollector,0,12,2000,60,800,1,nearest,1,4,0,1,50,true,past-avg,past-avg,BASELINE,Client Travel Time [min],1,306.81,0.0,306.81,306.81,946.0,946.0,946.0
TaxiAlgorithmP2PCollector,0,12,2000,60,800,1,nearest,1,4,0,1,50,true,past-avg,past-avg,BASELINE,Calculation Time [millis],1,0.01,0.0,0.01,0.01,16.0,16.0,16.0
TaxiAlgorithmP2PCollector,0,12,2000,60,800,1,nearest,1,4,0,1,50,true,past-avg,past-avg,BASELINE,Custom Time [micros],1,0.0,0.0,0.0,0.0,0.0,0.0,0.0
TaxiAlgorithmP2PCollector,0,12,2000,60,800,1,nearest,1,4,0,1,50,true,past-avg,past-avg,BASELINE,Simulation Time [millis],1,0.01,0.0,0.01,0.01,16.0,16.0,16.0
TaxiAlgorithmP2PCollector,0,12,2000,600,8000,1,nearest,1,4,0,1,50,true,past-avg,past-avg,BASELINE,Taxi Travel Distance [km],1,101.03,0.0,101.03,101.03,767.28,767.28,767.28
TaxiAlgorithmP2PCollector,0,12,2000,600,8000,1,nearest,1,4,0,1,50,true,past-avg,past-avg,BASELINE,Client Waiting Time [min],1,1.01,0.0,1.01,1.01,1.52,1.52,1.52
TaxiAlgorithmP2PCollector,0,12,2000,600,8000,1,nearest,1,4,0,1,50,true,past-avg,past-avg,BASELINE,Client Travel Time [min],1,295.42,0.0,295.42,295.42,625.0,625.0,625.0
TaxiAlgorithmP2PCollector,0,12,2000,600,8000,1,nearest,1,4,0,1,50,true,past-avg,past-avg,BASELINE,Calculation Time [millis],1,0.18,0.0,0.18,0.18,22.0,22.0,22.0
TaxiAlgorithmP2PCollector,0,12,2000,600,8000,1,nearest,1,4,0,1,50,true,past-avg,past-avg,BASELINE,Custom Time [micros],1,0.0,0.0,0.0,0.0,0.0,0.0,0.0
TaxiAlgorithmP2PCollector,0,12,2000,600,8000,1,nearest,1,4,0,1,50,true,past-avg,past-avg,BASELINE,Simulation Time [millis],1,0.27,0.0,0.27,0.27,22.0,22.0,22.0
TaxiAlgorithmP2PCollector,0,12,2000,2750,30000,1,nearest,1,4,0,1,50,true,past-avg,past-avg,BASELINE,Taxi Travel Distance [km],1,251.02,0.0,251.02,251.02,854.19,854.19,854.19
TaxiAlgorithmP2PCollector,0,12,2000,2750,30000,1,nearest,1,4,0,1,50,true,past-avg,past-avg,BASELINE,Client Waiting Time [min],1,1.03,0.0,1.03,1.03,5.319999999999999,5.319999999999999,5.319999999999999
TaxiAlgorithmP2PCollector,0,12,2000,2750,30000,1,nearest,1,4,0,1,50,true,past-avg,past-avg,BASELINE,Client Travel Time [min],1,765.1,0.0,765.1,765.1,1822.0,1822.0,1822.0
TaxiAlgorithmP2PCollector,0,12,2000,2750,30000,1,nearest,1,4,0,1,50,true,past-avg,past-avg,BASELINE,Calculation Time [millis],1,4.24,0.0,4.24,4.24,84.0,84.0,84.0
TaxiAlgorithmP2PCollector,0,12,2000,2750,30000,1,nearest,1,4,0,1,50,true,past-avg,past-avg,BASELINE,Custom Time [micros],1,0.0,0.0,0.0,0.0,0.0,0.0,0.0
TaxiAlgorithmP2PCollector,0,12,2000,2750,30000,1,nearest,1,4,0,1,50,true,past-avg,past-avg,BASELINE,Simulation Time [millis],1,4.83,0.0,4.83,4.83,85.0,85.0,85.0
TaxiAlgorithmP2PCollector,0,12,2000,60,800,1,nearest,1,4,0,1,50,true,past-avg,past-avg,RUSH_HOUR,Taxi Travel Distance [km],1,111.86,0.0,111.86,111.86,263.43,263.43,263.43
TaxiAlgorithmP2PCollector,0,12,2000,60,800,1,nearest,1,4,0,1,50,true,past-avg,past-avg,RUSH_HOUR,Client Waiting Time [min],1,1.12,0.0,1.12,1.12,7.08,7.08,7.08
TaxiAlgorithmP2PCollector,0,12,2000,60,800,1,nearest,1,4,0,1,50,true,past-avg,past-avg,RUSH_HOUR,Client Travel Time [min],1,298.91,0.0,298.91,298.91,749.0,749.0,749.0
TaxiAlgorithmP2PCollector,0,12,2000,60,800,1,nearest,1,4,0,1,50,true,past-avg,past-avg,RUSH_HOUR,Calculation Time [millis],1,0.01,0.0,0.01,0.01,19.0,19.0,19.0
TaxiAlgorithmP2PCollector,0,12,2000,60,800,1,nearest,1,4,0,1,50,true,past-avg,past-avg,RUSH_HOUR,Custom Time [micros],1,0.0,0.0,0.0,0.0,0.0,0.0,0.0
TaxiAlgorithmP2PCollector,0,12,2000,60,800,1,nearest,1,4,0,1,50,true,past-avg,past-avg,RUSH_HOUR,Simulation Time [millis],1,0.01,0.0,0.01,0.01,19.0,19.0,19.0
TaxiAlgorithmP2PCollector,0,12,2000,600,8000,1,nearest,1,4,0,1,50,true,past-avg,past-avg,RUSH_HOUR,Taxi Travel Distance [km],1,103.13,0.0,103.13,103.13,659.89,659.89,659.89
TaxiAlgorithmP2PCollector,0,12,2000,600,8000,1,nearest,1,4,0,1,50,true,past-avg,past-avg,RUSH_HOUR,Client Waiting Time [min],1,1.03,0.0,1.03,1.03,1.54,1.54,1.54
TaxiAlgorithmP2PCollector,0,12,2000,600,8000,1,nearest,1,4,0,1,50,true,past-avg,past-avg,RUSH_HOUR,Client Travel Time [min],1,295.98,0.0,295.98,295.98,609.0,609.0,609.0
TaxiAlgorithmP2PCollector,0,12,2000,600,8000,1,nearest,1,4,0,1,50,true,past-avg,past-avg,RUSH_HOUR,Calculation Time [millis],1,0.2,0.0,0.2,0.2,27.0,27.0,27.0
TaxiAlgorithmP2PCollector,0,12,2000,600,8000,1,nearest,1,4,0,1,50,true,past-avg,past-avg,RUSH_HOUR,Custom Time [micros],1,0.0,0.0,0.0,0.0,0.0,0.0,0.0
TaxiAlgorithmP2PCollector,0,12,2000,600,8000,1,nearest,1,4,0,1,50,true,past-avg,past-avg,RUSH_HOUR,Simulation Time [millis],1,0.3,0.0,0.3,0.3,27.0,27.0,27.0
TaxiAlgorithmP2PCollector,0,12,2000,2750,30000,1,nearest,1,4,0,1,50,true,past-avg,past-avg,RUSH_HOUR,Taxi Travel Distance [km],1,232.35,0.0,232.35,232.35,839.15,839.15,839.15
TaxiAlgorithmP2PCollector,0,12,2000,2750,30000,1,nearest,1,4,0,1,50,true,past-avg,past-avg,RUSH_HOUR,Client Waiting Time [min],1,1.95,0.0,1.95,1.95,72.32,72.32,72.32
TaxiAlgorithmP2PCollector,0,12,2000,2750,30000,1,nearest,1,4,0,1,50,true,past-avg,past-avg,RUSH_HOUR,Client Travel Time [min],1,814.21,0.0,814.21,814.21,5114.0,5114.0,5114.0
TaxiAlgorithmP2PCollector,0,12,2000,2750,30000,1,nearest,1,4,0,1,50,true,past-avg,past-avg,RUSH_HOUR,Calculation Time [millis],1,9.57,0.0,9.57,9.57,97.0,97.0,97.0
TaxiAlgorithmP2PCollector,0,12,2000,2750,30000,1,nearest,1,4,0,1,50,true,past-avg,past-avg,RUSH_HOUR,Custom Time [micros],1,0.0,0.0,0.0,0.0,0.0,0.0,0.0
TaxiAlgorithmP2PCollector,0,12,2000,2750,30000,1,nearest,1,4,0,1,50,true,past-avg,past-avg,RUSH_HOUR,Simulation Time [millis],1,10.22,0.0,10.22,10.22,99.0,99.0,99.0
TaxiAlgorithmP2PCollector,0,12,2000,60,800,1,nearest,1,4,0,1,50,true,past-avg,past-avg,SPATIAL_IMBALANCE,Taxi Travel Distance [km],1,102.93,0.0,102.93,102.93,279.34,279.34,279.34
TaxiAlgorithmP2PCollector,0,12,2000,60,800,1,nearest,1,4,0,1,50,true,past-avg,past-avg,SPATIAL_IMBALANCE,Client Waiting Time [min],1,1.06,0.0,1.06,1.06,6.35,6.35,6.35
TaxiAlgorithmP2PCollector,0,12,2000,60,800,1,nearest,1,4,0,1,50,true,past-avg,past-avg,SPATIAL_IMBALANCE,Client Travel Time [min],1,265.6,0.0,265.6,265.6,526.0,526.0,526.0
TaxiAlgorithmP2PCollector,0,12,2000,60,800,1,nearest,1,4,0,1,50,true,past-avg,past-avg,SPATIAL_IMBALANCE,Calculation Time [millis],1,0.0,0.0,0.0,0.0,0.0,0.0,0.0
TaxiAlgorithmP2PCollector,0,12,2000,60,800,1,nearest,1,4,0,1,50,true,past-avg,past-avg,SPATIAL_IMBALANCE,Custom Time [micros],1,0.0,0.0,0.0,0.0,0.0,0.0,0.0
TaxiAlgorithmP2PCollector,0,12,2000,60,800,1,nearest,1,4,0,1,50,true,past-avg,past-avg,SPATIAL_IMBALANCE,Simulation Time [millis],1,0.01,0.0,0.01,0.01,0.0,0.0,0.0
TaxiAlgorithmP2PCollector,0,12,2000,600,8000,1,nearest,1,4,0,1,50,true,past-avg,past-avg,SPATIAL_IMBALANCE,Taxi Travel Distance [km],1,98.9,0.0,98.9,98.9,677.34,677.34,677.34
TaxiAlgorithmP2PCollector,0,12,2000,600,8000,1,nearest,1,4,0,1,50,true,past-avg,past-avg,SPATIAL_IMBALANCE,Client Waiting Time [min],1,1.06,0.0,1.06,1.06,1.52,1.52,1.52
TaxiAlgorithmP2PCollector,0,12,2000,600,8000,1,nearest,1,4,0,1,50,true,past-avg,past-avg,SPATIAL_IMBALANCE,Client Travel Time [min],1,264.21,0.0,264.21,264.21,619.0,619.0,619.0
TaxiAlgorithmP2PCollector,0,12,2000,600,8000,1,nearest,1,4,0,1,50,true,past-avg,past-avg,SPATIAL_IMBALANCE,Calculation Time [millis],1,0.18,0.0,0.18,0.18,7.0,7.0,7.0
TaxiAlgorithmP2PCollector,0,12,2000,600,8000,1,nearest,1,4,0,1,50,true,past-avg,past-avg,SPATIAL_IMBALANCE,Custom Time [micros],1,0.0,0.0,0.0,0.0,0.0,0.0,0.0
TaxiAlgorithmP2PCollector,0,12,2000,600,8000,1,nearest,1,4,0,1,50,true,past-avg,past-avg,SPATIAL_IMBALANCE,Simulation Time [millis],1,0.28,0.0,0.28,0.28,7.0,7.0,7.0
TaxiAlgorithmP2PCollector,0,12,2000,2750,30000,1,nearest,1,4,0,1,50,true,past-avg,past-avg,SPATIAL_IMBALANCE,Taxi Travel Distance [km],1,229.7,0.0,229.7,229.7,841.1,841.1,841.1
TaxiAlgorithmP2PCollector,0,12,2000,2750,30000,1,nearest,1,4,0,1,50,true,past-avg,past-avg,SPATIAL_IMBALANCE,Client Waiting Time [min],1,1.12,0.0,1.12,1.12,33.75,33.75,33.75
TaxiAlgorithmP2PCollector,0,12,2000,2750,30000,1,nearest,1,4,0,1,50,true,past-avg,past-avg,SPATIAL_IMBALANCE,Client Travel Time [min],1,665.77,0.0,665.77,665.77,2556.0,2556.0,2556.0
TaxiAlgorithmP2PCollector,0,12,2000,2750,30000,1,nearest,1,4,0,1,50,true,past-avg,past-avg,SPATIAL_IMBALANCE,Calculation Time [millis],1,4.74,0.0,4.74,4.74,96.0,96.0,96.0
TaxiAlgorithmP2PCollector,0,12,2000,2750,30000,1,nearest,1,4,0,1,50,true,past-avg,past-avg,SPATIAL_IMBALANCE,Custom Time [micros],1,0.0,0.0,0.0,0.0,0.0,0.0,0.0
TaxiAlgorithmP2PCollector,0,12,2000,2750,30000,1,nearest,1,4,0,1,50,true,past-avg,past-avg,SPATIAL_IMBALANCE,Simulation Time [millis],1,5.33,0.0,5.33,5.33,99.0,99.0,99.0
TaxiAlgorithmP2PCollector,0,12,2000,60,800,1,nearest,1,4,0,1,50,true,past-avg,past-avg,SPATIAL_ISLANDS,Taxi Travel Distance [km],1,117.06,0.0,117.06,117.06,317.13,317.13,317.13
TaxiAlgorithmP2PCollector,0,12,2000,60,800,1,nearest,1,4,0,1,50,true,past-avg,past-avg,SPATIAL_ISLANDS,Client Waiting Time [min],1,1.13,0.0,1.13,1.13,7.39,7.39,7.39
TaxiAlgorithmP2PCollector,0,12,2000,60,800,1,nearest,1,4,0,1,50,true,past-avg,past-avg,SPATIAL_ISLANDS,Client Travel Time [min],1,292.66,0.0,292.66,292.66,654.0,654.0,654.0
TaxiAlgorithmP2PCollector,0,12,2000,60,800,1,nearest,1,4,0,1,50,true,past-avg,past-avg,SPATIAL_ISLANDS,Calculation Time [millis],1,0.0,0.0,0.0,0.0,14.0,14.0,14.0
TaxiAlgorithmP2PCollector,0,12,2000,60,800,1,nearest,1,4,0,1,50,true,past-avg,past-avg,SPATIAL_ISLANDS,Custom Time [micros],1,0.0,0.0,0.0,0.0,0.0,0.0,0.0
TaxiAlgorithmP2PCollector,0,12,2000,60,800,1,nearest,1,4,0,1,50,true,past-avg,past-avg,SPATIAL_ISLANDS,Simulation Time [millis],1,0.01,0.0,0.01,0.01,14.0,14.0,14.0
TaxiAlgorithmP2PCollector,0,12,2000,600,8000,1,nearest,1,4,0,1,50,true,past-avg,past-avg,SPATIAL_ISLANDS,Taxi Travel Distance [km],1,112.94,0.0,112.94,112.94,633.77,633.77,633.77
TaxiAlgorithmP2PCollector,0,12,2000,600,8000,1,nearest,1,4,0,1,50,true,past-avg,past-avg,SPATIAL_ISLANDS,Client Waiting Time [min],1,1.12,0.0,1.12,1.12,1.57,1.57,1.57
TaxiAlgorithmP2PCollector,0,12,2000,600,8000,1,nearest,1,4,0,1,50,true,past-avg,past-avg,SPATIAL_ISLANDS,Client Travel Time [min],1,290.75,0.0,290.75,290.75,587.0,587.0,587.0
TaxiAlgorithmP2PCollector,0,12,2000,600,8000,1,nearest,1,4,0,1,50,true,past-avg,past-avg,SPATIAL_ISLANDS,Calculation Time [millis],1,0.18,0.0,0.18,0.18,12.0,12.0,12.0
TaxiAlgorithmP2PCollector,0,12,2000,600,8000,1,nearest,1,4,0,1,50,true,past-avg,past-avg,SPATIAL_ISLANDS,Custom Time [micros],1,0.0,0.0,0.0,0.0,0.0,0.0,0.0
TaxiAlgorithmP2PCollector,0,12,2000,600,8000,1,nearest,1,4,0,1,50,true,past-avg,past-avg,SPATIAL_ISLANDS,Simulation Time [millis],1,0.28,0.0,0.28,0.28,12.0,12.0,12.0
TaxiAlgorithmP2PCollector,0,12,2000,2750,30000,1,nearest,1,4,0,1,50,true,past-avg,past-avg,SPATIAL_ISLANDS,Taxi Travel Distance [km],1,224.36,0.0,224.36,224.36,958.32,958.32,958.32
TaxiAlgorithmP2PCollector,0,12,2000,2750,30000,1,nearest,1,4,0,1,50,true,past-avg,past-avg,SPATIAL_ISLANDS,Client Waiting Time [min],1,35.27,0.0,35.27,35.27,152.17,152.17,152.17
TaxiAlgorithmP2PCollector,0,12,2000,2750,30000,1,nearest,1,4,0,1,50,true,past-avg,past-avg,SPATIAL_ISLANDS,Client Travel Time [min],1,2709.28,0.0,2709.28,2709.28,9770.0,9770.0,9770.0
TaxiAlgorithmP2PCollector,0,12,2000,2750,30000,1,nearest,1,4,0,1,50,true,past-avg,past-avg,SPATIAL_ISLANDS,Calculation Time [millis],1,144.71,0.0,144.71,144.71,411.0,411.0,411.0
TaxiAlgorithmP2PCollector,0,12,2000,2750,30000,1,nearest,1,4,0,1,50,true,past-avg,past-avg,SPATIAL_ISLANDS,Custom Time [micros],1,0.0,0.0,0.0,0.0,0.0,0.0,0.0
TaxiAlgorithmP2PCollector,0,12,2000,2750,30000,1,nearest,1,4,0,1,50,true,past-avg,past-avg,SPATIAL_ISLANDS,Simulation Time [millis],1,145.58,0.0,145.58,145.58,414.0,414.0,414.0
TaxiAlgorithmP2PCollector,1,12,1000,60,800,1,nearest,1,4,0,1,50,true,past-avg,past-avg,BASELINE,Taxi Travel Distance [km],1,135.03,0.0,135.03,135.03,413.83,413.83,413.83
TaxiAlgorithmP2PCollector,1,12,1000,60,800,1,nearest,1,4,0,1,50,true,past-avg,past-avg,BASELINE,Client Waiting Time [min],1,1.56,0.0,1.56,1.56,19.849999999999998,19.849999999999998,19.849999999999998
TaxiAlgorithmP2PCollector,1,12,1000,60,800,1,nearest,1,4,0,1,50,true,past-avg,past-avg,BASELINE,Client Travel Time [min],1,328.45,0.0,328.45,328.45,1409.0,1409.0,1409.0
TaxiAlgorithmP2PCollector,1,12,1000,60,800,1,nearest,1,4,0,1,50,true,past-avg,past-avg,BASELINE,Calculation Time [millis],1,0.02,0.0,0.02,0.02,9.0,9.0,9.0
TaxiAlgorithmP2PCollector,1,12,1000,60,800,1,nearest,1,4,0,1,50,true,past-avg,past-avg,BASELINE,Custom Time [micros],1,0.0,0.0,0.0,0.0,0.0,0.0,0.0
TaxiAlgorithmP2PCollector,1,12,1000,60,800,1,nearest,1,4,0,1,50,true,past-avg,past-avg,BASELINE,Simulation Time [millis],1,0.03,0.0,0.03,0.03,9.0,9.0,9.0
TaxiAlgorithmP2PCollector,1,12,1000,600,8000,1,nearest,1,4,0,1,50,true,past-avg,past-avg,BASELINE,Taxi Travel Distance [km],1,105.89,0.0,105.89,105.89,559.64,559.64,559.64
TaxiAlgorithmP2PCollector,1,12,1000,600,8000,1,nearest,1,4,0,1,50,true,past-avg,past-avg,BASELINE,Client Waiting Time [min],1,0.53,0.0,0.53,0.53,6.79,6.79,6.79
TaxiAlgorithmP2PCollector,1,12,1000,600,8000,1,nearest,1,4,0,1,50,true,past-avg,past-avg,BASELINE,Client Travel Time [min],1,266.71,0.0,266.71,266.71,758.0,758.0,758.0
TaxiAlgorithmP2PCollector,1,12,1000,600,8000,1,nearest,1,4,0,1,50,true,past-avg,past-avg,BASELINE,Calculation Time [millis],1,0.47,0.0,0.47,0.47,11.0,11.0,11.0
TaxiAlgorithmP2PCollector,1,12,1000,600,8000,1,nearest,1,4,0,1,50,true,past-avg,past-avg,BASELINE,Custom Time [micros],1,0.0,0.0,0.0,0.0,0.0,0.0,0.0
TaxiAlgorithmP2PCollector,1,12,1000,600,8000,1,nearest,1,4,0,1,50,true,past-avg,past-avg,BASELINE,Simulation Time [millis],1,0.56,0.0,0.56,0.56,11.0,11.0,11.0
TaxiAlgorithmP2PCollector,1,12,1000,2750,30000,1,nearest,1,4,0,1,50,true,past-avg,past-avg,BASELINE,Taxi Travel Distance [km],1,286.35,0.0,286.35,286.35,833.15,833.15,833.15
TaxiAlgorithmP2PCollector,1,12,1000,2750,30000,1,nearest,1,4,0,1,50,true,past-avg,past-avg,BASELINE,Client Waiting Time [min],1,1.0,0.0,1.0,1.0,74.92,74.92,74.92
TaxiAlgorithmP2PCollector,1,12,1000,2750,30000,1,nearest,1,4,0,1,50,true,past-avg,past-avg,BASELINE,Client Travel Time [min],1,761.9,0.0,761.9,761.9,5569.0,5569.0,5569.0
TaxiAlgorithmP2PCollector,1,12,1000,2750,30000,1,nearest,1,4,0,1,50,true,past-avg,past-avg,BASELINE,Calculation Time [millis],1,12.33,0.0,12.33,12.33,91.0,91.0,91.0
TaxiAlgorithmP2PCollector,1,12,1000,2750,30000,1,nearest,1,4,0,1,50,true,past-avg,past-avg,BASELINE,Custom Time [micros],1,0.0,0.0,0.0,0.0,0.0,0.0,0.0
TaxiAlgorithmP2PCollector,1,12,1000,2750,30000,1,nearest,1,4,0,1,50,true,past-avg,past-avg,BASELINE,Simulation Time [millis],1,13.05,0.0,13.05,13.05,92.0,92.0,92.0
TaxiAlgorithmP2PCollector,1,12,1000,60,800,1,nearest,1,4,0,1,50,true,past-avg,past-avg,RUSH_HOUR,Taxi Travel Distance [km],1,122.35,0.0,122.35,122.35,297.9,297.9,297.9
TaxiAlgorithmP2PCollector,1,12,1000,60,800,1,nearest,1,4,0,1,50,true,past-avg,past-avg,RUSH_HOUR,Client Waiting Time [min],1,2.68,0.0,2.68,2.68,47.97,47.97,47.97
TaxiAlgorithmP2PCollector,1,12,1000,60,800,1,nearest,1,4,0,1,50,true,past-avg,past-avg,RUSH_HOUR,Client Travel Time [min],1,393.61,0.0,393.61,393.61,3719.0,3719.0,3719.0
TaxiAlgorithmP2PCollector,1,12,1000,60,800,1,nearest,1,4,0,1,50,true,past-avg,past-avg,RUSH_HOUR,Calculation Time [millis],1,0.02,0.0,0.02,0.02,0.0,0.0,0.0
TaxiAlgorithmP2PCollector,1,12,1000,60,800,1,nearest,1,4,0,1,50,true,past-avg,past-avg,RUSH_HOUR,Custom Time [micros],1,0.0,0.0,0.0,0.0,0.0,0.0,0.0
TaxiAlgorithmP2PCollector,1,12,1000,60,800,1,nearest,1,4,0,1,50,true,past-avg,past-avg,RUSH_HOUR,Simulation Time [millis],1,0.03,0.0,0.03,0.03,3.0,3.0,3.0
TaxiAlgorithmP2PCollector,1,12,1000,600,8000,1,nearest,1,4,0,1,50,true,past-avg,past-avg,RUSH_HOUR,Taxi Travel Distance [km],1,103.27,0.0,103.27,103.27,445.73,445.73,445.73
TaxiAlgorithmP2PCollector,1,12,1000,600,8000,1,nearest,1,4,0,1,50,true,past-avg,past-avg,RUSH_HOUR,Client Waiting Time [min],1,0.53,0.0,0.53,0.53,4.819999999999999,4.819999999999999,4.819999999999999
TaxiAlgorithmP2PCollector,1,12,1000,600,8000,1,nearest,1,4,0,1,50,true,past-avg,past-avg,RUSH_HOUR,Client Travel Time [min],1,266.47,0.0,266.47,266.47,696.0,696.0,696.0
TaxiAlgorithmP2PCollector,1,12,1000,600,8000,1,nearest,1,4,0,1,50,true,past-avg,past-avg,RUSH_HOUR,Calculation Time [millis],1,0.46,0.0,0.46,0.46,11.0,11.0,11.0
TaxiAlgorithmP2PCollector,1,12,1000,600,8000,1,nearest,1,4,0,1,50,true,past-avg,past-avg,RUSH_HOUR,Custom Time [micros],1,0.0,0.0,0.0,0.0,0.0,0.0,0.0
TaxiAlgorithmP2PCollector,1,12,1000,600,8000,1,nearest,1,4,0,1,50,true,past-avg,past-avg,RUSH_HOUR,Simulation Time [millis],1,0.55,0.0,0.55,0.55,11.0,11.0,11.0
TaxiAlgorithmP2PCollector,1,12,1000,2750,30000,1,nearest,1,4,0,1,50,true,past-avg,past-avg,RUSH_HOUR,Taxi Travel Distance [km],1,232.28,0.0,232.28,232.28,723.7,723.7,723.7
TaxiAlgorithmP2PCollector,1,12,1000,2750,30000,1,nearest,1,4,0,1,50,true,past-avg,past-avg,RUSH_HOUR,Client Waiting Time [min],1,4.28,0.0,4.28,4.28,170.05,170.05,170.05
TaxiAlgorithmP2PCollector,1,12,1000,2750,30000,1,nearest,1,4,0,1,50,true,past-avg,past-avg,RUSH_HOUR,Client Travel Time [min],1,947.47,0.0,947.47,947.47,19407.0,19407.0,19407.0
TaxiAlgorithmP2PCollector,1,12,1000,2750,30000,1,nearest,1,4,0,1,50,true,past-avg,past-avg,RUSH_HOUR,Calculation Time [millis],1,21.06,0.0,21.06,21.06,217.0,217.0,217.0
TaxiAlgorithmP2PCollector,1,12,1000,2750,30000,1,nearest,1,4,0,1,50,true,past-avg,past-avg,RUSH_HOUR,Custom Time [micros],1,0.0,0.0,0.0,0.0,0.0,0.0,0.0
TaxiAlgorithmP2PCollector,1,12,1000,2750,30000,1,nearest,1,4,0,1,50,true,past-avg,past-avg,RUSH_HOUR,Simulation Time [millis],1,21.68,0.0,21.68,21.68,218.0,218.0,218.0
TaxiAlgorithmP2PCollector,1,12,1000,60,800,1,nearest,1,4,0,1,50,true,past-avg,past-avg,SPATIAL_IMBALANCE,Taxi Travel Distance [km],1,117.45,0.0,117.45,117.45,450.15,450.15,450.15
TaxiAlgorithmP2PCollector,1,12,1000,60,800,1,nearest,1,4,0,1,50,true,past-avg,past-avg,SPATIAL_IMBALANCE,Client Waiting Time [min],1,1.31,0.0,1.31,1.31,46.79,46.79,46.79
TaxiAlgorithmP2PCollector,1,12,1000,60,800,1,nearest,1,4,0,1,50,true,past-avg,past-avg,SPATIAL_IMBALANCE,Client Travel Time [min],1,279.13,0.0,279.13,279.13,2995.0,2995.0,2995.0
TaxiAlgorithmP2PCollector,1,12,1000,60,800,1,nearest,1,4,0,1,50,true,past-avg,past-avg,SPATIAL_IMBALANCE,Calculation Time [millis],1,0.02,0.0,0.02,0.02,2.0,2.0,2.0
TaxiAlgorithmP2PCollector,1,12,1000,60,800,1,nearest,1,4,0,1,50,true,past-avg,past-avg,SPATIAL_IMBALANCE,Custom Time [micros],1,0.0,0.0,0.0,0.0,0.0,0.0,0.0
TaxiAlgorithmP2PCollector,1,12,1000,60,800,1,nearest,1,4,0,1,50,true,past-avg,past-avg,SPATIAL_IMBALANCE,Simulation Time [millis],1,0.02,0.0,0.02,0.02,2.0,2.0,2.0
TaxiAlgorithmP2PCollector,1,12,1000,600,8000,1,nearest,1,4,0,1,50,true,past-avg,past-avg,SPATIAL_IMBALANCE,Taxi Travel Distance [km],1,99.67,0.0,99.67,99.67,522.25,522.25,522.25
TaxiAlgorithmP2PCollector,1,12,1000,600,8000,1,nearest,1,4,0,1,50,true,past-avg,past-avg,SPATIAL_IMBALANCE,Client Waiting Time [min],1,0.53,0.0,0.53,0.53,2.9000000000000004,2.9000000000000004,2.9000000000000004
TaxiAlgorithmP2PCollector,1,12,1000,600,8000,1,nearest,1,4,0,1,50,true,past-avg,past-avg,SPATIAL_IMBALANCE,Client Travel Time [min],1,232.73,0.0,232.73,232.73,603.0,603.0,603.0
TaxiAlgorithmP2PCollector,1,12,1000,600,8000,1,nearest,1,4,0,1,50,true,past-avg,past-avg,SPATIAL_IMBALANCE,Calculation Time [millis],1,0.57,0.0,0.57,0.57,12.0,12.0,12.0
TaxiAlgorithmP2PCollector,1,12,1000,600,8000,1,nearest,1,4,0,1,50,true,past-avg,past-avg,SPATIAL_IMBALANCE,Custom Time [micros],1,0.0,0.0,0.0,0.0,0.0,0.0,0.0
TaxiAlgorithmP2PCollector,1,12,1000,600,8000,1,nearest,1,4,0,1,50,true,past-avg,past-avg,SPATIAL_IMBALANCE,Simulation Time [millis],1,0.66,0.0,0.66,0.66,12.0,12.0,12.0
TaxiAlgorithmP2PCollector,1,12,1000,2750,30000,1,nearest,1,4,0,1,50,true,past-avg,past-avg,SPATIAL_IMBALANCE,Taxi Travel Distance [km],1,246.98,0.0,246.98,246.98,835.7,835.7,835.7
TaxiAlgorithmP2PCollector,1,12,1000,2750,30000,1,nearest,1,4,0,1,50,true,past-avg,past-avg,SPATIAL_IMBALANCE,Client Waiting Time [min],1,1.16,0.0,1.16,1.16,83.9,83.9,83.9
TaxiAlgorithmP2PCollector,1,12,1000,2750,30000,1,nearest,1,4,0,1,50,true,past-avg,past-avg,SPATIAL_IMBALANCE,Client Travel Time [min],1,666.73,0.0,666.73,666.73,5429.0,5429.0,5429.0
TaxiAlgorithmP2PCollector,1,12,1000,2750,30000,1,nearest,1,4,0,1,50,true,past-avg,past-avg,SPATIAL_IMBALANCE,Calculation Time [millis],1,12.7,0.0,12.7,12.7,105.0,105.0,105.0
TaxiAlgorithmP2PCollector,1,12,1000,2750,30000,1,nearest,1,4,0,1,50,true,past-avg,past-avg,SPATIAL_IMBALANCE,Custom Time [micros],1,0.0,0.0,0.0,0.0,0.0,0.0,0.0
TaxiAlgorithmP2PCollector,1,12,1000,2750,30000,1,nearest,1,4,0,1,50,true,past-avg,past-avg,SPATIAL_IMBALANCE,Simulation Time [millis],1,13.36,0.0,13.36,13.36,106.0,106.0,106.0
TaxiAlgorithmP2PCollector,1,12,1000,60,800,1,nearest,1,4,0,1,50,true,past-avg,past-avg,SPATIAL_ISLANDS,Taxi Travel Distance [km],1,126.19,0.0,126.19,126.19,536.37,536.37,536.37
TaxiAlgorithmP2PCollector,1,12,1000,60,800,1,nearest,1,4,0,1,50,true,past-avg,past-avg,SPATIAL_ISLANDS,Client Waiting Time [min],1,1.37,0.0,1.37,1.37,33.35,33.35,33.35
TaxiAlgorithmP2PCollector,1,12,1000,60,800,1,nearest,1,4,0,1,50,true,past-avg,past-avg,SPATIAL_ISLANDS,Client Travel Time [min],1,304.81,0.0,304.81,304.81,2212.0,2212.0,2212.0
TaxiAlgorithmP2PCollector,1,12,1000,60,800,1,nearest,1,4,0,1,50,true,past-avg,past-avg,SPATIAL_ISLANDS,Calculation Time [millis],1,0.02,0.0,0.02,0.02,4.0,4.0,4.0
TaxiAlgorithmP2PCollector,1,12,1000,60,800,1,nearest,1,4,0,1,50,true,past-avg,past-avg,SPATIAL_ISLANDS,Custom Time [micros],1,0.0,0.0,0.0,0.0,0.0,0.0,0.0
TaxiAlgorithmP2PCollector,1,12,1000,60,800,1,nearest,1,4,0,1,50,true,past-avg,past-avg,SPATIAL_ISLANDS,Simulation Time [millis],1,0.02,0.0,0.02,0.02,4.0,4.0,4.0
TaxiAlgorithmP2PCollector,1,12,1000,600,8000,1,nearest,1,4,0,1,50,true,past-avg,past-avg,SPATIAL_ISLANDS,Taxi Travel Distance [km],1,117.64,0.0,117.64,117.64,524.65,524.65,524.65
TaxiAlgorithmP2PCollector,1,12,1000,600,8000,1,nearest,1,4,0,1,50,true,past-avg,past-avg,SPATIAL_ISLANDS,Client Waiting Time [min],1,0.56,0.0,0.56,0.56,6.12,6.12,6.12
TaxiAlgorithmP2PCollector,1,12,1000,600,8000,1,nearest,1,4,0,1,50,true,past-avg,past-avg,SPATIAL_ISLANDS,Client Travel Time [min],1,257.48,0.0,257.48,257.48,595.0,595.0,595.0
TaxiAlgorithmP2PCollector,1,12,1000,600,8000,1,nearest,1,4,0,1,50,true,past-avg,past-avg,SPATIAL_ISLANDS,Calculation Time [millis],1,0.45,0.0,0.45,0.45,11.0,11.0,11.0
TaxiAlgorithmP2PCollector,1,12,1000,600,8000,1,nearest,1,4,0,1,50,true,past-avg,past-avg,SPATIAL_ISLANDS,Custom Time [micros],1,0.0,0.0,0.0,0.0,0.0,0.0,0.0
TaxiAlgorithmP2PCollector,1,12,1000,600,8000,1,nearest,1,4,0,1,50,true,past-avg,past-avg,SPATIAL_ISLANDS,Simulation Time [millis],1,0.54,0.0,0.54,0.54,11.0,11.0,11.0
TaxiAlgorithmP2PCollector,1,12,1000,2750,30000,1,nearest,1,4,0,1,50,true,past-avg,past-avg,SPATIAL_ISLANDS,Taxi Travel Distance [km],1,215.39,0.0,215.39,215.39,982.21,982.21,982.21
TaxiAlgorithmP2PCollector,1,12,1000,2750,30000,1,nearest,1,4,0,1,50,true,past-avg,past-avg,SPATIAL_ISLANDS,Client Waiting Time [min],1,44.93,0.0,44.93,44.93,164.72,164.72,164.72
TaxiAlgorithmP2PCollector,1,12,1000,2750,30000,1,nearest,1,4,0,1,50,true,past-avg,past-avg,SPATIAL_ISLANDS,Client Travel Time [min],1,3253.04,0.0,3253.04,3253.04,10489.0,10489.0,10489.0
TaxiAlgorithmP2PCollector,1,12,1000,2750,30000,1,nearest,1,4,0,1,50,true,past-avg,past-avg,SPATIAL_ISLANDS,Calculation Time [millis],1,186.92,0.0,186.92,186.92,342.0,342.0,342.0
TaxiAlgorithmP2PCollector,1,12,1000,2750,30000,1,nearest,1,4,0,1,50,true,past-avg,past-avg,SPATIAL_ISLANDS,Custom Time [micros],1,0.0,0.0,0.0,0.0,0.0,0.0,0.0
TaxiAlgorithmP2PCollector,1,12,1000,2750,30000,1,nearest,1,4,0,1,50,true,past-avg,past-avg,SPATIAL_ISLANDS,Simulation Time [millis],1,187.81,0.0,187.81,187.81,344.0,344.0,344.0
TaxiAlgorithmP2PCollector,1,12,2000,60,800,1,nearest,1,4,0,1,50,true,past-avg,past-avg,BASELINE,Taxi Travel Distance [km],1,116.49,0.0,116.49,116.49,346.53,346.53,346.53
TaxiAlgorithmP2PCollector,1,12,2000,60,800,1,nearest,1,4,0,1,50,true,past-avg,past-avg,BASELINE,Client Waiting Time [min],1,1.17,0.0,1.17,1.17,15.65,15.65,15.65
TaxiAlgorithmP2PCollector,1,12,2000,60,800,1,nearest,1,4,0,1,50,true,past-avg,past-avg,BASELINE,Client Travel Time [min],1,306.81,0.0,306.81,306.81,946.0,946.0,946.0
TaxiAlgorithmP2PCollector,1,12,2000,60,800,1,nearest,1,4,0,1,50,true,past-avg,past-avg,BASELINE,Calculation Time [millis],1,0.01,0.0,0.01,0.01,0.0,0.0,0.0
TaxiAlgorithmP2PCollector,1,12,2000,60,800,1,nearest,1,4,0,1,50,true,past-avg,past-avg,BASELINE,Custom Time [micros],1,0.0,0.0,0.0,0.0,0.0,0.0,0.0
TaxiAlgorithmP2PCollector,1,12,2000,60,800,1,nearest,1,4,0,1,50,true,past-avg,past-avg,BASELINE,Simulation Time [millis],1,0.01,0.0,0.01,0.01,2.0,2.0,2.0
TaxiAlgorithmP2PCollector,1,12,2000,600,8000,1,nearest,1,4,0,1,50,true,past-avg,past-avg,BASELINE,Taxi Travel Distance [km],1,101.16,0.0,101.16,101.16,765.37,765.37,765.37
TaxiAlgorithmP2PCollector,1,12,2000,600,8000,1,nearest,1,4,0,1,50,true,past-avg,past-avg,BASELINE,Client Waiting Time [min],1,1.0,0.0,1.0,1.0,1.8,1.8,1.8
TaxiAlgorithmP2PCollector,1,12,2000,600,8000,1,nearest,1,4,0,1,50,true,past-avg,past-avg,BASELINE,Client Travel Time [min],1,295.32,0.0,295.32,295.32,653.0,653.0,653.0
TaxiAlgorithmP2PCollector,1,12,2000,600,8000,1,nearest,1,4,0,1,50,true,past-avg,past-avg,BASELINE,Calculation Time [millis],1,1.16,0.0,1.16,1.16,41.0,41.0,41.0
TaxiAlgorithmP2PCollector,1,12,2000,600,8000,1,nearest,1,4,0,1,50,true,past-avg,past-avg,BASELINE,Custom Time [micros],1,0.0,0.0,0.0,0.0,0.0,0.0,0.0
TaxiAlgorithmP2PCollector,1,12,2000,600,8000,1,nearest,1,4,0,1,50,true,past-avg,past-avg,BASELINE,Simulation Time [millis],1,1.25,0.0,1.25,1.25,41.0,41.0,41.0
TaxiAlgorithmP2PCollector,1,12,2000,2750,30000,1,nearest,1,4,0,1,50,true,past-avg,past-avg,BASELINE,Taxi Travel Distance [km],1,251.46,0.0,251.46,251.46,850.65,850.65,850.65
TaxiAlgorithmP2PCollector,1,12,2000,2750,30000,1,nearest,1,4,0,1,50,true,past-avg,past-avg,BASELINE,Client Waiting Time [min],1,1.03,0.0,1.03,1.03,2.7,2.7,2.7
TaxiAlgorithmP2PCollector,1,12,2000,2750,30000,1,nearest,1,4,0,1,50,true,past-avg,past-avg,BASELINE,Client Travel Time [min],1,765.14,0.0,765.14,765.14,1796.0,1796.0,1796.0
TaxiAlgorithmP2PCollector,1,12,2000,2750,30000,1,nearest,1,4,0,1,50,true,past-avg,past-avg,BASELINE,Calculation Time [millis],1,14.55,0.0,14.55,14.55,150.0,150.0,150.0
TaxiAlgorithmP2PCollector,1,12,2000,2750,30000,1,nearest,1,4,0,1,50,true,past-avg,past-avg,BASELINE,Custom Time [micros],1,0.0,0.0,0.0,0.0,0.0,0.0,0.0
TaxiAlgorithmP2PCollector,1,12,2000,2750,30000,1,nearest,1,4,0,1,50,true,past-avg,past-avg,BASELINE,Simulation Time [millis],1,15.16,0.0,15.16,15.16,150.0,150.0,150.0
TaxiAlgorithmP2PCollector,1,12,2000,60,800,1,nearest,1,4,0,1,50,true,past-avg,past-avg,RUSH_HOUR,Taxi Travel Distance [km],1,110.78,0.0,110.78,110.78,248.14000000000001,248.14000000000001,248.14000000000001
TaxiAlgorithmP2PCollector,1,12,2000,60,800,1,nearest,1,4,0,1,50,true,past-avg,past-avg,RUSH_HOUR,Client Waiting Time [min],1,1.12,0.0,1.12,1.12,7.08,7.08,7.08
TaxiAlgorithmP2PCollector,1,12,2000,60,800,1,nearest,1,4,0,1,50,true,past-avg,past-avg,RUSH_HOUR,Client Travel Time [min],1,298.63,0.0,298.63,298.63,722.0,722.0,722.0
TaxiAlgorithmP2PCollector,1,12,2000,60,800,1,nearest,1,4,0,1,50,true,past-avg,past-avg,RUSH_HOUR,Calculation Time [millis],1,0.01,0.0,0.01,0.01,8.0,8.0,8.0
TaxiAlgorithmP2PCollector,1,12,2000,60,800,1,nearest,1,4,0,1,50,true,past-avg,past-avg,RUSH_HOUR,Custom Time [micros],1,0.0,0.0,0.0,0.0,0.0,0.0,0.0
TaxiAlgorithmP2PCollector,1,12,2000,60,800,1,nearest,1,4,0,1,50,true,past-avg,past-avg,RUSH_HOUR,Simulation Time [millis],1,0.01,0.0,0.01,0.01,8.0,8.0,8.0
TaxiAlgorithmP2PCollector,1,12,2000,600,8000,1,nearest,1,4,0,1,50,true,past-avg,past-avg,RUSH_HOUR,Taxi Travel Distance [km],1,102.95,0.0,102.95,102.95,656.05,656.05,656.05
TaxiAlgorithmP2PCollector,1,12,2000,600,8000,1,nearest,1,4,0,1,50,true,past-avg,past-avg,RUSH_HOUR,Client Waiting Time [min],1,1.03,0.0,1.03,1.03,1.99,1.99,1.99
TaxiAlgorithmP2PCollector,1,12,2000,600,8000,1,nearest,1,4,0,1,50,true,past-avg,past-avg,RUSH_HOUR,Client Travel Time [min],1,296.05,0.0,296.05,296.05,614.0,614.0,614.0
TaxiAlgorithmP2PCollector,1,12,2000,600,8000,1,nearest,1,4,0,1,50,true,past-avg,past-avg,RUSH_HOUR,Calculation Time [millis],1,1.09,0.0,1.09,1.09,27.0,27.0,27.0
TaxiAlgorithmP2PCollector,1,12,2000,600,8000,1,nearest,1,4,0,1,50,true,past-avg,past-avg,RUSH_HOUR,Custom Time [micros],1,0.0,0.0,0.0,0.0,0.0,0.0,0.0
TaxiAlgorithmP2PCollector,1,12,2000,600,8000,1,nearest,1,4,0,1,50,true,past-avg,past-avg,RUSH_HOUR,Simulation Time [millis],1,1.18,0.0,1.18,1.18,27.0,27.0,27.0
TaxiAlgorithmP2PCollector,1,12,2000,2750,30000,1,nearest,1,4,0,1,50,true,past-avg,past-avg,RUSH_HOUR,Taxi Travel Distance [km],1,232.3,0.0,232.3,232.3,831.55,831.55,831.55
TaxiAlgorithmP2PCollector,1,12,2000,2750,30000,1,nearest,1,4,0,1,50,true,past-avg,past-avg,RUSH_HOUR,Client Waiting Time [min],1,2.06,0.0,2.06,2.06,113.9,113.9,113.9
TaxiAlgorithmP2PCollector,1,12,2000,2750,30000,1,nearest,1,4,0,1,50,true,past-avg,past-avg,RUSH_HOUR,Client Travel Time [min],1,820.36,0.0,820.36,820.36,6890.0,6890.0,6890.0
TaxiAlgorithmP2PCollector,1,12,2000,2750,30000,1,nearest,1,4,0,1,50,true,past-avg,past-avg,RUSH_HOUR,Calculation Time [millis],1,16.45,0.0,16.45,16.45,287.0,287.0,287.0
TaxiAlgorithmP2PCollector,1,12,2000,2750,30000,1,nearest,1,4,0,1,50,true,past-avg,past-avg,RUSH_HOUR,Custom Time [micros],1,0.0,0.0,0.0,0.0,0.0,0.0,0.0
TaxiAlgorithmP2PCollector,1,12,2000,2750,30000,1,nearest,1,4,0,1,50,true,past-avg,past-avg,RUSH_HOUR,Simulation Time [millis],1,17.05,0.0,17.05,17.05,288.0,288.0,288.0
TaxiAlgorithmP2PCollector,1,12,2000,60,800,1,nearest,1,4,0,1,50,true,past-avg,past-avg,SPATIAL_IMBALANCE,Taxi Travel Distance [km],1,102.67,0.0,102.67,102.67,282.81,282.81,282.81
TaxiAlgorithmP2PCollector,1,12,2000,60,800,1,nearest,1,4,0,1,50,true,past-avg,past-avg,SPATIAL_IMBALANCE,Client Waiting Time [min],1,1.09,0.0,1.09,1.09,15.85,15.85,15.85
TaxiAlgorithmP2PCollector,1,12,2000,60,800,1,nearest,1,4,0,1,50,true,past-avg,past-avg,SPATIAL_IMBALANCE,Client Travel Time [min],1,267.72,0.0,267.72,267.72,1060.0,1060.0,1060.0
TaxiAlgorithmP2PCollector,1,12,2000,60,800,1,nearest,1,4,0,1,50,true,past-avg,past-avg,SPATIAL_IMBALANCE,Calculation Time [millis],1,0.01,0.0,0.01,0.01,0.0,0.0,0.0
TaxiAlgorithmP2PCollector,1,12,2000,60,800,1,nearest,1,4,0,1,50,true,past-avg,past-avg,SPATIAL_IMBALANCE,Custom Time [micros],1,0.0,0.0,0.0,0.0,0.0,0.0,0.0
TaxiAlgorithmP2PCollector,1,12,2000,60,800,1,nearest,1,4,0,1,50,true,past-avg,past-avg,SPATIAL_IMBALANCE,Simulation Time [millis],1,0.01,0.0,0.01,0.01,3.0,3.0,3.0
TaxiAlgorithmP2PCollector,1,12,2000,600,8000,1,nearest,1,4,0,1,50,true,past-avg,past-avg,SPATIAL_IMBALANCE,Taxi Travel Distance [km],1,99.43,0.0,99.43,99.43,677.29,677.29,677.29
TaxiAlgorithmP2PCollector,1,12,2000,600,8000,1,nearest,1,4,0,1,50,true,past-avg,past-avg,SPATIAL_IMBALANCE,Client Waiting Time [min],1,1.06,0.0,1.06,1.06,1.82,1.82,1.82
TaxiAlgorithmP2PCollector,1,12,2000,600,8000,1,nearest,1,4,0,1,50,true,past-avg,past-avg,SPATIAL_IMBALANCE,Client Travel Time [min],1,264.39,0.0,264.39,264.39,622.0,622.0,622.0
TaxiAlgorithmP2PCollector,1,12,2000,600,8000,1,nearest,1,4,0,1,50,true,past-avg,past-avg,SPATIAL_IMBALANCE,Calculation Time [millis],1,1.55,0.0,1.55,1.55,24.0,24.0,24.0
TaxiAlgorithmP2PCollector,1,12,2000,600,8000,1,nearest,1,4,0,1,50,true,past-avg,past-avg,SPATIAL_IMBALANCE,Custom Time [micros],1,0.0,0.0,0.0,0.0,0.0,0.0,0.0
TaxiAlgorithmP2PCollector,1,12,2000,600,8000,1,nearest,1,4,0,1,50,true,past-avg,past-avg,SPATIAL_IMBALANCE,Simulation Time [millis],1,1.65,0.0,1.65,1.65,24.0,24.0,24.0
TaxiAlgorithmP2PCollector,1,12,2000,2750,30000,1,nearest,1,4,0,1,50,true,past-avg,past-avg,SPATIAL_IMBALANCE,Taxi Travel Distance [km],1,229.75,0.0,229.75,229.75,835.31,835.31,835.31
TaxiAlgorithmP2PCollector,1,12,2000,2750,30000,1,nearest,1,4,0,1,50,true,past-avg,past-avg,SPATIAL_IMBALANCE,Client Waiting Time [min],1,1.14,0.0,1.14,1.14,36.15,36.15,36.15
TaxiAlgorithmP2PCollector,1,12,2000,2750,30000,1,nearest,1,4,0,1,50,true,past-avg,past-avg,SPATIAL_IMBALANCE,Client Travel Time [min],1,666.77,0.0,666.77,666.77,2686.0,2686.0,2686.0
TaxiAlgorithmP2PCollector,1,12,2000,2750,30000,1,nearest,1,4,0,1,50,true,past-avg,past-avg,SPATIAL_IMBALANCE,Calculation Time [millis],1,16.93,0.0,16.93,16.93,180.0,180.0,180.0
TaxiAlgorithmP2PCollector,1,12,2000,2750,30000,1,nearest,1,4,0,1,50,true,past-avg,past-avg,SPATIAL_IMBALANCE,Custom Time [micros],1,0.0,0.0,0.0,0.0,0.0,0.0,0.0
TaxiAlgorithmP2PCollector,1,12,2000,2750,30000,1,nearest,1,4,0,1,50,true,past-avg,past-avg,SPATIAL_IMBALANCE,Simulation Time [millis],1,17.53,0.0,17.53,17.53,181.0,181.0,181.0
TaxiAlgorithmP2PCollector,1,12,2000,60,800,1,nearest,1,4,0,1,50,true,past-avg,past-avg,SPATIAL_ISLANDS,Taxi Travel Distance [km],1,117.06,0.0,117.06,117.06,317.13,317.13,317.13
TaxiAlgorithmP2PCollector,1,12,2000,60,800,1,nearest,1,4,0,1,50,true,past-avg,past-avg,SPATIAL_ISLANDS,Client Waiting Time [min],1,1.13,0.0,1.13,1.13,7.39,7.39,7.39
TaxiAlgorithmP2PCollector,1,12,2000,60,800,1,nearest,1,4,0,1,50,true,past-avg,past-avg,SPATIAL_ISLANDS,Client Travel Time [min],1,292.66,0.0,292.66,292.66,654.0,654.0,654.0
TaxiAlgorithmP2PCollector,1,12,2000,60,800,1,nearest,1,4,0,1,50,true,past-avg,past-avg,SPATIAL_ISLANDS,Calculation Time [millis],1,0.01,0.0,0.01,0.01,0.0,0.0,0.0
TaxiAlgorithmP2PCollector,1,12,2000,60,800,1,nearest,1,4,0,1,50,true,past-avg,past-avg,SPATIAL_ISLANDS,Custom Time [micros],1,0.0,0.0,0.0,0.0,0.0,0.0,0.0
TaxiAlgorithmP2PCollector,1,12,2000,60,800,1,nearest,1,4,0,1,50,true,past-avg,past-avg,SPATIAL_ISLANDS,Simulation Time [millis],1,0.01,0.0,0.01,0.01,0.0,0.0,0.0
TaxiAlgorithmP2PCollector,1,12,2000,600,8000,1,nearest,1,4,0,1,50,true,past-avg,past-avg,SPATIAL_ISLANDS,Taxi Travel Distance [km],1,113.19,0.0,113.19,113.19,653.38,653.38,653.38
TaxiAlgorithmP2PCollector,1,12,2000,600,8000,1,nearest,1,4,0,1,50,true,past-avg,past-avg,SPATIAL_ISLANDS,Client Waiting Time [min],1,1.11,0.0,1.11,1.11,1.95,1.95,1.95
TaxiAlgorithmP2PCollector,1,12,2000,600,8000,1,nearest,1,4,0,1,50,true,past-avg,past-avg,SPATIAL_ISLANDS,Client Travel Time [min],1,290.38,0.0,290.38,290.38,623.0,623.0,623.0
TaxiAlgorithmP2PCollector,1,12,2000,600,8000,1,nearest,1,4,0,1,50,true,past-avg,past-avg,SPATIAL_ISLANDS,Calculation Time [millis],1,1.36,0.0,1.36,1.36,24.0,24.0,24.0
TaxiAlgorithmP2PCollector,1,12,2000,600,8000,1,nearest,1,4,0,1,50,true,past-avg,past-avg,SPATIAL_ISLANDS,Custom Time [micros],1,0.0,0.0,0.0,0.0,0.0,0.0,0.0
TaxiAlgorithmP2PCollector,1,12,2000,600,8000,1,nearest,1,4,0,1,50,true,past-avg,past-avg,SPATIAL_ISLANDS,Simulation Time [millis],1,1.45,0.0,1.45,1.45,24.0,24.0,24.0
TaxiAlgorithmP2PCollector,1,12,2000,2750,30000,1,nearest,1,4,0,1,50,true,past-avg,past-avg,SPATIAL_ISLANDS,Taxi Travel Distance [km],1,225.87,0.0,225.87,225.87,954.75,954.75,954.75
TaxiAlgorithmP2PCollector,1,12,2000,2750,30000,1,nearest,1,4,0,1,50,true,past-avg,past-avg,SPATIAL_ISLANDS,Client Waiting Time [min],1,34.3,0.0,34.3,34.3,151.89,151.89,151.89
TaxiAlgorithmP2PCollector,1,12,2000,2750,30000,1,nearest,1,4,0,1,50,true,past-avg,past-avg,SPATIAL_ISLANDS,Client Travel Time [min],1,2656.06,0.0,2656.06,2656.06,9648.0,9648.0,9648.0
TaxiAlgorithmP2PCollector,1,12,2000,2750,30000,1,nearest,1,4,0,1,50,true,past-avg,past-avg,SPATIAL_ISLANDS,Calculation Time [millis],1,140.78,0.0,140.78,140.78,396.0,396.0,396.0
TaxiAlgorithmP2PCollector,1,12,2000,2750,30000,1,nearest,1,4,0,1,50,true,past-avg,past-avg,SPATIAL_ISLANDS,Custom Time [micros],1,0.0,0.0,0.0,0.0,0.0,0.0,0.0
TaxiAlgorithmP2PCollector,1,12,2000,2750,30000,1,nearest,1,4,0,1,50,true,past-avg,past-avg,SPATIAL_ISLANDS,Simulation Time [millis],1,141.63,0.0,141.63,141.63,397.0,397.0,397.0
TaxiAlgorithmSinglePassenger,0,-1,-1,60,800,1,n/a,-1,-1,-1,-1,-1,false,n/a,n/a,BASELINE,Taxi Travel Distance [km],1,83.52,0.0,83.52,83.52,121.74000000000001,121.74000000000001,121.74000000000001
TaxiAlgorithmSinglePassenger,0,-1,-1,60,800,1,n/a,-1,-1,-1,-1,-1,false,n/a,n/a,BASELINE,Client Waiting Time [min],1,0.78,0.0,0.78,0.78,4.12,4.12,4.12
TaxiAlgorithmSinglePassenger,0,-1,-1,60,800,1,n/a,-1,-1,-1,-1,-1,false,n/a,n/a,BASELINE,Client Travel Time [min],1,283.35,0.0,283.35,283.35,620.0,620.0,620.0
TaxiAlgorithmSinglePassenger,0,-1,-1,60,800,1,n/a,-1,-1,-1,-1,-1,false,n/a,n/a,BASELINE,Calculation Time [millis],1,0.0,0.0,0.0,0.0,1.0,1.0,1.0
TaxiAlgorithmSinglePassenger,0,-1,-1,60,800,1,n/a,-1,-1,-1,-1,-1,false,n/a,n/a,BASELINE,Custom Time [micros],1,0.0,0.0,0.0,0.0,0.0,0.0,0.0
TaxiAlgorithmSinglePassenger,0,-1,-1,60,800,1,n/a,-1,-1,-1,-1,-1,false,n/a,n/a,BASELINE,Simulation Time [millis],1,0.01,0.0,0.01,0.01,1.0,1.0,1.0
TaxiAlgorithmSinglePassenger,0,-1,-1,600,8000,1,n/a,-1,-1,-1,-1,-1,false,n/a,n/a,BASELINE,Taxi Travel Distance [km],1,73.34,0.0,73.34,73.34,160.22,160.22,160.22
TaxiAlgorithmSinglePassenger,0,-1,-1,600,8000,1,n/a,-1,-1,-1,-1,-1,false,n/a,n/a,BASELINE,Client Waiting Time [min],1,0.24,0.0,0.24,0.24,1.72,1.72,1.72
TaxiAlgorithmSinglePassenger,0,-1,-1,600,8000,1,n/a,-1,-1,-1,-1,-1,false,n/a,n/a,BASELINE,Client Travel Time [min],1,249.18,0.0,249.18,249.18,580.0,580.0,580.0
TaxiAlgorithmSinglePassenger,0,-1,-1,600,8000,1,n/a,-1,-1,-1,-1,-1,false,n/a,n/a,BASELINE,Calculation Time [millis],1,0.06,0.0,0.06,0.06,0.0,0.0,0.0
TaxiAlgorithmSinglePassenger,0,-1,-1,600,8000,1,n/a,-1,-1,-1,-1,-1,false,n/a,n/a,BASELINE,Custom Time [micros],1,0.0,0.0,0.0,0.0,0.0,0.0,0.0
TaxiAlgorithmSinglePassenger,0,-1,-1,600,8000,1,n/a,-1,-1,-1,-1,-1,false,n/a,n/a,BASELINE,Simulation Time [millis],1,0.15,0.0,0.15,0.15,6.0,6.0,6.0
TaxiAlgorithmSinglePassenger,0,-1,-1,2750,30000,1,n/a,-1,-1,-1,-1,-1,false,n/a,n/a,BASELINE,Taxi Travel Distance [km],1,175.28,0.0,175.28,175.28,413.09,413.09,413.09
TaxiAlgorithmSinglePassenger,0,-1,-1,2750,30000,1,n/a,-1,-1,-1,-1,-1,false,n/a,n/a,BASELINE,Client Waiting Time [min],1,0.37,0.0,0.37,0.37,2.3000000000000003,2.3000000000000003,2.3000000000000003
TaxiAlgorithmSinglePassenger,0,-1,-1,2750,30000,1,n/a,-1,-1,-1,-1,-1,false,n/a,n/a,BASELINE,Client Travel Time [min],1,725.07,0.0,725.07,725.07,1803.0,1803.0,1803.0
TaxiAlgorithmSinglePassenger,0,-1,-1,2750,30000,1,n/a,-1,-1,-1,-1,-1,false,n/a,n/a,BASELINE,Calculation Time [millis],1,0.5,0.0,0.5,0.5,23.0,23.0,23.0
TaxiAlgorithmSinglePassenger,0,-1,-1,2750,30000,1,n/a,-1,-1,-1,-1,-1,false,n/a,n/a,BASELINE,Custom Time [micros],1,0.0,0.0,0.0,0.0,0.0,0.0,0.0
TaxiAlgorithmSinglePassenger,0,-1,-1,2750,30000,1,n/a,-1,-1,-1,-1,-1,false,n/a,n/a,BASELINE,Simulation Time [millis],1,0.95,0.0,0.95,0.95,24.0,24.0,24.0
TaxiAlgorithmSinglePassenger,0,-1,-1,60,800,1,n/a,-1,-1,-1,-1,-1,false,n/a,n/a,RUSH_HOUR,Taxi Travel Distance [km],1,81.93,0.0,81.93,81.93,119.83000000000001,119.83000000000001,119.83000000000001
TaxiAlgorithmSinglePassenger,0,-1,-1,60,800,1,n/a,-1,-1,-1,-1,-1,false,n/a,n/a,RUSH_HOUR,Client Waiting Time [min],1,0.77,0.0,0.77,0.77,3.49,3.49,3.49
TaxiAlgorithmSinglePassenger,0,-1,-1,60,800,1,n/a,-1,-1,-1,-1,-1,false,n/a,n/a,RUSH_HOUR,Client Travel Time [min],1,278.12,0.0,278.12,278.12,694.0,694.0,694.0
TaxiAlgorithmSinglePassenger,0,-1,-1,60,800,1,n/a,-1,-1,-1,-1,-1,false,n/a,n/a,RUSH_HOUR,Calculation Time [millis],1,0.0,0.0,0.0,0.0,0.0,0.0,0.0
TaxiAlgorithmSinglePassenger,0,-1,-1,60,800,1,n/a,-1,-1,-1,-1,-1,false,n/a,n/a,RUSH_HOUR,Custom Time [micros],1,0.0,0.0,0.0,0.0,0.0,0.0,0.0
TaxiAlgorithmSinglePassenger,0,-1,-1,60,800,1,n/a,-1,-1,-1,-1,-1,false,n/a,n/a,RUSH_HOUR,Simulation Time [millis],1,0.01,0.0,0.01,0.01,0.0,0.0,0.0
TaxiAlgorithmSinglePassenger,0,-1,-1,600,8000,1,n/a,-1,-1,-1,-1,-1,false,n/a,n/a,RUSH_HOUR,Taxi Travel Distance [km],1,73.56,0.0,73.56,73.56,176.09,176.09,176.09
TaxiAlgorithmSinglePassenger,0,-1,-1,600,8000,1,n/a,-1,-1,-1,-1,-1,false,n/a,n/a,RUSH_HOUR,Client Waiting Time [min],1,0.26,0.0,0.26,0.26,2.47,2.47,2.47
TaxiAlgorithmSinglePassenger,0,-1,-1,600,8000,1,n/a,-1,-1,-1,-1,-1,false,n/a,n/a,RUSH_HOUR,Client Travel Time [min],1,250.33,0.0,250.33,250.33,571.0,571.0,571.0
TaxiAlgorithmSinglePassenger,0,-1,-1,600,8000,1,n/a,-1,-1,-1,-1,-1,false,n/a,n/a,RUSH_HOUR,Calculation Time [millis],1,0.06,0.0,0.06,0.06,4.0,4.0,4.0
TaxiAlgorithmSinglePassenger,0,-1,-1,600,8000,1,n/a,-1,-1,-1,-1,-1,false,n/a,n/a,RUSH_HOUR,Custom Time [micros],1,0.0,0.0,0.0,0.0,0.0,0.0,0.0
TaxiAlgorithmSinglePassenger,0,-1,-1,600,8000,1,n/a,-1,-1,-1,-1,-1,false,n/a,n/a,RUSH_HOUR,Simulation Time [millis],1,0.14,0.0,0.14,0.14,4.0,4.0,4.0
TaxiAlgorithmSinglePassenger,0,-1,-1,2750,30000,1,n/a,-1,-1,-1,-1,-1,false,n/a,n/a,RUSH_HOUR,Taxi Travel Distance [km],1,157.08,0.0,157.08,157.08,450.11,450.11,450.11
TaxiAlgorithmSinglePassenger,0,-1,-1,2750,30000,1,n/a,-1,-1,-1,-1,-1,false,n/a,n/a,RUSH_HOUR,Client Waiting Time [min],1,33.78,0.0,33.78,33.78,197.49,197.49,197.49
TaxiAlgorithmSinglePassenger,0,-1,-1,2750,30000,1,n/a,-1,-1,-1,-1,-1,false,n/a,n/a,RUSH_HOUR,Client Travel Time [min],1,2740.05,0.0,2740.05,2740.05,12463.0,12463.0,12463.0
TaxiAlgorithmSinglePassenger,0,-1,-1,2750,30000,1,n/a,-1,-1,-1,-1,-1,false,n/a,n/a,RUSH_HOUR,Calculation Time [millis],1,0.49,0.0,0.49,0.49,20.0,20.0,20.0
TaxiAlgorithmSinglePassenger,0,-1,-1,2750,30000,1,n/a,-1,-1,-1,-1,-1,false,n/a,n/a,RUSH_HOUR,Custom Time [micros],1,0.0,0.0,0.0,0.0,0.0,0.0,0.0
TaxiAlgorithmSinglePassenger,0,-1,-1,2750,30000,1,n/a,-1,-1,-1,-1,-1,false,n/a,n/a,RUSH_HOUR,Simulation Time [millis],1,0.98,0.0,0.98,0.98,20.0,20.0,20.0
TaxiAlgorithmSinglePassenger,0,-1,-1,60,800,1,n/a,-1,-1,-1,-1,-1,false,n/a,n/a,SPATIAL_IMBALANCE,Taxi Travel Distance [km],1,87.26,0.0,87.26,87.26,232.46,232.46,232.46
TaxiAlgorithmSinglePassenger,0,-1,-1,60,800,1,n/a,-1,-1,-1,-1,-1,false,n/a,n/a,SPATIAL_IMBALANCE,Client Waiting Time [min],1,1.56,0.0,1.56,1.56,4.1,4.1,4.1
TaxiAlgorithmSinglePassenger,0,-1,-1,60,800,1,n/a,-1,-1,-1,-1,-1,false,n/a,n/a,SPATIAL_IMBALANCE,Client Travel Time [min],1,295.97,0.0,295.97,295.97,593.0,593.0,593.0
TaxiAlgorithmSinglePassenger,0,-1,-1,60,800,1,n/a,-1,-1,-1,-1,-1,false,n/a,n/a,SPATIAL_IMBALANCE,Calculation Time [millis],1,0.0,0.0,0.0,0.0,0.0,0.0,0.0
TaxiAlgorithmSinglePassenger,0,-1,-1,60,800,1,n/a,-1,-1,-1,-1,-1,false,n/a,n/a,SPATIAL_IMBALANCE,Custom Time [micros],1,0.0,0.0,0.0,0.0,0.0,0.0,0.0
TaxiAlgorithmSinglePassenger,0,-1,-1,60,800,1,n/a,-1,-1,-1,-1,-1,false,n/a,n/a,SPATIAL_IMBALANCE,Simulation Time [millis],1,0.01,0.0,0.01,0.01,0.0,0.0,0.0
TaxiAlgorithmSinglePassenger,0,-1,-1,600,8000,1,n/a,-1,-1,-1,-1,-1,false,n/a,n/a,SPATIAL_IMBALANCE,Taxi Travel Distance [km],1,84.68,0.0,84.68,84.68,282.32,282.32,282.32
TaxiAlgorithmSinglePassenger,0,-1,-1,600,8000,1,n/a,-1,-1,-1,-1,-1,false,n/a,n/a,SPATIAL_IMBALANCE,Client Waiting Time [min],1,1.44,0.0,1.44,1.44,3.6500000000000004,3.6500000000000004,3.6500000000000004
TaxiAlgorithmSinglePassenger,0,-1,-1,600,8000,1,n/a,-1,-1,-1,-1,-1,false,n/a,n/a,SPATIAL_IMBALANCE,Client Travel Time [min],1,287.31,0.0,287.31,287.31,583.0,583.0,583.0
TaxiAlgorithmSinglePassenger,0,-1,-1,600,8000,1,n/a,-1,-1,-1,-1,-1,false,n/a,n/a,SPATIAL_IMBALANCE,Calculation Time [millis],1,0.07,0.0,0.07,0.07,30.0,30.0,30.0
TaxiAlgorithmSinglePassenger,0,-1,-1,600,8000,1,n/a,-1,-1,-1,-1,-1,false,n/a,n/a,SPATIAL_IMBALANCE,Custom Time [micros],1,0.0,0.0,0.0,0.0,0.0,0.0,0.0
TaxiAlgorithmSinglePassenger,0,-1,-1,600,8000,1,n/a,-1,-1,-1,-1,-1,false,n/a,n/a,SPATIAL_IMBALANCE,Simulation Time [millis],1,0.17,0.0,0.17,0.17,31.0,31.0,31.0
TaxiAlgorithmSinglePassenger,0,-1,-1,2750,30000,1,n/a,-1,-1,-1,-1,-1,false,n/a,n/a,SPATIAL_IMBALANCE,Taxi Travel Distance [km],1,205.2,0.0,205.2,205.2,715.73,715.73,715.73
TaxiAlgorithmSinglePassenger,0,-1,-1,2750,30000,1,n/a,-1,-1,-1,-1,-1,false,n/a,n/a,SPATIAL_IMBALANCE,Client Waiting Time [min],1,4.16,0.0,4.16,4.16,11.32,11.32,11.32
TaxiAlgorithmSinglePassenger,0,-1,-1,2750,30000,1,n/a,-1,-1,-1,-1,-1,false,n/a,n/a,SPATIAL_IMBALANCE,Client Travel Time [min],1,848.11,0.0,848.11,848.11,1774.0,1774.0,1774.0
TaxiAlgorithmSinglePassenger,0,-1,-1,2750,30000,1,n/a,-1,-1,-1,-1,-1,false,n/a,n/a,SPATIAL_IMBALANCE,Calculation Time [millis],1,0.5,0.0,0.5,0.5,26.0,26.0,26.0
TaxiAlgorithmSinglePassenger,0,-1,-1,2750,30000,1,n/a,-1,-1,-1,-1,-1,false,n/a,n/a,SPATIAL_IMBALANCE,Custom Time [micros],1,0.0,0.0,0.0,0.0,0.0,0.0,0.0
TaxiAlgorithmSinglePassenger,0,-1,-1,2750,30000,1,n/a,-1,-1,-1,-1,-1,false,n/a,n/a,SPATIAL_IMBALANCE,Simulation Time [millis],1,0.95,0.0,0.95,0.95,26.0,26.0,26.0
TaxiAlgorithmSinglePassenger,0,-1,-1,60,800,1,n/a,-1,-1,-1,-1,-1,false,n/a,n/a,SPATIAL_ISLANDS,Taxi Travel Distance [km],1,99.43,0.0,99.43,99.43,342.68,342.68,342.68
TaxiAlgorithmSinglePassenger,0,-1,-1,60,800,1,n/a,-1,-1,-1,-1,-1,false,n/a,n/a,SPATIAL_ISLANDS,Client Waiting Time [min],1,1.86,0.0,1.86,1.86,4.72,4.72,4.72
TaxiAlgorithmSinglePassenger,0,-1,-1,60,800,1,n/a,-1,-1,-1,-1,-1,false,n/a,n/a,SPATIAL_ISLANDS,Client Travel Time [min],1,336.88,0.0,336.88,336.88,682.0,682.0,682.0
TaxiAlgorithmSinglePassenger,0,-1,-1,60,800,1,n/a,-1,-1,-1,-1,-1,false,n/a,n/a,SPATIAL_ISLANDS,Calculation Time [millis],1,0.0,0.0,0.0,0.0,0.0,0.0,0.0
TaxiAlgorithmSinglePassenger,0,-1,-1,60,800,1,n/a,-1,-1,-1,-1,-1,false,n/a,n/a,SPATIAL_ISLANDS,Custom Time [micros],1,0.0,0.0,0.0,0.0,0.0,0.0,0.0
TaxiAlgorithmSinglePassenger,0,-1,-1,60,800,1,n/a,-1,-1,-1,-1,-1,false,n/a,n/a,SPATIAL_ISLANDS,Simulation Time [millis],1,0.01,0.0,0.01,0.01,0.0,0.0,0.0
TaxiAlgorithmSinglePassenger,0,-1,-1,600,8000,1,n/a,-1,-1,-1,-1,-1,false,n/a,n/a,SPATIAL_ISLANDS,Taxi Travel Distance [km],1,96.53,0.0,96.53,96.53,407.46,407.46,407.46
TaxiAlgorithmSinglePassenger,0,-1,-1,600,8000,1,n/a,-1,-1,-1,-1,-1,false,n/a,n/a,SPATIAL_ISLANDS,Client Waiting Time [min],1,1.73,0.0,1.73,1.73,5.27,5.27,5.27
TaxiAlgorithmSinglePassenger,0,-1,-1,600,8000,1,n/a,-1,-1,-1,-1,-1,false,n/a,n/a,SPATIAL_ISLANDS,Client Travel Time [min],1,327.26,0.0,327.26,327.26,779.0,779.0,779.0
TaxiAlgorithmSinglePassenger,0,-1,-1,600,8000,1,n/a,-1,-1,-1,-1,-1,false,n/a,n/a,SPATIAL_ISLANDS,Calculation Time [millis],1,0.06,0.0,0.06,0.06,5.0,5.0,5.0
TaxiAlgorithmSinglePassenger,0,-1,-1,600,8000,1,n/a,-1,-1,-1,-1,-1,false,n/a,n/a,SPATIAL_ISLANDS,Custom Time [micros],1,0.0,0.0,0.0,0.0,0.0,0.0,0.0
TaxiAlgorithmSinglePassenger,0,-1,-1,600,8000,1,n/a,-1,-1,-1,-1,-1,false,n/a,n/a,SPATIAL_ISLANDS,Simulation Time [millis],1,0.15,0.0,0.15,0.15,5.0,5.0,5.0
TaxiAlgorithmSinglePassenger,0,-1,-1,2750,30000,1,n/a,-1,-1,-1,-1,-1,false,n/a,n/a,SPATIAL_ISLANDS,Taxi Travel Distance [km],1,235.3,0.0,235.3,235.3,825.2,825.2,825.2
TaxiAlgorithmSinglePassenger,0,-1,-1,2750,30000,1,n/a,-1,-1,-1,-1,-1,false,n/a,n/a,SPATIAL_ISLANDS,Client Waiting Time [min],1,5.05,0.0,5.05,5.05,16.74,16.74,16.74
TaxiAlgorithmSinglePassenger,0,-1,-1,2750,30000,1,n/a,-1,-1,-1,-1,-1,false,n/a,n/a,SPATIAL_ISLANDS,Client Travel Time [min],1,972.17,0.0,972.17,972.17,2696.0,2696.0,2696.0
TaxiAlgorithmSinglePassenger,0,-1,-1,2750,30000,1,n/a,-1,-1,-1,-1,-1,false,n/a,n/a,SPATIAL_ISLANDS,Calculation Time [millis],1,0.49,0.0,0.49,0.49,25.0,25.0,25.0
TaxiAlgorithmSinglePassenger,0,-1,-1,2750,30000,1,n/a,-1,-1,-1,-1,-1,false,n/a,n/a,SPATIAL_ISLANDS,Custom Time [micros],1,0.0,0.0,0.0,0.0,0.0,0.0,0.0
TaxiAlgorithmSinglePassenger,0,-1,-1,2750,30000,1,n/a,-1,-1,-1,-1,-1,false,n/a,n/a,SPATIAL_ISLANDS,Simulation Time [millis],1,0.97,0.0,0.97,0.97,25.0,25.0,25.0
TaxiAlgorithmVehicleRouting,0,-1,-1,60,800,1,n/a,-1,-1,-1,-1,-1,false,n/a,n/a,BASELINE,Taxi Travel Distance [km],1,84.28,0.0,84.28,84.28,129.39000000000001,129.39000000000001,129.39000000000001
TaxiAlgorithmVehicleRouting,0,-1,-1,60,800,1,n/a,-1,-1,-1,-1,-1,false,n/a,n/a,BASELINE,Client Waiting Time [min],1,2.96,0.0,2.96,2.96,13.89,13.89,13.89
TaxiAlgorithmVehicleRouting,0,-1,-1,60,800,1,n/a,-1,-1,-1,-1,-1,false,n/a,n/a,BASELINE,Client Travel Time [min],1,298.83,0.0,298.83,298.83,903.0,903.0,903.0
TaxiAlgorithmVehicleRouting,0,-1,-1,60,800,1,n/a,-1,-1,-1,-1,-1,false,n/a,n/a,BASELINE,Calculation Time [millis],1,0.74,0.0,0.74,0.74,116.0,116.0,116.0
TaxiAlgorithmVehicleRouting,0,-1,-1,60,800,1,n/a,-1,-1,-1,-1,-1,false,n/a,n/a,BASELINE,Custom Time [micros],1,0.0,0.0,0.0,0.0,0.0,0.0,0.0
TaxiAlgorithmVehicleRouting,0,-1,-1,60,800,1,n/a,-1,-1,-1,-1,-1,false,n/a,n/a,BASELINE,Simulation Time [millis],1,0.74,0.0,0.74,0.74,116.0,116.0,116.0
